0 verbose cli F:\nodejs\node.exe F:\nodejs\node_modules\npm\bin\npm-cli.js
1 info using npm@10.9.3
2 info using node@v22.19.0
3 silly config load:file:F:\nodejs\node_modules\npm\npmrc
4 silly config load:file:D:\code\codeByCursor\AI_EXAM\frontend\.npmrc
5 silly config load:file:C:\Users\FFY\.npmrc
6 silly config load:file:D:\npm-global\etc\npmrc
7 verbose title npm install
8 verbose argv "install" "--cache" ".\\.npm-cache" "--prefer-online"
9 verbose logfile logs-max:10 dir:D:\code\codeByCursor\AI_EXAM\frontend\.npm-cache\_logs\2026-08-04T03_56_16_088Z-
10 verbose logfile D:\code\codeByCursor\AI_EXAM\frontend\.npm-cache\_logs\2026-08-04T03_56_16_088Z-debug-0.log
11 silly logfile done cleaning log files
12 silly packumentCache heap:4345298944 maxSize:1086324736 maxEntrySize:543162368
13 silly idealTree buildDeps
14 silly fetch manifest @element-plus/icons-vue@^2.3.1
15 silly packumentCache full:https://registry.npmmirror.com/@element-plus%2ficons-vue cache-miss
16 http fetch GET 200 https://registry.npmmirror.com/npm 196ms
17 http fetch GET 200 https://registry.npmmirror.com/@element-plus%2ficons-vue 160ms (cache miss)
18 silly packumentCache full:https://registry.npmmirror.com/@element-plus%2ficons-vue set size:34535 disposed:false
19 silly fetch manifest vue@^3.5.13
20 silly packumentCache full:https://registry.npmmirror.com/vue cache-miss
21 http fetch GET 200 https://registry.npmmirror.com/vue 101ms (cache miss)
22 silly packumentCache full:https://registry.npmmirror.com/vue set size:378506 disposed:false
23 silly fetch manifest typescript@*
24 silly packumentCache full:https://registry.npmmirror.com/typescript cache-miss
25 http fetch GET 200 https://registry.npmmirror.com/typescript 509ms (cache miss)
26 silly packumentCache full:https://registry.npmmirror.com/typescript set size:1698940 disposed:false
27 silly fetch manifest axios@^1.7.9
28 silly packumentCache full:https://registry.npmmirror.com/axios cache-miss
29 http fetch GET 200 https://registry.npmmirror.com/axios 79ms (cache miss)
30 silly packumentCache full:https://registry.npmmirror.com/axios set size:139096 disposed:false
31 silly fetch manifest echarts@^5.5.1
32 silly packumentCache full:https://registry.npmmirror.com/echarts cache-miss
33 http fetch GET 200 https://registry.npmmirror.com/echarts 37ms (cache miss)
34 silly packumentCache full:https://registry.npmmirror.com/echarts set size:63533 disposed:false
35 silly fetch manifest element-plus@^2.9.1
36 silly packumentCache full:https://registry.npmmirror.com/element-plus cache-miss
37 http fetch GET 200 https://registry.npmmirror.com/element-plus 70ms (cache miss)
38 silly packumentCache full:https://registry.npmmirror.com/element-plus set size:166419 disposed:false
39 silly fetch manifest pinia@^2.3.0
40 silly packumentCache full:https://registry.npmmirror.com/pinia cache-miss
41 http fetch GET 200 https://registry.npmmirror.com/pinia 37ms (cache miss)
42 silly packumentCache full:https://registry.npmmirror.com/pinia set size:79489 disposed:false
43 silly fetch manifest typescript@>=4.4.4
44 silly packumentCache full:https://registry.npmmirror.com/typescript cache-miss
45 http fetch GET 200 https://registry.npmmirror.com/typescript 66ms (cache revalidated)
46 silly packumentCache full:https://registry.npmmirror.com/typescript set size:14762259 disposed:false
47 silly fetch manifest vue-router@^4.5.0
48 silly packumentCache full:https://registry.npmmirror.com/vue-router cache-miss
49 http fetch GET 200 https://registry.npmmirror.com/vue-router 77ms (cache miss)
50 silly packumentCache full:https://registry.npmmirror.com/vue-router set size:132017 disposed:false
51 silly fetch manifest @vitejs/plugin-vue@^5.2.1
52 silly packumentCache full:https://registry.npmmirror.com/@vitejs%2fplugin-vue cache-miss
53 http fetch GET 200 https://registry.npmmirror.com/@vitejs%2fplugin-vue 69ms (cache miss)
54 silly packumentCache full:https://registry.npmmirror.com/@vitejs%2fplugin-vue set size:79300 disposed:false
55 silly fetch manifest vite@^5.4.11
56 silly packumentCache full:https://registry.npmmirror.com/vite cache-miss
57 http fetch GET 200 https://registry.npmmirror.com/vite 723ms (cache miss)
58 silly packumentCache full:https://registry.npmmirror.com/vite set size:6248180 disposed:false
59 silly fetch manifest @types/node@^18.0.0 || >=20.0.0
60 silly packumentCache full:https://registry.npmmirror.com/@types%2fnode cache-miss
61 http fetch GET 200 https://registry.npmmirror.com/@types%2fnode 183ms (cache miss)
62 silly packumentCache full:https://registry.npmmirror.com/@types%2fnode set size:1166791 disposed:false
63 silly fetch manifest less@*
64 silly packumentCache full:https://registry.npmmirror.com/less cache-miss
65 http fetch GET 200 https://registry.npmmirror.com/less 95ms (cache miss)
66 silly packumentCache full:https://registry.npmmirror.com/less set size:55905 disposed:false
67 silly fetch manifest lightningcss@^1.21.0
68 silly packumentCache full:https://registry.npmmirror.com/lightningcss cache-miss
69 http fetch GET 200 https://registry.npmmirror.com/lightningcss 50ms (cache miss)
70 silly packumentCache full:https://registry.npmmirror.com/lightningcss set size:32915 disposed:false
71 silly fetch manifest sass@*
72 silly packumentCache full:https://registry.npmmirror.com/sass cache-miss
73 http fetch GET 200 https://registry.npmmirror.com/sass 39ms (cache miss)
74 silly packumentCache full:https://registry.npmmirror.com/sass set size:128938 disposed:false
75 silly fetch manifest sass-embedded@*
76 silly packumentCache full:https://registry.npmmirror.com/sass-embedded cache-miss
77 http fetch GET 200 https://registry.npmmirror.com/sass-embedded 40ms (cache miss)
78 silly packumentCache full:https://registry.npmmirror.com/sass-embedded set size:75560 disposed:false
79 silly fetch manifest stylus@*
80 silly packumentCache full:https://registry.npmmirror.com/stylus cache-miss
81 http fetch GET 200 https://registry.npmmirror.com/stylus 77ms (cache miss)
82 silly packumentCache full:https://registry.npmmirror.com/stylus set size:65242 disposed:false
83 silly fetch manifest sugarss@*
84 silly packumentCache full:https://registry.npmmirror.com/sugarss cache-miss
85 http fetch GET 200 https://registry.npmmirror.com/sugarss 56ms (cache miss)
86 silly packumentCache full:https://registry.npmmirror.com/sugarss set size:8151 disposed:false
87 silly fetch manifest postcss@^8.3.3
88 silly packumentCache full:https://registry.npmmirror.com/postcss cache-miss
89 http fetch GET 200 https://registry.npmmirror.com/postcss 79ms (cache miss)
90 silly packumentCache full:https://registry.npmmirror.com/postcss set size:102622 disposed:false
91 silly fetch manifest terser@^5.4.0
92 silly packumentCache full:https://registry.npmmirror.com/terser cache-miss
93 http fetch GET 200 https://registry.npmmirror.com/terser 66ms (cache miss)
94 silly packumentCache full:https://registry.npmmirror.com/terser set size:112184 disposed:false
95 silly placeDep ROOT @element-plus/icons-vue@2.3.2 OK for: agri-smart-farm-v2@2.0.0 want: ^2.3.1
96 silly placeDep ROOT vue@3.5.40 OK for: @element-plus/icons-vue@2.3.2 want: ^3.2.0
97 silly placeDep ROOT @vitejs/plugin-vue@5.2.4 OK for: agri-smart-farm-v2@2.0.0 want: ^5.2.1
98 silly placeDep ROOT vite@5.4.21 OK for: @vitejs/plugin-vue@5.2.4 want: ^5.0.0 || ^6.0.0
99 silly placeDep ROOT axios@1.19.0 OK for: agri-smart-farm-v2@2.0.0 want: ^1.7.9
100 silly placeDep ROOT echarts@5.6.0 OK for: agri-smart-farm-v2@2.0.0 want: ^5.5.1
101 silly placeDep ROOT element-plus@2.14.3 OK for: agri-smart-farm-v2@2.0.0 want: ^2.9.1
102 silly placeDep ROOT pinia@2.3.1 OK for: agri-smart-farm-v2@2.0.0 want: ^2.3.0
103 silly placeDep ROOT vue-router@4.6.4 OK for: agri-smart-farm-v2@2.0.0 want: ^4.5.0
104 silly fetch manifest @vue/shared@3.5.40
105 silly packumentCache full:https://registry.npmmirror.com/@vue%2fshared cache-miss
106 silly fetch manifest @vue/runtime-dom@3.5.40
107 silly packumentCache full:https://registry.npmmirror.com/@vue%2fruntime-dom cache-miss
108 silly fetch manifest @vue/compiler-dom@3.5.40
109 silly packumentCache full:https://registry.npmmirror.com/@vue%2fcompiler-dom cache-miss
110 silly fetch manifest @vue/compiler-sfc@3.5.40
111 silly packumentCache full:https://registry.npmmirror.com/@vue%2fcompiler-sfc cache-miss
112 silly fetch manifest @vue/server-renderer@3.5.40
113 silly packumentCache full:https://registry.npmmirror.com/@vue%2fserver-renderer cache-miss
114 silly fetch manifest esbuild@^0.21.3
115 silly packumentCache full:https://registry.npmmirror.com/esbuild cache-miss
116 silly fetch manifest postcss@^8.4.43
117 silly packumentCache full:https://registry.npmmirror.com/postcss cache-hit
118 silly fetch manifest rollup@^4.20.0
119 silly packumentCache full:https://registry.npmmirror.com/rollup cache-miss
120 silly fetch manifest fsevents@~2.3.3
121 silly packumentCache full:https://registry.npmmirror.com/fsevents cache-miss
122 silly fetch manifest form-data@^4.0.6
123 silly packumentCache full:https://registry.npmmirror.com/form-data cache-miss
124 silly fetch manifest proxy-from-env@^2.1.0
125 silly packumentCache full:https://registry.npmmirror.com/proxy-from-env cache-miss
126 silly fetch manifest follow-redirects@^1.16.0
127 silly packumentCache full:https://registry.npmmirror.com/follow-redirects cache-miss
128 silly fetch manifest https-proxy-agent@^5.0.1
129 silly packumentCache full:https://registry.npmmirror.com/https-proxy-agent cache-miss
130 silly fetch manifest tslib@2.3.0
131 silly packumentCache full:https://registry.npmmirror.com/tslib cache-miss
132 silly fetch manifest zrender@5.6.1
133 silly packumentCache full:https://registry.npmmirror.com/zrender cache-miss
134 silly fetch manifest @ctrl/tinycolor@^4.2.0
135 silly packumentCache full:https://registry.npmmirror.com/@ctrl%2ftinycolor cache-miss
136 http fetch GET 200 https://registry.npmmirror.com/@vue%2fshared 89ms (cache miss)
137 silly packumentCache full:https://registry.npmmirror.com/@vue%2fshared set size:114802 disposed:false
138 silly fetch manifest @floating-ui/dom@^1.7.6
139 silly packumentCache full:https://registry.npmmirror.com/@floating-ui%2fdom cache-miss
140 http fetch GET 200 https://registry.npmmirror.com/@vue%2fruntime-dom 98ms (cache miss)
141 silly packumentCache full:https://registry.npmmirror.com/@vue%2fruntime-dom set size:122573 disposed:false
142 silly fetch manifest @popperjs/core@npm:@sxzz/popperjs-es@^2.11.8
143 silly packumentCache full:https://registry.npmmirror.com/@sxzz%2fpopperjs-es cache-miss
144 http fetch GET 200 https://registry.npmmirror.com/proxy-from-env 138ms (cache miss)
145 silly packumentCache full:https://registry.npmmirror.com/proxy-from-env set size:6518 disposed:false
146 silly fetch manifest @types/lodash@^4.17.24
147 silly packumentCache full:https://registry.npmmirror.com/@types%2flodash cache-miss
148 http fetch GET 200 https://registry.npmmirror.com/fsevents 207ms (cache miss)
149 silly packumentCache full:https://registry.npmmirror.com/fsevents set size:16344 disposed:false
150 silly fetch manifest @types/lodash-es@^4.17.12
151 silly packumentCache full:https://registry.npmmirror.com/@types%2flodash-es cache-miss
152 http fetch GET 200 https://registry.npmmirror.com/zrender 213ms (cache miss)
153 silly packumentCache full:https://registry.npmmirror.com/zrender set size:34218 disposed:false
154 silly fetch manifest @vueuse/core@14.3.0
155 silly packumentCache full:https://registry.npmmirror.com/@vueuse%2fcore cache-miss
156 http fetch GET 200 https://registry.npmmirror.com/https-proxy-agent 226ms (cache miss)
157 silly packumentCache full:https://registry.npmmirror.com/https-proxy-agent set size:16374 disposed:false
158 silly fetch manifest async-validator@^4.2.5
159 silly packumentCache full:https://registry.npmmirror.com/async-validator cache-miss
160 http fetch GET 200 https://registry.npmmirror.com/@sxzz%2fpopperjs-es 137ms (cache miss)
161 silly packumentCache full:https://registry.npmmirror.com/@sxzz%2fpopperjs-es set size:13147 disposed:false
162 silly fetch manifest dayjs@^1.11.20
163 silly packumentCache full:https://registry.npmmirror.com/dayjs cache-miss
164 http fetch GET 200 https://registry.npmmirror.com/tslib 243ms (cache miss)
165 silly packumentCache full:https://registry.npmmirror.com/tslib set size:33198 disposed:false
166 silly fetch manifest lodash@^4.18.1
167 silly packumentCache full:https://registry.npmmirror.com/lodash cache-miss
168 http fetch GET 200 https://registry.npmmirror.com/@ctrl%2ftinycolor 253ms (cache miss)
169 silly packumentCache full:https://registry.npmmirror.com/@ctrl%2ftinycolor set size:30467 disposed:false
170 silly fetch manifest lodash-es@^4.18.1
171 silly packumentCache full:https://registry.npmmirror.com/lodash-es cache-miss
172 http fetch GET 200 https://registry.npmmirror.com/@floating-ui%2fdom 171ms (cache miss)
173 silly packumentCache full:https://registry.npmmirror.com/@floating-ui%2fdom set size:62214 disposed:false
174 silly fetch manifest lodash-unified@^1.0.3
175 silly packumentCache full:https://registry.npmmirror.com/lodash-unified cache-miss
176 http fetch GET 200 https://registry.npmmirror.com/@vue%2fcompiler-dom 286ms (cache miss)
177 silly packumentCache full:https://registry.npmmirror.com/@vue%2fcompiler-dom set size:122295 disposed:false
178 silly fetch manifest memoize-one@^6.0.0
179 silly packumentCache full:https://registry.npmmirror.com/memoize-one cache-miss
180 http fetch GET 200 https://registry.npmmirror.com/@vue%2fserver-renderer 304ms (cache miss)
181 silly packumentCache full:https://registry.npmmirror.com/@vue%2fserver-renderer set size:122810 disposed:false
182 silly fetch manifest normalize-wheel-es@^1.2.0
183 silly packumentCache full:https://registry.npmmirror.com/normalize-wheel-es cache-miss
184 http fetch GET 200 https://registry.npmmirror.com/@types%2flodash-es 125ms (cache miss)
185 silly packumentCache full:https://registry.npmmirror.com/@types%2flodash-es set size:9010 disposed:false
186 silly fetch manifest vue-component-type-helpers@^3.3.5
187 silly packumentCache full:https://registry.npmmirror.com/vue-component-type-helpers cache-miss
188 http fetch GET 200 https://registry.npmmirror.com/@types%2flodash 221ms (cache miss)
189 silly packumentCache full:https://registry.npmmirror.com/@types%2flodash set size:79172 disposed:false
190 silly fetch manifest @vue/devtools-api@^6.6.3
191 silly packumentCache full:https://registry.npmmirror.com/@vue%2fdevtools-api cache-miss
192 http fetch GET 200 https://registry.npmmirror.com/esbuild 380ms (cache miss)
193 silly packumentCache full:https://registry.npmmirror.com/esbuild set size:214167 disposed:false
194 silly fetch manifest vue-demi@^0.14.10
195 silly packumentCache full:https://registry.npmmirror.com/vue-demi cache-miss
196 http fetch GET 200 https://registry.npmmirror.com/lodash-unified 135ms (cache miss)
197 silly packumentCache full:https://registry.npmmirror.com/lodash-unified set size:4317 disposed:false
198 silly fetch manifest @vue/devtools-api@^6.6.4
199 silly packumentCache full:https://registry.npmmirror.com/@vue%2fdevtools-api cache-miss
200 http fetch GET 200 https://registry.npmmirror.com/async-validator 178ms (cache miss)
201 silly packumentCache full:https://registry.npmmirror.com/async-validator set size:33991 disposed:false
202 http fetch GET 200 https://registry.npmmirror.com/normalize-wheel-es 105ms (cache miss)
203 silly packumentCache full:https://registry.npmmirror.com/normalize-wheel-es set size:5576 disposed:false
204 http fetch GET 200 https://registry.npmmirror.com/memoize-one 128ms (cache miss)
205 silly packumentCache full:https://registry.npmmirror.com/memoize-one set size:21734 disposed:false
206 http fetch GET 200 https://registry.npmmirror.com/@vue%2fcompiler-sfc 429ms (cache miss)
207 silly packumentCache full:https://registry.npmmirror.com/@vue%2fcompiler-sfc set size:170117 disposed:false
208 http fetch GET 200 https://registry.npmmirror.com/lodash 194ms (cache miss)
209 silly packumentCache full:https://registry.npmmirror.com/lodash set size:29166 disposed:false
210 http fetch GET 200 https://registry.npmmirror.com/lodash-es 185ms (cache miss)
211 silly packumentCache full:https://registry.npmmirror.com/lodash-es set size:18574 disposed:false
212 http fetch GET 200 https://registry.npmmirror.com/form-data 448ms (cache miss)
213 silly packumentCache full:https://registry.npmmirror.com/form-data set size:27205 disposed:false
214 http fetch GET 200 https://registry.npmmirror.com/dayjs 222ms (cache miss)
215 silly packumentCache full:https://registry.npmmirror.com/dayjs set size:59028 disposed:false
216 http fetch GET 200 https://registry.npmmirror.com/@vueuse%2fcore 268ms (cache miss)
217 silly packumentCache full:https://registry.npmmirror.com/@vueuse%2fcore set size:177526 disposed:false
218 http fetch GET 200 https://registry.npmmirror.com/follow-redirects 505ms (cache miss)
219 silly packumentCache full:https://registry.npmmirror.com/follow-redirects set size:30122 disposed:false
220 http fetch GET 200 https://registry.npmmirror.com/vue-component-type-helpers 173ms (cache miss)
221 silly packumentCache full:https://registry.npmmirror.com/vue-component-type-helpers set size:74767 disposed:false
222 http fetch GET 200 https://registry.npmmirror.com/vue-demi 117ms (cache miss)
223 silly packumentCache full:https://registry.npmmirror.com/vue-demi set size:41379 disposed:false
224 http fetch GET 200 https://registry.npmmirror.com/@vue%2fdevtools-api 156ms (cache miss)
225 silly packumentCache full:https://registry.npmmirror.com/@vue%2fdevtools-api set size:72841 disposed:false
226 http fetch GET 200 https://registry.npmmirror.com/@vue%2fdevtools-api 135ms (cache miss)
227 silly packumentCache full:https://registry.npmmirror.com/@vue%2fdevtools-api set size:72841 disposed:false
228 silly packumentCache full:https://registry.npmmirror.com/@vue%2fdevtools-api dispose
229 http fetch GET 200 https://registry.npmmirror.com/rollup 566ms (cache miss)
230 silly packumentCache full:https://registry.npmmirror.com/rollup set size:694656 disposed:false
231 silly placeDep ROOT follow-redirects@1.16.0 OK for: axios@1.19.0 want: ^1.16.0
232 silly placeDep ROOT form-data@4.0.6 OK for: axios@1.19.0 want: ^4.0.6
233 silly placeDep ROOT https-proxy-agent@5.0.1 OK for: axios@1.19.0 want: ^5.0.1
234 silly placeDep ROOT proxy-from-env@2.1.0 OK for: axios@1.19.0 want: ^2.1.0
235 silly fetch manifest hasown@^2.0.4
236 silly packumentCache full:https://registry.npmmirror.com/hasown cache-miss
237 silly fetch manifest asynckit@^0.4.0
238 silly packumentCache full:https://registry.npmmirror.com/asynckit cache-miss
239 silly fetch manifest mime-types@^2.1.35
240 silly packumentCache full:https://registry.npmmirror.com/mime-types cache-miss
241 silly fetch manifest combined-stream@^1.0.8
242 silly packumentCache full:https://registry.npmmirror.com/combined-stream cache-miss
243 silly fetch manifest es-set-tostringtag@^2.1.0
244 silly packumentCache full:https://registry.npmmirror.com/es-set-tostringtag cache-miss
245 silly fetch manifest agent-base@6
246 silly packumentCache full:https://registry.npmmirror.com/agent-base cache-miss
247 silly fetch manifest debug@4
248 silly packumentCache full:https://registry.npmmirror.com/debug cache-miss
249 http fetch GET 200 https://registry.npmmirror.com/asynckit 27ms (cache miss)
250 silly packumentCache full:https://registry.npmmirror.com/asynckit set size:4942 disposed:false
251 http fetch GET 200 https://registry.npmmirror.com/es-set-tostringtag 33ms (cache miss)
252 silly packumentCache full:https://registry.npmmirror.com/es-set-tostringtag set size:6558 disposed:false
253 http fetch GET 200 https://registry.npmmirror.com/combined-stream 35ms (cache miss)
254 silly packumentCache full:https://registry.npmmirror.com/combined-stream set size:7154 disposed:false
255 http fetch GET 200 https://registry.npmmirror.com/agent-base 56ms (cache miss)
256 silly packumentCache full:https://registry.npmmirror.com/agent-base set size:13928 disposed:false
257 http fetch GET 200 https://registry.npmmirror.com/hasown 61ms (cache miss)
258 silly packumentCache full:https://registry.npmmirror.com/hasown set size:4802 disposed:false
259 http fetch GET 200 https://registry.npmmirror.com/mime-types 63ms (cache miss)
260 silly packumentCache full:https://registry.npmmirror.com/mime-types set size:21367 disposed:false
261 http fetch GET 200 https://registry.npmmirror.com/debug 82ms (cache miss)
262 silly packumentCache full:https://registry.npmmirror.com/debug set size:32036 disposed:false
263 silly placeDep ROOT tslib@2.3.0 OK for: echarts@5.6.0 want: 2.3.0
264 silly placeDep ROOT zrender@5.6.1 OK for: echarts@5.6.0 want: 5.6.1
265 silly fetch manifest vue@^3.3.7
266 silly packumentCache full:https://registry.npmmirror.com/vue cache-hit
267 silly placeDep ROOT @ctrl/tinycolor@4.2.0 OK for: element-plus@2.14.3 want: ^4.2.0
268 silly placeDep ROOT @floating-ui/dom@1.8.0 OK for: element-plus@2.14.3 want: ^1.7.6
269 silly placeDep ROOT @popperjs/core@2.11.8 OK for: element-plus@2.14.3 want: npm:@sxzz/popperjs-es@^2.11.8
270 silly placeDep ROOT @types/lodash@4.17.25 OK for: element-plus@2.14.3 want: ^4.17.24
271 silly placeDep ROOT @types/lodash-es@4.17.12 OK for: element-plus@2.14.3 want: ^4.17.12
272 silly placeDep ROOT @vueuse/core@14.3.0 OK for: element-plus@2.14.3 want: 14.3.0
273 silly placeDep ROOT async-validator@4.2.5 OK for: element-plus@2.14.3 want: ^4.2.5
274 silly placeDep ROOT dayjs@1.11.21 OK for: element-plus@2.14.3 want: ^1.11.20
275 silly placeDep ROOT lodash@4.18.1 OK for: element-plus@2.14.3 want: ^4.18.1
276 silly placeDep ROOT lodash-es@4.18.1 OK for: element-plus@2.14.3 want: ^4.18.1
277 silly placeDep ROOT lodash-unified@1.0.3 OK for: element-plus@2.14.3 want: ^1.0.3
278 silly placeDep ROOT memoize-one@6.0.0 OK for: element-plus@2.14.3 want: ^6.0.0
279 silly placeDep ROOT normalize-wheel-es@1.2.0 OK for: element-plus@2.14.3 want: ^1.2.0
280 silly placeDep ROOT vue-component-type-helpers@3.3.9 OK for: element-plus@2.14.3 want: ^3.3.5
281 silly fetch manifest @floating-ui/core@^1.8.0
282 silly packumentCache full:https://registry.npmmirror.com/@floating-ui%2fcore cache-miss
283 silly fetch manifest @floating-ui/utils@^0.2.12
284 silly packumentCache full:https://registry.npmmirror.com/@floating-ui%2futils cache-miss
285 silly fetch manifest @types/web-bluetooth@^0.0.21
286 silly packumentCache full:https://registry.npmmirror.com/@types%2fweb-bluetooth cache-miss
287 silly fetch manifest @vueuse/metadata@14.3.0
288 silly packumentCache full:https://registry.npmmirror.com/@vueuse%2fmetadata cache-miss
289 silly fetch manifest @vueuse/shared@14.3.0
290 silly packumentCache full:https://registry.npmmirror.com/@vueuse%2fshared cache-miss
291 http fetch GET 200 https://registry.npmmirror.com/@floating-ui%2futils 25ms (cache miss)
292 silly packumentCache full:https://registry.npmmirror.com/@floating-ui%2futils set size:9380 disposed:false
293 http fetch GET 200 https://registry.npmmirror.com/@types%2fweb-bluetooth 41ms (cache miss)
294 silly packumentCache full:https://registry.npmmirror.com/@types%2fweb-bluetooth set size:11994 disposed:false
295 http fetch GET 200 https://registry.npmmirror.com/@floating-ui%2fcore 47ms (cache miss)
296 silly packumentCache full:https://registry.npmmirror.com/@floating-ui%2fcore set size:46654 disposed:false
297 http fetch GET 200 https://registry.npmmirror.com/@vueuse%2fmetadata 76ms (cache miss)
298 silly packumentCache full:https://registry.npmmirror.com/@vueuse%2fmetadata set size:88719 disposed:false
299 http fetch GET 200 https://registry.npmmirror.com/@vueuse%2fshared 91ms (cache miss)
300 silly packumentCache full:https://registry.npmmirror.com/@vueuse%2fshared set size:136196 disposed:false
301 silly placeDep ROOT @floating-ui/core@1.8.0 OK for: @floating-ui/dom@1.8.0 want: ^1.8.0
302 silly placeDep ROOT @floating-ui/utils@0.2.12 OK for: @floating-ui/dom@1.8.0 want: ^0.2.12
303 silly fetch manifest vue@^3.5.0
304 silly packumentCache full:https://registry.npmmirror.com/vue cache-hit
305 silly placeDep ROOT @types/web-bluetooth@0.0.21 OK for: @vueuse/core@14.3.0 want: ^0.0.21
306 silly placeDep ROOT @vueuse/metadata@14.3.0 OK for: @vueuse/core@14.3.0 want: 14.3.0
307 silly placeDep ROOT @vueuse/shared@14.3.0 OK for: @vueuse/core@14.3.0 want: 14.3.0
308 silly placeDep ROOT asynckit@0.4.0 OK for: form-data@4.0.6 want: ^0.4.0
309 silly placeDep ROOT combined-stream@1.0.8 OK for: form-data@4.0.6 want: ^1.0.8
310 silly placeDep ROOT es-set-tostringtag@2.1.0 OK for: form-data@4.0.6 want: ^2.1.0
311 silly placeDep ROOT hasown@2.0.4 OK for: form-data@4.0.6 want: ^2.0.4
312 silly placeDep ROOT mime-types@2.1.35 OK for: form-data@4.0.6 want: ^2.1.35
313 silly fetch manifest delayed-stream@~1.0.0
314 silly packumentCache full:https://registry.npmmirror.com/delayed-stream cache-miss
315 silly fetch manifest es-errors@^1.3.0
316 silly packumentCache full:https://registry.npmmirror.com/es-errors cache-miss
317 silly fetch manifest get-intrinsic@^1.2.6
318 silly packumentCache full:https://registry.npmmirror.com/get-intrinsic cache-miss
319 silly fetch manifest has-tostringtag@^1.0.2
320 silly packumentCache full:https://registry.npmmirror.com/has-tostringtag cache-miss
321 silly fetch manifest hasown@^2.0.2
322 silly packumentCache full:https://registry.npmmirror.com/hasown cache-hit
323 silly fetch manifest function-bind@^1.1.2
324 silly packumentCache full:https://registry.npmmirror.com/function-bind cache-miss
325 silly fetch manifest mime-db@1.52.0
326 silly packumentCache full:https://registry.npmmirror.com/mime-db cache-miss
327 http fetch GET 200 https://registry.npmmirror.com/delayed-stream 27ms (cache miss)
328 silly packumentCache full:https://registry.npmmirror.com/delayed-stream set size:4333 disposed:false
329 http fetch GET 200 https://registry.npmmirror.com/function-bind 28ms (cache miss)
330 silly packumentCache full:https://registry.npmmirror.com/function-bind set size:4376 disposed:false
331 http fetch GET 200 https://registry.npmmirror.com/has-tostringtag 30ms (cache miss)
332 silly packumentCache full:https://registry.npmmirror.com/has-tostringtag set size:3448 disposed:false
333 http fetch GET 200 https://registry.npmmirror.com/es-errors 31ms (cache miss)
334 silly packumentCache full:https://registry.npmmirror.com/es-errors set size:4030 disposed:false
335 http fetch GET 200 https://registry.npmmirror.com/get-intrinsic 33ms (cache miss)
336 silly packumentCache full:https://registry.npmmirror.com/get-intrinsic set size:11575 disposed:false
337 http fetch GET 200 https://registry.npmmirror.com/mime-db 42ms (cache miss)
338 silly packumentCache full:https://registry.npmmirror.com/mime-db set size:24206 disposed:false
339 silly placeDep ROOT delayed-stream@1.0.0 OK for: combined-stream@1.0.8 want: ~1.0.0
340 silly placeDep ROOT es-errors@1.3.0 OK for: es-set-tostringtag@2.1.0 want: ^1.3.0
341 silly placeDep ROOT get-intrinsic@1.3.0 OK for: es-set-tostringtag@2.1.0 want: ^1.2.6
342 silly placeDep ROOT has-tostringtag@1.0.2 OK for: es-set-tostringtag@2.1.0 want: ^1.0.2
343 silly fetch manifest call-bind-apply-helpers@^1.0.2
344 silly packumentCache full:https://registry.npmmirror.com/call-bind-apply-helpers cache-miss
345 silly fetch manifest es-define-property@^1.0.1
346 silly packumentCache full:https://registry.npmmirror.com/es-define-property cache-miss
347 silly fetch manifest es-object-atoms@^1.1.1
348 silly packumentCache full:https://registry.npmmirror.com/es-object-atoms cache-miss
349 silly fetch manifest get-proto@^1.0.1
350 silly packumentCache full:https://registry.npmmirror.com/get-proto cache-miss
351 silly fetch manifest gopd@^1.2.0
352 silly packumentCache full:https://registry.npmmirror.com/gopd cache-miss
353 silly fetch manifest has-symbols@^1.1.0
354 silly packumentCache full:https://registry.npmmirror.com/has-symbols cache-miss
355 silly fetch manifest math-intrinsics@^1.1.0
356 silly packumentCache full:https://registry.npmmirror.com/math-intrinsics cache-miss
357 silly fetch manifest has-symbols@^1.0.3
358 silly packumentCache full:https://registry.npmmirror.com/has-symbols cache-miss
359 http fetch GET 200 https://registry.npmmirror.com/es-define-property 31ms (cache miss)
360 silly packumentCache full:https://registry.npmmirror.com/es-define-property set size:2896 disposed:false
361 http fetch GET 200 https://registry.npmmirror.com/gopd 34ms (cache miss)
362 silly packumentCache full:https://registry.npmmirror.com/gopd set size:3962 disposed:false
363 http fetch GET 200 https://registry.npmmirror.com/has-symbols 40ms (cache miss)
364 silly packumentCache full:https://registry.npmmirror.com/has-symbols set size:5325 disposed:false
365 http fetch GET 200 https://registry.npmmirror.com/has-symbols 42ms (cache miss)
366 silly packumentCache full:https://registry.npmmirror.com/has-symbols set size:5325 disposed:false
367 silly packumentCache full:https://registry.npmmirror.com/has-symbols dispose
368 http fetch GET 200 https://registry.npmmirror.com/call-bind-apply-helpers 49ms (cache miss)
369 silly packumentCache full:https://registry.npmmirror.com/call-bind-apply-helpers set size:3532 disposed:false
370 http fetch GET 200 https://registry.npmmirror.com/get-proto 57ms (cache miss)
371 silly packumentCache full:https://registry.npmmirror.com/get-proto set size:2799 disposed:false
372 http fetch GET 200 https://registry.npmmirror.com/math-intrinsics 60ms (cache miss)
373 silly packumentCache full:https://registry.npmmirror.com/math-intrinsics set size:3012 disposed:false
374 http fetch GET 200 https://registry.npmmirror.com/es-object-atoms 65ms (cache miss)
375 silly packumentCache full:https://registry.npmmirror.com/es-object-atoms set size:4324 disposed:false
376 silly placeDep ROOT call-bind-apply-helpers@1.0.2 OK for: get-intrinsic@1.3.0 want: ^1.0.2
377 silly placeDep ROOT es-define-property@1.0.1 OK for: get-intrinsic@1.3.0 want: ^1.0.1
378 silly placeDep ROOT es-object-atoms@1.1.2 OK for: get-intrinsic@1.3.0 want: ^1.1.1
379 silly placeDep ROOT function-bind@1.1.2 OK for: get-intrinsic@1.3.0 want: ^1.1.2
380 silly placeDep ROOT get-proto@1.0.1 OK for: get-intrinsic@1.3.0 want: ^1.0.1
381 silly placeDep ROOT gopd@1.2.0 OK for: get-intrinsic@1.3.0 want: ^1.2.0
382 silly placeDep ROOT has-symbols@1.1.0 OK for: get-intrinsic@1.3.0 want: ^1.1.0
383 silly placeDep ROOT math-intrinsics@1.1.0 OK for: get-intrinsic@1.3.0 want: ^1.1.0
384 silly fetch manifest dunder-proto@^1.0.1
385 silly packumentCache full:https://registry.npmmirror.com/dunder-proto cache-miss
386 http fetch GET 200 https://registry.npmmirror.com/dunder-proto 34ms (cache miss)
387 silly packumentCache full:https://registry.npmmirror.com/dunder-proto set size:2798 disposed:false
388 silly placeDep ROOT dunder-proto@1.0.1 OK for: get-proto@1.0.1 want: ^1.0.1
389 silly placeDep ROOT agent-base@6.0.2 OK for: https-proxy-agent@5.0.1 want: 6
390 silly placeDep ROOT debug@4.4.3 OK for: https-proxy-agent@5.0.1 want: 4
391 silly fetch manifest ms@^2.1.3
392 silly packumentCache full:https://registry.npmmirror.com/ms cache-miss
393 http fetch GET 200 https://registry.npmmirror.com/ms 313ms (cache miss)
394 silly packumentCache full:https://registry.npmmirror.com/ms set size:15985 disposed:false
395 silly placeDep ROOT ms@2.1.3 OK for: debug@4.4.3 want: ^2.1.3
396 silly placeDep ROOT mime-db@1.52.0 OK for: mime-types@2.1.35 want: 1.52.0
397 silly fetch manifest @vue/composition-api@^1.0.0-rc.1
398 silly packumentCache full:https://registry.npmmirror.com/@vue%2fcomposition-api cache-miss
399 http fetch GET 200 https://registry.npmmirror.com/@vue%2fcomposition-api 93ms (cache miss)
400 silly packumentCache full:https://registry.npmmirror.com/@vue%2fcomposition-api set size:60414 disposed:false
401 silly fetch manifest vue@^2.7.0 || ^3.5.11
402 silly packumentCache full:https://registry.npmmirror.com/vue cache-hit
403 silly fetch manifest vue@>= 2.5 < 2.7
404 silly packumentCache full:https://registry.npmmirror.com/vue cache-hit
405 silly placeDep ROOT @vue/devtools-api@6.6.4 OK for: pinia@2.3.1 want: ^6.6.3
406 silly placeDep ROOT vue-demi@0.14.10 OK for: pinia@2.3.1 want: ^0.14.10
407 silly placeDep ROOT esbuild@0.21.5 OK for: vite@5.4.21 want: ^0.21.3
408 silly placeDep ROOT fsevents@2.3.3 OK for: vite@5.4.21 want: ~2.3.3
409 silly placeDep ROOT postcss@8.5.25 OK for: vite@5.4.21 want: ^8.4.43
410 silly placeDep ROOT rollup@4.62.4 OK for: vite@5.4.21 want: ^4.20.0
411 silly fetch manifest @esbuild/aix-ppc64@0.21.5
412 silly packumentCache full:https://registry.npmmirror.com/@esbuild%2faix-ppc64 cache-miss
413 silly fetch manifest @esbuild/android-arm@0.21.5
414 silly packumentCache full:https://registry.npmmirror.com/@esbuild%2fandroid-arm cache-miss
415 silly fetch manifest @esbuild/android-arm64@0.21.5
416 silly packumentCache full:https://registry.npmmirror.com/@esbuild%2fandroid-arm64 cache-miss
417 silly fetch manifest @esbuild/android-x64@0.21.5
418 silly packumentCache full:https://registry.npmmirror.com/@esbuild%2fandroid-x64 cache-miss
419 silly fetch manifest @esbuild/darwin-arm64@0.21.5
420 silly packumentCache full:https://registry.npmmirror.com/@esbuild%2fdarwin-arm64 cache-miss
421 silly fetch manifest @esbuild/darwin-x64@0.21.5
422 silly packumentCache full:https://registry.npmmirror.com/@esbuild%2fdarwin-x64 cache-miss
423 silly fetch manifest @esbuild/freebsd-arm64@0.21.5
424 silly packumentCache full:https://registry.npmmirror.com/@esbuild%2ffreebsd-arm64 cache-miss
425 silly fetch manifest @esbuild/freebsd-x64@0.21.5
426 silly packumentCache full:https://registry.npmmirror.com/@esbuild%2ffreebsd-x64 cache-miss
427 silly fetch manifest @esbuild/linux-arm@0.21.5
428 silly packumentCache full:https://registry.npmmirror.com/@esbuild%2flinux-arm cache-miss
429 silly fetch manifest @esbuild/linux-arm64@0.21.5
430 silly packumentCache full:https://registry.npmmirror.com/@esbuild%2flinux-arm64 cache-miss
431 silly fetch manifest @esbuild/linux-ia32@0.21.5
432 silly packumentCache full:https://registry.npmmirror.com/@esbuild%2flinux-ia32 cache-miss
433 silly fetch manifest @esbuild/linux-loong64@0.21.5
434 silly packumentCache full:https://registry.npmmirror.com/@esbuild%2flinux-loong64 cache-miss
435 silly fetch manifest @esbuild/linux-mips64el@0.21.5
436 silly packumentCache full:https://registry.npmmirror.com/@esbuild%2flinux-mips64el cache-miss
437 silly fetch manifest @esbuild/linux-ppc64@0.21.5
438 silly packumentCache full:https://registry.npmmirror.com/@esbuild%2flinux-ppc64 cache-miss
439 silly fetch manifest @esbuild/linux-riscv64@0.21.5
440 silly packumentCache full:https://registry.npmmirror.com/@esbuild%2flinux-riscv64 cache-miss
441 http fetch GET 200 https://registry.npmmirror.com/@esbuild%2ffreebsd-arm64 102ms (cache miss)
442 silly packumentCache full:https://registry.npmmirror.com/@esbuild%2ffreebsd-arm64 set size:60088 disposed:false
443 silly fetch manifest @esbuild/linux-s390x@0.21.5
444 silly packumentCache full:https://registry.npmmirror.com/@esbuild%2flinux-s390x cache-miss
445 http fetch GET 200 https://registry.npmmirror.com/@esbuild%2flinux-arm64 115ms (cache miss)
446 silly packumentCache full:https://registry.npmmirror.com/@esbuild%2flinux-arm64 set size:60136 disposed:false
447 silly fetch manifest @esbuild/linux-x64@0.21.5
448 silly packumentCache full:https://registry.npmmirror.com/@esbuild%2flinux-x64 cache-miss
449 http fetch GET 200 https://registry.npmmirror.com/@esbuild%2flinux-ia32 134ms (cache miss)
450 silly packumentCache full:https://registry.npmmirror.com/@esbuild%2flinux-ia32 set size:60380 disposed:false
451 silly fetch manifest @esbuild/netbsd-x64@0.21.5
452 silly packumentCache full:https://registry.npmmirror.com/@esbuild%2fnetbsd-x64 cache-miss
453 http fetch GET 200 https://registry.npmmirror.com/@esbuild%2flinux-ppc64 141ms (cache miss)
454 silly packumentCache full:https://registry.npmmirror.com/@esbuild%2flinux-ppc64 set size:60121 disposed:false
455 silly fetch manifest @esbuild/openbsd-x64@0.21.5
456 silly packumentCache full:https://registry.npmmirror.com/@esbuild%2fopenbsd-x64 cache-miss
457 http fetch GET 200 https://registry.npmmirror.com/@esbuild%2flinux-mips64el 152ms (cache miss)
458 silly packumentCache full:https://registry.npmmirror.com/@esbuild%2flinux-mips64el set size:60397 disposed:false
459 silly fetch manifest @esbuild/sunos-x64@0.21.5
460 silly packumentCache full:https://registry.npmmirror.com/@esbuild%2fsunos-x64 cache-miss
461 http fetch GET 200 https://registry.npmmirror.com/@esbuild%2fandroid-x64 178ms (cache miss)
462 silly packumentCache full:https://registry.npmmirror.com/@esbuild%2fandroid-x64 set size:60271 disposed:false
463 silly fetch manifest @esbuild/win32-arm64@0.21.5
464 silly packumentCache full:https://registry.npmmirror.com/@esbuild%2fwin32-arm64 cache-miss
465 http fetch GET 200 https://registry.npmmirror.com/@esbuild%2fandroid-arm64 220ms (cache miss)
466 silly packumentCache full:https://registry.npmmirror.com/@esbuild%2fandroid-arm64 set size:60900 disposed:false
467 silly fetch manifest @esbuild/win32-ia32@0.21.5
468 silly packumentCache full:https://registry.npmmirror.com/@esbuild%2fwin32-ia32 cache-miss
469 http fetch GET 200 https://registry.npmmirror.com/@esbuild%2flinux-riscv64 219ms (cache miss)
470 silly packumentCache full:https://registry.npmmirror.com/@esbuild%2flinux-riscv64 set size:60289 disposed:false
471 silly fetch manifest @esbuild/win32-x64@0.21.5
472 silly packumentCache full:https://registry.npmmirror.com/@esbuild%2fwin32-x64 cache-miss
473 http fetch GET 200 https://registry.npmmirror.com/@esbuild%2faix-ppc64 231ms (cache miss)
474 silly packumentCache full:https://registry.npmmirror.com/@esbuild%2faix-ppc64 set size:15785 disposed:false
475 silly fetch manifest nanoid@^3.3.16
476 silly packumentCache full:https://registry.npmmirror.com/nanoid cache-miss
477 http fetch GET 200 https://registry.npmmirror.com/@esbuild%2fdarwin-arm64 240ms (cache miss)
478 silly packumentCache full:https://registry.npmmirror.com/@esbuild%2fdarwin-arm64 set size:60532 disposed:false
479 silly fetch manifest picocolors@^1.1.1
480 silly packumentCache full:https://registry.npmmirror.com/picocolors cache-miss
481 http fetch GET 200 https://registry.npmmirror.com/@esbuild%2fandroid-arm 250ms (cache miss)
482 silly packumentCache full:https://registry.npmmirror.com/@esbuild%2fandroid-arm set size:70421 disposed:false
483 silly fetch manifest source-map-js@^1.2.1
484 silly packumentCache full:https://registry.npmmirror.com/source-map-js cache-miss
485 http fetch GET 200 https://registry.npmmirror.com/@esbuild%2fdarwin-x64 256ms (cache miss)
486 silly packumentCache full:https://registry.npmmirror.com/@esbuild%2fdarwin-x64 set size:60184 disposed:false
487 silly fetch manifest @types/estree@1.0.9
488 silly packumentCache full:https://registry.npmmirror.com/@types%2festree cache-miss
489 http fetch GET 200 https://registry.npmmirror.com/@esbuild%2flinux-loong64 262ms (cache miss)
490 silly packumentCache full:https://registry.npmmirror.com/@esbuild%2flinux-loong64 set size:79758 disposed:false
491 silly fetch manifest @rollup/rollup-darwin-x64@4.62.4
492 silly packumentCache full:https://registry.npmmirror.com/@rollup%2frollup-darwin-x64 cache-miss
493 http fetch GET 200 https://registry.npmmirror.com/@esbuild%2ffreebsd-x64 272ms (cache miss)
494 silly packumentCache full:https://registry.npmmirror.com/@esbuild%2ffreebsd-x64 set size:60409 disposed:false
495 silly fetch manifest @rollup/rollup-freebsd-x64@4.62.4
496 silly packumentCache full:https://registry.npmmirror.com/@rollup%2frollup-freebsd-x64 cache-miss
497 http fetch GET 200 https://registry.npmmirror.com/@esbuild%2flinux-arm 283ms (cache miss)
498 silly packumentCache full:https://registry.npmmirror.com/@esbuild%2flinux-arm set size:59680 disposed:false
499 silly fetch manifest @rollup/rollup-openbsd-x64@4.62.4
500 silly packumentCache full:https://registry.npmmirror.com/@rollup%2frollup-openbsd-x64 cache-miss
501 http fetch GET 200 https://registry.npmmirror.com/@esbuild%2flinux-s390x 192ms (cache miss)
502 silly packumentCache full:https://registry.npmmirror.com/@esbuild%2flinux-s390x set size:60325 disposed:false
503 silly fetch manifest @napi-rs/lzma-linux-x64-gnu@1.5.1
504 silly packumentCache full:https://registry.npmmirror.com/@napi-rs%2flzma-linux-x64-gnu cache-miss
505 http fetch GET 200 https://registry.npmmirror.com/@esbuild%2flinux-x64 189ms (cache miss)
506 silly packumentCache full:https://registry.npmmirror.com/@esbuild%2flinux-x64 set size:60112 disposed:false
507 silly fetch manifest @rollup/rollup-darwin-arm64@4.62.4
508 silly packumentCache full:https://registry.npmmirror.com/@rollup%2frollup-darwin-arm64 cache-miss
509 http fetch GET 200 https://registry.npmmirror.com/@esbuild%2fnetbsd-x64 173ms (cache miss)
510 silly packumentCache full:https://registry.npmmirror.com/@esbuild%2fnetbsd-x64 set size:60463 disposed:false
511 silly fetch manifest @rollup/rollup-android-arm64@4.62.4
512 silly packumentCache full:https://registry.npmmirror.com/@rollup%2frollup-android-arm64 cache-miss
513 http fetch GET 200 https://registry.npmmirror.com/@esbuild%2fsunos-x64 160ms (cache miss)
514 silly packumentCache full:https://registry.npmmirror.com/@esbuild%2fsunos-x64 set size:60322 disposed:false
515 silly fetch manifest @rollup/rollup-freebsd-arm64@4.62.4
516 silly packumentCache full:https://registry.npmmirror.com/@rollup%2frollup-freebsd-arm64 cache-miss
517 http fetch GET 200 https://registry.npmmirror.com/@esbuild%2fopenbsd-x64 178ms (cache miss)
518 silly packumentCache full:https://registry.npmmirror.com/@esbuild%2fopenbsd-x64 set size:60346 disposed:false
519 silly fetch manifest @rollup/rollup-linux-x64-gnu@4.62.4
520 silly packumentCache full:https://registry.npmmirror.com/@rollup%2frollup-linux-x64-gnu cache-miss
521 http fetch GET 200 https://registry.npmmirror.com/@esbuild%2fwin32-arm64 163ms (cache miss)
522 silly packumentCache full:https://registry.npmmirror.com/@esbuild%2fwin32-arm64 set size:60312 disposed:false
523 silly fetch manifest @rollup/rollup-win32-x64-gnu@4.62.4
524 silly packumentCache full:https://registry.npmmirror.com/@rollup%2frollup-win32-x64-gnu cache-miss
525 http fetch GET 200 https://registry.npmmirror.com/picocolors 110ms (cache miss)
526 silly packumentCache full:https://registry.npmmirror.com/picocolors set size:4040 disposed:false
527 silly fetch manifest @rollup/rollup-linux-x64-musl@4.62.4
528 silly packumentCache full:https://registry.npmmirror.com/@rollup%2frollup-linux-x64-musl cache-miss
529 http fetch GET 200 https://registry.npmmirror.com/@types%2festree 104ms (cache miss)
530 silly packumentCache full:https://registry.npmmirror.com/@types%2festree set size:16478 disposed:false
531 silly fetch manifest @rollup/rollup-win32-x64-msvc@4.62.4
532 silly packumentCache full:https://registry.npmmirror.com/@rollup%2frollup-win32-x64-msvc cache-miss
533 http fetch GET 200 https://registry.npmmirror.com/source-map-js 117ms (cache miss)
534 silly packumentCache full:https://registry.npmmirror.com/source-map-js set size:14399 disposed:false
535 silly fetch manifest @rollup/rollup-linux-arm64-gnu@4.62.4
536 silly packumentCache full:https://registry.npmmirror.com/@rollup%2frollup-linux-arm64-gnu cache-miss
537 http fetch GET 200 https://registry.npmmirror.com/@rollup%2frollup-openbsd-x64 94ms (cache miss)
538 silly packumentCache full:https://registry.npmmirror.com/@rollup%2frollup-openbsd-x64 set size:9492 disposed:false
539 silly fetch manifest @rollup/rollup-linux-ppc64-gnu@4.62.4
540 silly packumentCache full:https://registry.npmmirror.com/@rollup%2frollup-linux-ppc64-gnu cache-miss
541 http fetch GET 200 https://registry.npmmirror.com/@esbuild%2fwin32-ia32 165ms (cache miss)
542 silly packumentCache full:https://registry.npmmirror.com/@esbuild%2fwin32-ia32 set size:60821 disposed:false
543 silly fetch manifest @rollup/rollup-linux-s390x-gnu@4.62.4
544 silly packumentCache full:https://registry.npmmirror.com/@rollup%2frollup-linux-s390x-gnu cache-miss
545 http fetch GET 200 https://registry.npmmirror.com/@napi-rs%2flzma-linux-x64-gnu 97ms (cache miss)
546 silly packumentCache full:https://registry.npmmirror.com/@napi-rs%2flzma-linux-x64-gnu set size:8135 disposed:false
547 silly fetch manifest @rollup/rollup-win32-ia32-msvc@4.62.4
548 silly packumentCache full:https://registry.npmmirror.com/@rollup%2frollup-win32-ia32-msvc cache-miss
549 http fetch GET 200 https://registry.npmmirror.com/nanoid 165ms (cache miss)
550 silly packumentCache full:https://registry.npmmirror.com/nanoid set size:53624 disposed:false
551 silly fetch manifest @rollup/rollup-android-arm-eabi@4.62.4
552 silly packumentCache full:https://registry.npmmirror.com/@rollup%2frollup-android-arm-eabi cache-miss
553 http fetch GET 200 https://registry.npmmirror.com/@esbuild%2fwin32-x64 188ms (cache miss)
554 silly packumentCache full:https://registry.npmmirror.com/@esbuild%2fwin32-x64 set size:60249 disposed:false
555 silly fetch manifest @rollup/rollup-linux-arm64-musl@4.62.4
556 silly packumentCache full:https://registry.npmmirror.com/@rollup%2frollup-linux-arm64-musl cache-miss
557 http fetch GET 200 https://registry.npmmirror.com/@rollup%2frollup-freebsd-x64 144ms (cache miss)
558 silly packumentCache full:https://registry.npmmirror.com/@rollup%2frollup-freebsd-x64 set size:41454 disposed:false
559 silly fetch manifest @rollup/rollup-linux-ppc64-musl@4.62.4
560 silly packumentCache full:https://registry.npmmirror.com/@rollup%2frollup-linux-ppc64-musl cache-miss
561 http fetch GET 200 https://registry.npmmirror.com/@rollup%2frollup-darwin-x64 172ms (cache miss)
562 silly packumentCache full:https://registry.npmmirror.com/@rollup%2frollup-darwin-x64 set size:71889 disposed:false
563 silly fetch manifest @rollup/rollup-win32-arm64-msvc@4.62.4
564 silly packumentCache full:https://registry.npmmirror.com/@rollup%2frollup-win32-arm64-msvc cache-miss
565 http fetch GET 200 https://registry.npmmirror.com/@rollup%2frollup-freebsd-arm64 125ms (cache miss)
566 silly packumentCache full:https://registry.npmmirror.com/@rollup%2frollup-freebsd-arm64 set size:41545 disposed:false
567 silly fetch manifest @rollup/rollup-linux-loong64-gnu@4.62.4
568 silly packumentCache full:https://registry.npmmirror.com/@rollup%2frollup-linux-loong64-gnu cache-miss
569 http fetch GET 200 https://registry.npmmirror.com/@rollup%2frollup-win32-x64-gnu 120ms (cache miss)
570 silly packumentCache full:https://registry.npmmirror.com/@rollup%2frollup-win32-x64-gnu set size:15218 disposed:false
571 silly fetch manifest @rollup/rollup-linux-riscv64-gnu@4.62.4
572 silly packumentCache full:https://registry.npmmirror.com/@rollup%2frollup-linux-riscv64-gnu cache-miss
573 http fetch GET 200 https://registry.npmmirror.com/@rollup%2frollup-android-arm64 158ms (cache miss)
574 silly packumentCache full:https://registry.npmmirror.com/@rollup%2frollup-android-arm64 set size:72676 disposed:false
575 silly fetch manifest @rollup/rollup-openharmony-arm64@4.62.4
576 silly packumentCache full:https://registry.npmmirror.com/@rollup%2frollup-openharmony-arm64 cache-miss
577 http fetch GET 200 https://registry.npmmirror.com/@rollup%2frollup-darwin-arm64 172ms (cache miss)
578 silly packumentCache full:https://registry.npmmirror.com/@rollup%2frollup-darwin-arm64 set size:72453 disposed:false
579 silly fetch manifest @rollup/rollup-linux-loong64-musl@4.62.4
580 silly packumentCache full:https://registry.npmmirror.com/@rollup%2frollup-linux-loong64-musl cache-miss
581 http fetch GET 200 https://registry.npmmirror.com/@rollup%2frollup-linux-ppc64-gnu 104ms (cache miss)
582 silly packumentCache full:https://registry.npmmirror.com/@rollup%2frollup-linux-ppc64-gnu set size:20866 disposed:false
583 silly fetch manifest @rollup/rollup-linux-riscv64-musl@4.62.4
584 silly packumentCache full:https://registry.npmmirror.com/@rollup%2frollup-linux-riscv64-musl cache-miss
585 http fetch GET 200 https://registry.npmmirror.com/@rollup%2frollup-linux-x64-gnu 182ms (cache miss)
586 silly packumentCache full:https://registry.npmmirror.com/@rollup%2frollup-linux-x64-gnu set size:72157 disposed:false
587 silly fetch manifest @rollup/rollup-linux-arm-gnueabihf@4.62.4
588 silly packumentCache full:https://registry.npmmirror.com/@rollup%2frollup-linux-arm-gnueabihf cache-miss
589 http fetch GET 200 https://registry.npmmirror.com/@rollup%2frollup-linux-s390x-gnu 140ms (cache miss)
590 silly packumentCache full:https://registry.npmmirror.com/@rollup%2frollup-linux-s390x-gnu set size:53067 disposed:false
591 silly fetch manifest @rollup/rollup-linux-arm-musleabihf@4.62.4
592 silly packumentCache full:https://registry.npmmirror.com/@rollup%2frollup-linux-arm-musleabihf cache-miss
593 http fetch GET 200 https://registry.npmmirror.com/@rollup%2frollup-linux-x64-musl 183ms (cache miss)
594 silly packumentCache full:https://registry.npmmirror.com/@rollup%2frollup-linux-x64-musl set size:72082 disposed:false
595 http fetch GET 200 https://registry.npmmirror.com/@rollup%2frollup-linux-ppc64-musl 123ms (cache miss)
596 silly packumentCache full:https://registry.npmmirror.com/@rollup%2frollup-linux-ppc64-musl set size:9562 disposed:false
597 http fetch GET 200 https://registry.npmmirror.com/@rollup%2frollup-win32-x64-msvc 182ms (cache miss)
598 silly packumentCache full:https://registry.npmmirror.com/@rollup%2frollup-win32-x64-msvc set size:72257 disposed:false
599 http fetch GET 200 https://registry.npmmirror.com/@rollup%2frollup-openharmony-arm64 141ms (cache miss)
600 silly packumentCache full:https://registry.npmmirror.com/@rollup%2frollup-openharmony-arm64 set size:16755 disposed:false
601 http fetch GET 200 https://registry.npmmirror.com/@rollup%2frollup-linux-loong64-gnu 169ms (cache miss)
602 silly packumentCache full:https://registry.npmmirror.com/@rollup%2frollup-linux-loong64-gnu set size:16275 disposed:false
603 http fetch GET 200 https://registry.npmmirror.com/@rollup%2frollup-win32-ia32-msvc 230ms (cache miss)
604 silly packumentCache full:https://registry.npmmirror.com/@rollup%2frollup-win32-ia32-msvc set size:73100 disposed:false
605 http fetch GET 200 https://registry.npmmirror.com/@rollup%2frollup-linux-loong64-musl 144ms (cache miss)
606 silly packumentCache full:https://registry.npmmirror.com/@rollup%2frollup-linux-loong64-musl set size:9562 disposed:false
607 http fetch GET 200 https://registry.npmmirror.com/@rollup%2frollup-linux-riscv64-musl 143ms (cache miss)
608 silly packumentCache full:https://registry.npmmirror.com/@rollup%2frollup-linux-riscv64-musl set size:25895 disposed:false
609 http fetch GET 200 https://registry.npmmirror.com/@rollup%2frollup-android-arm-eabi 232ms (cache miss)
610 silly packumentCache full:https://registry.npmmirror.com/@rollup%2frollup-android-arm-eabi set size:72670 disposed:false
611 http fetch GET 200 https://registry.npmmirror.com/@rollup%2frollup-linux-arm64-musl 224ms (cache miss)
612 silly packumentCache full:https://registry.npmmirror.com/@rollup%2frollup-linux-arm64-musl set size:63864 disposed:false
613 http fetch GET 200 https://registry.npmmirror.com/@rollup%2frollup-linux-arm64-gnu 274ms (cache miss)
614 silly packumentCache full:https://registry.npmmirror.com/@rollup%2frollup-linux-arm64-gnu set size:72729 disposed:false
615 http fetch GET 200 https://registry.npmmirror.com/@rollup%2frollup-linux-riscv64-gnu 182ms (cache miss)
616 silly packumentCache full:https://registry.npmmirror.com/@rollup%2frollup-linux-riscv64-gnu set size:57961 disposed:false
617 http fetch GET 200 https://registry.npmmirror.com/@rollup%2frollup-win32-arm64-msvc 209ms (cache miss)
618 silly packumentCache full:https://registry.npmmirror.com/@rollup%2frollup-win32-arm64-msvc set size:72961 disposed:false
619 http fetch GET 200 https://registry.npmmirror.com/@rollup%2frollup-linux-arm-gnueabihf 145ms (cache miss)
620 silly packumentCache full:https://registry.npmmirror.com/@rollup%2frollup-linux-arm-gnueabihf set size:73146 disposed:false
621 http fetch GET 200 https://registry.npmmirror.com/@rollup%2frollup-linux-arm-musleabihf 131ms (cache miss)
622 silly packumentCache full:https://registry.npmmirror.com/@rollup%2frollup-linux-arm-musleabihf set size:52010 disposed:false
623 silly placeDep ROOT @esbuild/aix-ppc64@0.21.5 OK for: esbuild@0.21.5 want: 0.21.5
624 silly placeDep ROOT @esbuild/android-arm@0.21.5 OK for: esbuild@0.21.5 want: 0.21.5
625 silly placeDep ROOT @esbuild/android-arm64@0.21.5 OK for: esbuild@0.21.5 want: 0.21.5
626 silly placeDep ROOT @esbuild/android-x64@0.21.5 OK for: esbuild@0.21.5 want: 0.21.5
627 silly placeDep ROOT @esbuild/darwin-arm64@0.21.5 OK for: esbuild@0.21.5 want: 0.21.5
628 silly placeDep ROOT @esbuild/darwin-x64@0.21.5 OK for: esbuild@0.21.5 want: 0.21.5
629 silly placeDep ROOT @esbuild/freebsd-arm64@0.21.5 OK for: esbuild@0.21.5 want: 0.21.5
630 silly placeDep ROOT @esbuild/freebsd-x64@0.21.5 OK for: esbuild@0.21.5 want: 0.21.5
631 silly placeDep ROOT @esbuild/linux-arm@0.21.5 OK for: esbuild@0.21.5 want: 0.21.5
632 silly placeDep ROOT @esbuild/linux-arm64@0.21.5 OK for: esbuild@0.21.5 want: 0.21.5
633 silly placeDep ROOT @esbuild/linux-ia32@0.21.5 OK for: esbuild@0.21.5 want: 0.21.5
634 silly placeDep ROOT @esbuild/linux-loong64@0.21.5 OK for: esbuild@0.21.5 want: 0.21.5
635 silly placeDep ROOT @esbuild/linux-mips64el@0.21.5 OK for: esbuild@0.21.5 want: 0.21.5
636 silly placeDep ROOT @esbuild/linux-ppc64@0.21.5 OK for: esbuild@0.21.5 want: 0.21.5
637 silly placeDep ROOT @esbuild/linux-riscv64@0.21.5 OK for: esbuild@0.21.5 want: 0.21.5
638 silly placeDep ROOT @esbuild/linux-s390x@0.21.5 OK for: esbuild@0.21.5 want: 0.21.5
639 silly placeDep ROOT @esbuild/linux-x64@0.21.5 OK for: esbuild@0.21.5 want: 0.21.5
640 silly placeDep ROOT @esbuild/netbsd-x64@0.21.5 OK for: esbuild@0.21.5 want: 0.21.5
641 silly placeDep ROOT @esbuild/openbsd-x64@0.21.5 OK for: esbuild@0.21.5 want: 0.21.5
642 silly placeDep ROOT @esbuild/sunos-x64@0.21.5 OK for: esbuild@0.21.5 want: 0.21.5
643 silly placeDep ROOT @esbuild/win32-arm64@0.21.5 OK for: esbuild@0.21.5 want: 0.21.5
644 silly placeDep ROOT @esbuild/win32-ia32@0.21.5 OK for: esbuild@0.21.5 want: 0.21.5
645 silly placeDep ROOT @esbuild/win32-x64@0.21.5 OK for: esbuild@0.21.5 want: 0.21.5
646 silly placeDep ROOT nanoid@3.3.17 OK for: postcss@8.5.25 want: ^3.3.16
647 silly placeDep ROOT picocolors@1.1.1 OK for: postcss@8.5.25 want: ^1.1.1
648 silly placeDep ROOT source-map-js@1.2.1 OK for: postcss@8.5.25 want: ^1.2.1
649 silly placeDep ROOT @napi-rs/lzma-linux-x64-gnu@1.5.1 OK for: rollup@4.62.4 want: 1.5.1
650 silly placeDep ROOT @rollup/rollup-android-arm-eabi@4.62.4 OK for: rollup@4.62.4 want: 4.62.4
651 silly placeDep ROOT @rollup/rollup-android-arm64@4.62.4 OK for: rollup@4.62.4 want: 4.62.4
652 silly placeDep ROOT @rollup/rollup-darwin-arm64@4.62.4 OK for: rollup@4.62.4 want: 4.62.4
653 silly placeDep ROOT @rollup/rollup-darwin-x64@4.62.4 OK for: rollup@4.62.4 want: 4.62.4
654 silly placeDep ROOT @rollup/rollup-freebsd-arm64@4.62.4 OK for: rollup@4.62.4 want: 4.62.4
655 silly placeDep ROOT @rollup/rollup-freebsd-x64@4.62.4 OK for: rollup@4.62.4 want: 4.62.4
656 silly placeDep ROOT @rollup/rollup-linux-arm-gnueabihf@4.62.4 OK for: rollup@4.62.4 want: 4.62.4
657 silly placeDep ROOT @rollup/rollup-linux-arm-musleabihf@4.62.4 OK for: rollup@4.62.4 want: 4.62.4
658 silly placeDep ROOT @rollup/rollup-linux-arm64-gnu@4.62.4 OK for: rollup@4.62.4 want: 4.62.4
659 silly placeDep ROOT @rollup/rollup-linux-arm64-musl@4.62.4 OK for: rollup@4.62.4 want: 4.62.4
660 silly placeDep ROOT @rollup/rollup-linux-loong64-gnu@4.62.4 OK for: rollup@4.62.4 want: 4.62.4
661 silly placeDep ROOT @rollup/rollup-linux-loong64-musl@4.62.4 OK for: rollup@4.62.4 want: 4.62.4
662 silly placeDep ROOT @rollup/rollup-linux-ppc64-gnu@4.62.4 OK for: rollup@4.62.4 want: 4.62.4
663 silly placeDep ROOT @rollup/rollup-linux-ppc64-musl@4.62.4 OK for: rollup@4.62.4 want: 4.62.4
664 silly placeDep ROOT @rollup/rollup-linux-riscv64-gnu@4.62.4 OK for: rollup@4.62.4 want: 4.62.4
665 silly placeDep ROOT @rollup/rollup-linux-riscv64-musl@4.62.4 OK for: rollup@4.62.4 want: 4.62.4
666 silly placeDep ROOT @rollup/rollup-linux-s390x-gnu@4.62.4 OK for: rollup@4.62.4 want: 4.62.4
667 silly placeDep ROOT @rollup/rollup-linux-x64-gnu@4.62.4 OK for: rollup@4.62.4 want: 4.62.4
668 silly placeDep ROOT @rollup/rollup-linux-x64-musl@4.62.4 OK for: rollup@4.62.4 want: 4.62.4
669 silly placeDep ROOT @rollup/rollup-openbsd-x64@4.62.4 OK for: rollup@4.62.4 want: 4.62.4
670 silly placeDep ROOT @rollup/rollup-openharmony-arm64@4.62.4 OK for: rollup@4.62.4 want: 4.62.4
671 silly placeDep ROOT @rollup/rollup-win32-arm64-msvc@4.62.4 OK for: rollup@4.62.4 want: 4.62.4
672 silly placeDep ROOT @rollup/rollup-win32-ia32-msvc@4.62.4 OK for: rollup@4.62.4 want: 4.62.4
673 silly placeDep ROOT @rollup/rollup-win32-x64-gnu@4.62.4 OK for: rollup@4.62.4 want: 4.62.4
674 silly placeDep ROOT @rollup/rollup-win32-x64-msvc@4.62.4 OK for: rollup@4.62.4 want: 4.62.4
675 silly placeDep ROOT @types/estree@1.0.9 OK for: rollup@4.62.4 want: 1.0.9
676 silly placeDep ROOT @vue/compiler-dom@3.5.40 OK for: vue@3.5.40 want: 3.5.40
677 silly placeDep ROOT @vue/compiler-sfc@3.5.40 OK for: vue@3.5.40 want: 3.5.40
678 silly placeDep ROOT @vue/runtime-dom@3.5.40 OK for: vue@3.5.40 want: 3.5.40
679 silly placeDep ROOT @vue/server-renderer@3.5.40 OK for: vue@3.5.40 want: 3.5.40
680 silly placeDep ROOT @vue/shared@3.5.40 OK for: vue@3.5.40 want: 3.5.40
681 silly fetch manifest @vue/compiler-core@3.5.40
682 silly packumentCache full:https://registry.npmmirror.com/@vue%2fcompiler-core cache-miss
683 silly fetch manifest @babel/parser@^7.29.7
684 silly packumentCache full:https://registry.npmmirror.com/@babel%2fparser cache-miss
685 silly fetch manifest estree-walker@^2.0.2
686 silly packumentCache full:https://registry.npmmirror.com/estree-walker cache-miss
687 silly fetch manifest magic-string@^0.30.21
688 silly packumentCache full:https://registry.npmmirror.com/magic-string cache-miss
689 silly fetch manifest @vue/compiler-core@3.5.40
690 silly packumentCache full:https://registry.npmmirror.com/@vue%2fcompiler-core cache-miss
691 silly fetch manifest @vue/compiler-ssr@3.5.40
692 silly packumentCache full:https://registry.npmmirror.com/@vue%2fcompiler-ssr cache-miss
693 silly fetch manifest csstype@^3.2.3
694 silly packumentCache full:https://registry.npmmirror.com/csstype cache-miss
695 silly fetch manifest @vue/reactivity@3.5.40
696 silly packumentCache full:https://registry.npmmirror.com/@vue%2freactivity cache-miss
697 silly fetch manifest @vue/runtime-core@3.5.40
698 silly packumentCache full:https://registry.npmmirror.com/@vue%2fruntime-core cache-miss
699 silly fetch manifest @vue/compiler-ssr@3.5.40
700 silly packumentCache full:https://registry.npmmirror.com/@vue%2fcompiler-ssr cache-miss
701 http fetch GET 200 https://registry.npmmirror.com/csstype 49ms (cache miss)
702 silly packumentCache full:https://registry.npmmirror.com/csstype set size:41498 disposed:false
703 http fetch GET 200 https://registry.npmmirror.com/@vue%2fcompiler-core 89ms (cache miss)
704 silly packumentCache full:https://registry.npmmirror.com/@vue%2fcompiler-core set size:122339 disposed:false
705 http fetch GET 200 https://registry.npmmirror.com/@vue%2fcompiler-ssr 99ms (cache miss)
706 silly packumentCache full:https://registry.npmmirror.com/@vue%2fcompiler-ssr set size:116656 disposed:false
707 http fetch GET 200 https://registry.npmmirror.com/@vue%2fcompiler-core 108ms (cache miss)
708 silly packumentCache full:https://registry.npmmirror.com/@vue%2fcompiler-core set size:122339 disposed:false
709 silly packumentCache full:https://registry.npmmirror.com/@vue%2fcompiler-core dispose
710 http fetch GET 200 https://registry.npmmirror.com/estree-walker 121ms (cache miss)
711 silly packumentCache full:https://registry.npmmirror.com/estree-walker set size:11874 disposed:false
712 http fetch GET 200 https://registry.npmmirror.com/@vue%2freactivity 126ms (cache miss)
713 silly packumentCache full:https://registry.npmmirror.com/@vue%2freactivity set size:120017 disposed:false
714 http fetch GET 200 https://registry.npmmirror.com/@vue%2fcompiler-ssr 135ms (cache miss)
715 silly packumentCache full:https://registry.npmmirror.com/@vue%2fcompiler-ssr set size:116656 disposed:false
716 silly packumentCache full:https://registry.npmmirror.com/@vue%2fcompiler-ssr dispose
717 http fetch GET 200 https://registry.npmmirror.com/@babel%2fparser 142ms (cache miss)
718 silly packumentCache full:https://registry.npmmirror.com/@babel%2fparser set size:110451 disposed:false
719 http fetch GET 200 https://registry.npmmirror.com/magic-string 150ms (cache miss)
720 silly packumentCache full:https://registry.npmmirror.com/magic-string set size:57310 disposed:false
721 http fetch GET 200 https://registry.npmmirror.com/@vue%2fruntime-core 159ms (cache miss)
722 silly packumentCache full:https://registry.npmmirror.com/@vue%2fruntime-core set size:121283 disposed:false
723 silly placeDep ROOT @vue/compiler-core@3.5.40 OK for: @vue/compiler-dom@3.5.40 want: 3.5.40
724 silly fetch manifest entities@^7.0.1
725 silly packumentCache full:https://registry.npmmirror.com/entities cache-miss
726 http fetch GET 200 https://registry.npmmirror.com/entities 20ms (cache miss)
727 silly packumentCache full:https://registry.npmmirror.com/entities set size:23218 disposed:false
728 silly placeDep ROOT @babel/parser@7.29.8 OK for: @vue/compiler-core@3.5.40 want: ^7.29.7
729 silly placeDep ROOT entities@7.0.1 OK for: @vue/compiler-core@3.5.40 want: ^7.0.1
730 silly placeDep ROOT estree-walker@2.0.2 OK for: @vue/compiler-core@3.5.40 want: ^2.0.2
731 silly fetch manifest @babel/types@^7.29.8
732 silly packumentCache full:https://registry.npmmirror.com/@babel%2ftypes cache-miss
733 http fetch GET 200 https://registry.npmmirror.com/@babel%2ftypes 41ms (cache miss)
734 silly packumentCache full:https://registry.npmmirror.com/@babel%2ftypes set size:83741 disposed:false
735 silly placeDep ROOT @babel/types@7.29.8 OK for: @babel/parser@7.29.8 want: ^7.29.8
736 silly fetch manifest @babel/helper-string-parser@^7.29.7
737 silly packumentCache full:https://registry.npmmirror.com/@babel%2fhelper-string-parser cache-miss
738 silly fetch manifest @babel/helper-validator-identifier@^7.29.7
739 silly packumentCache full:https://registry.npmmirror.com/@babel%2fhelper-validator-identifier cache-miss
740 http fetch GET 200 https://registry.npmmirror.com/@babel%2fhelper-validator-identifier 35ms (cache miss)
741 silly packumentCache full:https://registry.npmmirror.com/@babel%2fhelper-validator-identifier set size:25814 disposed:false
742 http fetch GET 200 https://registry.npmmirror.com/@babel%2fhelper-string-parser 37ms (cache miss)
743 silly packumentCache full:https://registry.npmmirror.com/@babel%2fhelper-string-parser set size:21224 disposed:false
744 silly placeDep ROOT @babel/helper-string-parser@7.29.7 OK for: @babel/types@7.29.8 want: ^7.29.7
745 silly placeDep ROOT @babel/helper-validator-identifier@7.29.7 OK for: @babel/types@7.29.8 want: ^7.29.7
746 silly placeDep ROOT @vue/compiler-ssr@3.5.40 OK for: @vue/compiler-sfc@3.5.40 want: 3.5.40
747 silly placeDep ROOT magic-string@0.30.21 OK for: @vue/compiler-sfc@3.5.40 want: ^0.30.21
748 silly fetch manifest @jridgewell/sourcemap-codec@^1.5.5
749 silly packumentCache full:https://registry.npmmirror.com/@jridgewell%2fsourcemap-codec cache-miss
750 http fetch GET 200 https://registry.npmmirror.com/@jridgewell%2fsourcemap-codec 17ms (cache miss)
751 silly packumentCache full:https://registry.npmmirror.com/@jridgewell%2fsourcemap-codec set size:15018 disposed:false
752 silly placeDep ROOT @vue/reactivity@3.5.40 OK for: @vue/runtime-dom@3.5.40 want: 3.5.40
753 silly placeDep ROOT @vue/runtime-core@3.5.40 OK for: @vue/runtime-dom@3.5.40 want: 3.5.40
754 silly placeDep ROOT csstype@3.2.3 OK for: @vue/runtime-dom@3.5.40 want: ^3.2.3
755 silly placeDep ROOT @jridgewell/sourcemap-codec@1.5.5 OK for: magic-string@0.30.21 want: ^1.5.5
756 silly reify moves {}
757 silly audit bulk request {
757 silly audit   '@element-plus/icons-vue': [ '2.3.2' ],
757 silly audit   vue: [ '3.5.40' ],
757 silly audit   '@vitejs/plugin-vue': [ '5.2.4' ],
757 silly audit   vite: [ '5.4.21' ],
757 silly audit   axios: [ '1.19.0' ],
757 silly audit   echarts: [ '5.6.0' ],
757 silly audit   'element-plus': [ '2.14.3' ],
757 silly audit   pinia: [ '2.3.1' ],
757 silly audit   'vue-router': [ '4.6.4' ],
757 silly audit   'follow-redirects': [ '1.16.0' ],
757 silly audit   'form-data': [ '4.0.6' ],
757 silly audit   'https-proxy-agent': [ '5.0.1' ],
757 silly audit   'proxy-from-env': [ '2.1.0' ],
757 silly audit   tslib: [ '2.3.0' ],
757 silly audit   zrender: [ '5.6.1' ],
757 silly audit   '@ctrl/tinycolor': [ '4.2.0' ],
757 silly audit   '@floating-ui/dom': [ '1.8.0' ],
757 silly audit   '@sxzz/popperjs-es': [ '2.11.8' ],
757 silly audit   '@types/lodash': [ '4.17.25' ],
757 silly audit   '@types/lodash-es': [ '4.17.12' ],
757 silly audit   '@vueuse/core': [ '14.3.0' ],
757 silly audit   'async-validator': [ '4.2.5' ],
757 silly audit   dayjs: [ '1.11.21' ],
757 silly audit   lodash: [ '4.18.1' ],
757 silly audit   'lodash-es': [ '4.18.1' ],
757 silly audit   'lodash-unified': [ '1.0.3' ],
757 silly audit   'memoize-one': [ '6.0.0' ],
757 silly audit   'normalize-wheel-es': [ '1.2.0' ],
757 silly audit   'vue-component-type-helpers': [ '3.3.9' ],
757 silly audit   '@floating-ui/core': [ '1.8.0' ],
757 silly audit   '@floating-ui/utils': [ '0.2.12' ],
757 silly audit   '@types/web-bluetooth': [ '0.0.21' ],
757 silly audit   '@vueuse/metadata': [ '14.3.0' ],
757 silly audit   '@vueuse/shared': [ '14.3.0' ],
757 silly audit   asynckit: [ '0.4.0' ],
757 silly audit   'combined-stream': [ '1.0.8' ],
757 silly audit   'es-set-tostringtag': [ '2.1.0' ],
757 silly audit   hasown: [ '2.0.4' ],
757 silly audit   'mime-types': [ '2.1.35' ],
757 silly audit   'delayed-stream': [ '1.0.0' ],
757 silly audit   'es-errors': [ '1.3.0' ],
757 silly audit   'get-intrinsic': [ '1.3.0' ],
757 silly audit   'has-tostringtag': [ '1.0.2' ],
757 silly audit   'call-bind-apply-helpers': [ '1.0.2' ],
757 silly audit   'es-define-property': [ '1.0.1' ],
757 silly audit   'es-object-atoms': [ '1.1.2' ],
757 silly audit   'function-bind': [ '1.1.2' ],
757 silly audit   'get-proto': [ '1.0.1' ],
757 silly audit   gopd: [ '1.2.0' ],
757 silly audit   'has-symbols': [ '1.1.0' ],
757 silly audit   'math-intrinsics': [ '1.1.0' ],
757 silly audit   'dunder-proto': [ '1.0.1' ],
757 silly audit   'agent-base': [ '6.0.2' ],
757 silly audit   debug: [ '4.4.3' ],
757 silly audit   ms: [ '2.1.3' ],
757 silly audit   'mime-db': [ '1.52.0' ],
757 silly audit   '@vue/devtools-api': [ '6.6.4' ],
757 silly audit   'vue-demi': [ '0.14.10' ],
757 silly audit   esbuild: [ '0.21.5' ],
757 silly audit   fsevents: [ '2.3.3' ],
757 silly audit   postcss: [ '8.5.25' ],
757 silly audit   rollup: [ '4.62.4' ],
757 silly audit   '@esbuild/aix-ppc64': [ '0.21.5' ],
757 silly audit   '@esbuild/android-arm': [ '0.21.5' ],
757 silly audit   '@esbuild/android-arm64': [ '0.21.5' ],
757 silly audit   '@esbuild/android-x64': [ '0.21.5' ],
757 silly audit   '@esbuild/darwin-arm64': [ '0.21.5' ],
757 silly audit   '@esbuild/darwin-x64': [ '0.21.5' ],
757 silly audit   '@esbuild/freebsd-arm64': [ '0.21.5' ],
757 silly audit   '@esbuild/freebsd-x64': [ '0.21.5' ],
757 silly audit   '@esbuild/linux-arm': [ '0.21.5' ],
757 silly audit   '@esbuild/linux-arm64': [ '0.21.5' ],
757 silly audit   '@esbuild/linux-ia32': [ '0.21.5' ],
757 silly audit   '@esbuild/linux-loong64': [ '0.21.5' ],
757 silly audit   '@esbuild/linux-mips64el': [ '0.21.5' ],
757 silly audit   '@esbuild/linux-ppc64': [ '0.21.5' ],
757 silly audit   '@esbuild/linux-riscv64': [ '0.21.5' ],
757 silly audit   '@esbuild/linux-s390x': [ '0.21.5' ],
757 silly audit   '@esbuild/linux-x64': [ '0.21.5' ],
757 silly audit   '@esbuild/netbsd-x64': [ '0.21.5' ],
757 silly audit   '@esbuild/openbsd-x64': [ '0.21.5' ],
757 silly audit   '@esbuild/sunos-x64': [ '0.21.5' ],
757 silly audit   '@esbuild/win32-arm64': [ '0.21.5' ],
757 silly audit   '@esbuild/win32-ia32': [ '0.21.5' ],
757 silly audit   '@esbuild/win32-x64': [ '0.21.5' ],
757 silly audit   nanoid: [ '3.3.17' ],
757 silly audit   picocolors: [ '1.1.1' ],
757 silly audit   'source-map-js': [ '1.2.1' ],
757 silly audit   '@napi-rs/lzma-linux-x64-gnu': [ '1.5.1' ],
757 silly audit   '@rollup/rollup-android-arm-eabi': [ '4.62.4' ],
757 silly audit   '@rollup/rollup-android-arm64': [ '4.62.4' ],
757 silly audit   '@rollup/rollup-darwin-arm64': [ '4.62.4' ],
757 silly audit   '@rollup/rollup-darwin-x64': [ '4.62.4' ],
757 silly audit   '@rollup/rollup-freebsd-arm64': [ '4.62.4' ],
757 silly audit   '@rollup/rollup-freebsd-x64': [ '4.62.4' ],
757 silly audit   '@rollup/rollup-linux-arm-gnueabihf': [ '4.62.4' ],
757 silly audit   '@rollup/rollup-linux-arm-musleabihf': [ '4.62.4' ],
757 silly audit   '@rollup/rollup-linux-arm64-gnu': [ '4.62.4' ],
757 silly audit   '@rollup/rollup-linux-arm64-musl': [ '4.62.4' ],
757 silly audit   '@rollup/rollup-linux-loong64-gnu': [ '4.62.4' ],
757 silly audit   '@rollup/rollup-linux-loong64-musl': [ '4.62.4' ],
757 silly audit   '@rollup/rollup-linux-ppc64-gnu': [ '4.62.4' ],
757 silly audit   '@rollup/rollup-linux-ppc64-musl': [ '4.62.4' ],
757 silly audit   '@rollup/rollup-linux-riscv64-gnu': [ '4.62.4' ],
757 silly audit   '@rollup/rollup-linux-riscv64-musl': [ '4.62.4' ],
757 silly audit   '@rollup/rollup-linux-s390x-gnu': [ '4.62.4' ],
757 silly audit   '@rollup/rollup-linux-x64-gnu': [ '4.62.4' ],
757 silly audit   '@rollup/rollup-linux-x64-musl': [ '4.62.4' ],
757 silly audit   '@rollup/rollup-openbsd-x64': [ '4.62.4' ],
757 silly audit   '@rollup/rollup-openharmony-arm64': [ '4.62.4' ],
757 silly audit   '@rollup/rollup-win32-arm64-msvc': [ '4.62.4' ],
757 silly audit   '@rollup/rollup-win32-ia32-msvc': [ '4.62.4' ],
757 silly audit   '@rollup/rollup-win32-x64-gnu': [ '4.62.4' ],
757 silly audit   '@rollup/rollup-win32-x64-msvc': [ '4.62.4' ],
757 silly audit   '@types/estree': [ '1.0.9' ],
757 silly audit   '@vue/compiler-dom': [ '3.5.40' ],
757 silly audit   '@vue/compiler-sfc': [ '3.5.40' ],
757 silly audit   '@vue/runtime-dom': [ '3.5.40' ],
757 silly audit   '@vue/server-renderer': [ '3.5.40' ],
757 silly audit   '@vue/shared': [ '3.5.40' ],
757 silly audit   '@vue/compiler-core': [ '3.5.40' ],
757 silly audit   '@babel/parser': [ '7.29.8' ],
757 silly audit   entities: [ '7.0.1' ],
757 silly audit   'estree-walker': [ '2.0.2' ],
757 silly audit   '@babel/types': [ '7.29.8' ],
757 silly audit   '@babel/helper-string-parser': [ '7.29.7' ],
757 silly audit   '@babel/helper-validator-identifier': [ '7.29.7' ],
757 silly audit   '@vue/compiler-ssr': [ '3.5.40' ],
757 silly audit   'magic-string': [ '0.30.21' ],
757 silly audit   '@vue/reactivity': [ '3.5.40' ],
757 silly audit   '@vue/runtime-core': [ '3.5.40' ],
757 silly audit   csstype: [ '3.2.3' ],
757 silly audit   '@jridgewell/sourcemap-codec': [ '1.5.5' ]
757 silly audit }
758 verbose reify failed optional dependency D:\code\codeByCursor\AI_EXAM\frontend\node_modules\@rollup\rollup-win32-ia32-msvc
759 silly reify mark deleted [
759 silly reify   'D:\\code\\codeByCursor\\AI_EXAM\\frontend\\node_modules\\@rollup\\rollup-win32-ia32-msvc'
759 silly reify ]
760 verbose reify failed optional dependency D:\code\codeByCursor\AI_EXAM\frontend\node_modules\@rollup\rollup-win32-arm64-msvc
761 silly reify mark deleted [
761 silly reify   'D:\\code\\codeByCursor\\AI_EXAM\\frontend\\node_modules\\@rollup\\rollup-win32-arm64-msvc'
761 silly reify ]
762 verbose reify failed optional dependency D:\code\codeByCursor\AI_EXAM\frontend\node_modules\@rollup\rollup-openharmony-arm64
763 silly reify mark deleted [
763 silly reify   'D:\\code\\codeByCursor\\AI_EXAM\\frontend\\node_modules\\@rollup\\rollup-openharmony-arm64'
763 silly reify ]
764 verbose reify failed optional dependency D:\code\codeByCursor\AI_EXAM\frontend\node_modules\@rollup\rollup-openbsd-x64
765 silly reify mark deleted [
765 silly reify   'D:\\code\\codeByCursor\\AI_EXAM\\frontend\\node_modules\\@rollup\\rollup-openbsd-x64'
765 silly reify ]
766 verbose reify failed optional dependency D:\code\codeByCursor\AI_EXAM\frontend\node_modules\@rollup\rollup-linux-x64-musl
767 silly reify mark deleted [
767 silly reify   'D:\\code\\codeByCursor\\AI_EXAM\\frontend\\node_modules\\@rollup\\rollup-linux-x64-musl'
767 silly reify ]
768 verbose reify failed optional dependency D:\code\codeByCursor\AI_EXAM\frontend\node_modules\@rollup\rollup-linux-x64-gnu
769 silly reify mark deleted [
769 silly reify   'D:\\code\\codeByCursor\\AI_EXAM\\frontend\\node_modules\\@rollup\\rollup-linux-x64-gnu'
769 silly reify ]
770 verbose reify failed optional dependency D:\code\codeByCursor\AI_EXAM\frontend\node_modules\@rollup\rollup-linux-s390x-gnu
771 silly reify mark deleted [
771 silly reify   'D:\\code\\codeByCursor\\AI_EXAM\\frontend\\node_modules\\@rollup\\rollup-linux-s390x-gnu'
771 silly reify ]
772 verbose reify failed optional dependency D:\code\codeByCursor\AI_EXAM\frontend\node_modules\@rollup\rollup-linux-riscv64-musl
773 silly reify mark deleted [
773 silly reify   'D:\\code\\codeByCursor\\AI_EXAM\\frontend\\node_modules\\@rollup\\rollup-linux-riscv64-musl'
773 silly reify ]
774 verbose reify failed optional dependency D:\code\codeByCursor\AI_EXAM\frontend\node_modules\@rollup\rollup-linux-riscv64-gnu
775 silly reify mark deleted [
775 silly reify   'D:\\code\\codeByCursor\\AI_EXAM\\frontend\\node_modules\\@rollup\\rollup-linux-riscv64-gnu'
775 silly reify ]
776 verbose reify failed optional dependency D:\code\codeByCursor\AI_EXAM\frontend\node_modules\@rollup\rollup-linux-ppc64-musl
777 silly reify mark deleted [
777 silly reify   'D:\\code\\codeByCursor\\AI_EXAM\\frontend\\node_modules\\@rollup\\rollup-linux-ppc64-musl'
777 silly reify ]
778 verbose reify failed optional dependency D:\code\codeByCursor\AI_EXAM\frontend\node_modules\@rollup\rollup-linux-ppc64-gnu
779 silly reify mark deleted [
779 silly reify   'D:\\code\\codeByCursor\\AI_EXAM\\frontend\\node_modules\\@rollup\\rollup-linux-ppc64-gnu'
779 silly reify ]
780 verbose reify failed optional dependency D:\code\codeByCursor\AI_EXAM\frontend\node_modules\@rollup\rollup-linux-loong64-musl
781 silly reify mark deleted [
781 silly reify   'D:\\code\\codeByCursor\\AI_EXAM\\frontend\\node_modules\\@rollup\\rollup-linux-loong64-musl'
781 silly reify ]
782 verbose reify failed optional dependency D:\code\codeByCursor\AI_EXAM\frontend\node_modules\@rollup\rollup-linux-loong64-gnu
783 silly reify mark deleted [
783 silly reify   'D:\\code\\codeByCursor\\AI_EXAM\\frontend\\node_modules\\@rollup\\rollup-linux-loong64-gnu'
783 silly reify ]
784 verbose reify failed optional dependency D:\code\codeByCursor\AI_EXAM\frontend\node_modules\@rollup\rollup-linux-arm64-musl
785 silly reify mark deleted [
785 silly reify   'D:\\code\\codeByCursor\\AI_EXAM\\frontend\\node_modules\\@rollup\\rollup-linux-arm64-musl'
785 silly reify ]
786 verbose reify failed optional dependency D:\code\codeByCursor\AI_EXAM\frontend\node_modules\@rollup\rollup-linux-arm64-gnu
787 silly reify mark deleted [
787 silly reify   'D:\\code\\codeByCursor\\AI_EXAM\\frontend\\node_modules\\@rollup\\rollup-linux-arm64-gnu'
787 silly reify ]
788 verbose reify failed optional dependency D:\code\codeByCursor\AI_EXAM\frontend\node_modules\@rollup\rollup-linux-arm-musleabihf
789 silly reify mark deleted [
789 silly reify   'D:\\code\\codeByCursor\\AI_EXAM\\frontend\\node_modules\\@rollup\\rollup-linux-arm-musleabihf'
789 silly reify ]
790 verbose reify failed optional dependency D:\code\codeByCursor\AI_EXAM\frontend\node_modules\@rollup\rollup-linux-arm-gnueabihf
791 silly reify mark deleted [
791 silly reify   'D:\\code\\codeByCursor\\AI_EXAM\\frontend\\node_modules\\@rollup\\rollup-linux-arm-gnueabihf'
791 silly reify ]
792 verbose reify failed optional dependency D:\code\codeByCursor\AI_EXAM\frontend\node_modules\@rollup\rollup-freebsd-x64
793 silly reify mark deleted [
793 silly reify   'D:\\code\\codeByCursor\\AI_EXAM\\frontend\\node_modules\\@rollup\\rollup-freebsd-x64'
793 silly reify ]
794 verbose reify failed optional dependency D:\code\codeByCursor\AI_EXAM\frontend\node_modules\@rollup\rollup-freebsd-arm64
795 silly reify mark deleted [
795 silly reify   'D:\\code\\codeByCursor\\AI_EXAM\\frontend\\node_modules\\@rollup\\rollup-freebsd-arm64'
795 silly reify ]
796 verbose reify failed optional dependency D:\code\codeByCursor\AI_EXAM\frontend\node_modules\@rollup\rollup-darwin-x64
797 silly reify mark deleted [
797 silly reify   'D:\\code\\codeByCursor\\AI_EXAM\\frontend\\node_modules\\@rollup\\rollup-darwin-x64'
797 silly reify ]
798 verbose reify failed optional dependency D:\code\codeByCursor\AI_EXAM\frontend\node_modules\@rollup\rollup-darwin-arm64
799 silly reify mark deleted [
799 silly reify   'D:\\code\\codeByCursor\\AI_EXAM\\frontend\\node_modules\\@rollup\\rollup-darwin-arm64'
799 silly reify ]
800 verbose reify failed optional dependency D:\code\codeByCursor\AI_EXAM\frontend\node_modules\@rollup\rollup-android-arm64
801 silly reify mark deleted [
801 silly reify   'D:\\code\\codeByCursor\\AI_EXAM\\frontend\\node_modules\\@rollup\\rollup-android-arm64'
801 silly reify ]
802 verbose reify failed optional dependency D:\code\codeByCursor\AI_EXAM\frontend\node_modules\@rollup\rollup-android-arm-eabi
803 silly reify mark deleted [
803 silly reify   'D:\\code\\codeByCursor\\AI_EXAM\\frontend\\node_modules\\@rollup\\rollup-android-arm-eabi'
803 silly reify ]
804 verbose reify failed optional dependency D:\code\codeByCursor\AI_EXAM\frontend\node_modules\@napi-rs\lzma-linux-x64-gnu
805 silly reify mark deleted [
805 silly reify   'D:\\code\\codeByCursor\\AI_EXAM\\frontend\\node_modules\\@napi-rs\\lzma-linux-x64-gnu'
805 silly reify ]
806 verbose reify failed optional dependency D:\code\codeByCursor\AI_EXAM\frontend\node_modules\@esbuild\win32-ia32
807 silly reify mark deleted [
807 silly reify   'D:\\code\\codeByCursor\\AI_EXAM\\frontend\\node_modules\\@esbuild\\win32-ia32'
807 silly reify ]
808 verbose reify failed optional dependency D:\code\codeByCursor\AI_EXAM\frontend\node_modules\@esbuild\win32-arm64
809 silly reify mark deleted [
809 silly reify   'D:\\code\\codeByCursor\\AI_EXAM\\frontend\\node_modules\\@esbuild\\win32-arm64'
809 silly reify ]
810 verbose reify failed optional dependency D:\code\codeByCursor\AI_EXAM\frontend\node_modules\@esbuild\sunos-x64
811 silly reify mark deleted [
811 silly reify   'D:\\code\\codeByCursor\\AI_EXAM\\frontend\\node_modules\\@esbuild\\sunos-x64'
811 silly reify ]
812 verbose reify failed optional dependency D:\code\codeByCursor\AI_EXAM\frontend\node_modules\@esbuild\openbsd-x64
813 silly reify mark deleted [
813 silly reify   'D:\\code\\codeByCursor\\AI_EXAM\\frontend\\node_modules\\@esbuild\\openbsd-x64'
813 silly reify ]
814 verbose reify failed optional dependency D:\code\codeByCursor\AI_EXAM\frontend\node_modules\@esbuild\netbsd-x64
815 silly reify mark deleted [
815 silly reify   'D:\\code\\codeByCursor\\AI_EXAM\\frontend\\node_modules\\@esbuild\\netbsd-x64'
815 silly reify ]
816 verbose reify failed optional dependency D:\code\codeByCursor\AI_EXAM\frontend\node_modules\@esbuild\linux-x64
817 silly reify mark deleted [
817 silly reify   'D:\\code\\codeByCursor\\AI_EXAM\\frontend\\node_modules\\@esbuild\\linux-x64'
817 silly reify ]
818 verbose reify failed optional dependency D:\code\codeByCursor\AI_EXAM\frontend\node_modules\@esbuild\linux-s390x
819 silly reify mark deleted [
819 silly reify   'D:\\code\\codeByCursor\\AI_EXAM\\frontend\\node_modules\\@esbuild\\linux-s390x'
819 silly reify ]
820 verbose reify failed optional dependency D:\code\codeByCursor\AI_EXAM\frontend\node_modules\@esbuild\linux-riscv64
821 silly reify mark deleted [
821 silly reify   'D:\\code\\codeByCursor\\AI_EXAM\\frontend\\node_modules\\@esbuild\\linux-riscv64'
821 silly reify ]
822 verbose reify failed optional dependency D:\code\codeByCursor\AI_EXAM\frontend\node_modules\@esbuild\linux-ppc64
823 silly reify mark deleted [
823 silly reify   'D:\\code\\codeByCursor\\AI_EXAM\\frontend\\node_modules\\@esbuild\\linux-ppc64'
823 silly reify ]
824 verbose reify failed optional dependency D:\code\codeByCursor\AI_EXAM\frontend\node_modules\@esbuild\linux-mips64el
825 silly reify mark deleted [
825 silly reify   'D:\\code\\codeByCursor\\AI_EXAM\\frontend\\node_modules\\@esbuild\\linux-mips64el'
825 silly reify ]
826 verbose reify failed optional dependency D:\code\codeByCursor\AI_EXAM\frontend\node_modules\@esbuild\linux-loong64
827 silly reify mark deleted [
827 silly reify   'D:\\code\\codeByCursor\\AI_EXAM\\frontend\\node_modules\\@esbuild\\linux-loong64'
827 silly reify ]
828 verbose reify failed optional dependency D:\code\codeByCursor\AI_EXAM\frontend\node_modules\@esbuild\linux-ia32
829 silly reify mark deleted [
829 silly reify   'D:\\code\\codeByCursor\\AI_EXAM\\frontend\\node_modules\\@esbuild\\linux-ia32'
829 silly reify ]
830 verbose reify failed optional dependency D:\code\codeByCursor\AI_EXAM\frontend\node_modules\@esbuild\linux-arm64
831 silly reify mark deleted [
831 silly reify   'D:\\code\\codeByCursor\\AI_EXAM\\frontend\\node_modules\\@esbuild\\linux-arm64'
831 silly reify ]
832 verbose reify failed optional dependency D:\code\codeByCursor\AI_EXAM\frontend\node_modules\@esbuild\linux-arm
833 silly reify mark deleted [
833 silly reify   'D:\\code\\codeByCursor\\AI_EXAM\\frontend\\node_modules\\@esbuild\\linux-arm'
833 silly reify ]
834 verbose reify failed optional dependency D:\code\codeByCursor\AI_EXAM\frontend\node_modules\@esbuild\freebsd-x64
835 silly reify mark deleted [
835 silly reify   'D:\\code\\codeByCursor\\AI_EXAM\\frontend\\node_modules\\@esbuild\\freebsd-x64'
835 silly reify ]
836 verbose reify failed optional dependency D:\code\codeByCursor\AI_EXAM\frontend\node_modules\@esbuild\freebsd-arm64
837 silly reify mark deleted [
837 silly reify   'D:\\code\\codeByCursor\\AI_EXAM\\frontend\\node_modules\\@esbuild\\freebsd-arm64'
837 silly reify ]
838 verbose reify failed optional dependency D:\code\codeByCursor\AI_EXAM\frontend\node_modules\@esbuild\darwin-x64
839 silly reify mark deleted [
839 silly reify   'D:\\code\\codeByCursor\\AI_EXAM\\frontend\\node_modules\\@esbuild\\darwin-x64'
839 silly reify ]
840 verbose reify failed optional dependency D:\code\codeByCursor\AI_EXAM\frontend\node_modules\@esbuild\darwin-arm64
841 silly reify mark deleted [
841 silly reify   'D:\\code\\codeByCursor\\AI_EXAM\\frontend\\node_modules\\@esbuild\\darwin-arm64'
841 silly reify ]
842 verbose reify failed optional dependency D:\code\codeByCursor\AI_EXAM\frontend\node_modules\@esbuild\android-x64
843 silly reify mark deleted [
843 silly reify   'D:\\code\\codeByCursor\\AI_EXAM\\frontend\\node_modules\\@esbuild\\android-x64'
843 silly reify ]
844 verbose reify failed optional dependency D:\code\codeByCursor\AI_EXAM\frontend\node_modules\@esbuild\android-arm64
845 silly reify mark deleted [
845 silly reify   'D:\\code\\codeByCursor\\AI_EXAM\\frontend\\node_modules\\@esbuild\\android-arm64'
845 silly reify ]
846 verbose reify failed optional dependency D:\code\codeByCursor\AI_EXAM\frontend\node_modules\@esbuild\android-arm
847 silly reify mark deleted [
847 silly reify   'D:\\code\\codeByCursor\\AI_EXAM\\frontend\\node_modules\\@esbuild\\android-arm'
847 silly reify ]
848 verbose reify failed optional dependency D:\code\codeByCursor\AI_EXAM\frontend\node_modules\@esbuild\aix-ppc64
849 silly reify mark deleted [
849 silly reify   'D:\\code\\codeByCursor\\AI_EXAM\\frontend\\node_modules\\@esbuild\\aix-ppc64'
849 silly reify ]
850 verbose reify failed optional dependency D:\code\codeByCursor\AI_EXAM\frontend\node_modules\fsevents
851 silly reify mark deleted [ 'D:\\code\\codeByCursor\\AI_EXAM\\frontend\\node_modules\\fsevents' ]
852 http fetch POST 404 https://registry.npmmirror.com/-/npm/v1/security/advisories/bulk 65ms
853 silly audit bulk request failed [object Object]
854 http fetch GET 200 https://cdn.npmmirror.com/packages/%40babel/helper-validator-identifier/7.29.7/helper-validator-identifier-7.29.7.tgz 269ms (cache miss)
855 http fetch GET 200 https://cdn.npmmirror.com/packages/%40babel/helper-string-parser/7.29.7/helper-string-parser-7.29.7.tgz 284ms (cache miss)
856 http fetch GET 200 https://cdn.npmmirror.com/packages/%40types/estree/1.0.9/estree-1.0.9.tgz 285ms (cache miss)
857 http fetch GET 200 https://cdn.npmmirror.com/packages/%40vue/compiler-ssr/3.5.40/compiler-ssr-3.5.40.tgz 289ms (cache miss)
858 http fetch GET 200 https://cdn.npmmirror.com/packages/%40vue/shared/3.5.40/shared-3.5.40.tgz 403ms (cache miss)
859 http fetch GET 200 https://cdn.npmmirror.com/packages/picocolors/1.1.1/picocolors-1.1.1.tgz 413ms (cache miss)
860 http fetch GET 200 https://cdn.npmmirror.com/packages/%40vue/devtools-api/6.6.4/devtools-api-6.6.4.tgz 415ms (cache miss)
861 http fetch GET 200 https://cdn.npmmirror.com/packages/vue-demi/0.14.10/vue-demi-0.14.10.tgz 473ms (cache miss)
862 http fetch POST 404 https://registry.npmmirror.com/-/npm/v1/security/audits/quick 427ms
863 verbose audit error HttpErrorGeneral: 404 Not Found - POST https://registry.npmmirror.com/-/npm/v1/security/audits/quick - [NOT_IMPLEMENTED] /-/npm/v1/security/* not implemented yet
863 verbose audit error     at F:\nodejs\node_modules\npm\node_modules\npm-registry-fetch\lib\check-response.js:103:15
863 verbose audit error     at process.processTicksAndRejections (node:internal/process/task_queues:105:5)
863 verbose audit error     at async [getReport] (F:\nodejs\node_modules\npm\node_modules\@npmcli\arborist\lib\audit-report.js:336:21)
863 verbose audit error     at async AuditReport.run (F:\nodejs\node_modules\npm\node_modules\@npmcli\arborist\lib\audit-report.js:106:19) {
863 verbose audit error   headers: [Object: null prototype] {
863 verbose audit error     server: [ 'Tengine' ],
863 verbose audit error     date: [ 'Tue, 04 Aug 2026 03:56:21 GMT' ],
863 verbose audit error     'content-type': [ 'application/json' ],
863 verbose audit error     'transfer-encoding': [ 'chunked' ],
863 verbose audit error     connection: [ 'keep-alive' ],
863 verbose audit error     'strict-transport-security': [ 'max-age=5184000' ],
863 verbose audit error     via: [ 'kunlun9.cn8037[,404666]' ],
863 verbose audit error     'timing-allow-origin': [ '*' ],
863 verbose audit error     eagleid: [ '7d271bdd17858157813772450e' ],
863 verbose audit error     'x-fetch-attempts': [ '1' ]
863 verbose audit error   },
863 verbose audit error   statusCode: 404,
863 verbose audit error   code: 'E404',
863 verbose audit error   method: 'POST',
863 verbose audit error   uri: 'https://registry.npmmirror.com/-/npm/v1/security/audits/quick',
863 verbose audit error   body: {
863 verbose audit error     error: '[NOT_IMPLEMENTED] /-/npm/v1/security/* not implemented yet'
863 verbose audit error   },
863 verbose audit error   pkgid: undefined
863 verbose audit error }
864 silly audit error [object Object]
865 silly audit report null
866 http fetch GET 200 https://cdn.npmmirror.com/packages/math-intrinsics/1.1.0/math-intrinsics-1.1.0.tgz 574ms (cache miss)
867 http fetch GET 200 https://cdn.npmmirror.com/packages/debug/4.4.3/debug-4.4.3.tgz 587ms (cache miss)
868 http fetch GET 200 https://cdn.npmmirror.com/packages/has-symbols/1.1.0/has-symbols-1.1.0.tgz 616ms (cache miss)
869 http fetch GET 200 https://cdn.npmmirror.com/packages/%40vue/reactivity/3.5.40/reactivity-3.5.40.tgz 647ms (cache miss)
870 http fetch GET 200 https://cdn.npmmirror.com/packages/esbuild/0.21.5/esbuild-0.21.5.tgz 661ms (cache miss)
871 http fetch GET 200 https://cdn.npmmirror.com/packages/agent-base/6.0.2/agent-base-6.0.2.tgz 687ms (cache miss)
872 http fetch GET 200 https://cdn.npmmirror.com/packages/magic-string/0.30.21/magic-string-0.30.21.tgz 695ms (cache miss)
873 http fetch GET 200 https://cdn.npmmirror.com/packages/ms/2.1.3/ms-2.1.3.tgz 698ms (cache miss)
874 http fetch GET 200 https://cdn.npmmirror.com/packages/gopd/1.2.0/gopd-1.2.0.tgz 697ms (cache miss)
875 http fetch GET 200 https://cdn.npmmirror.com/packages/es-define-property/1.0.1/es-define-property-1.0.1.tgz 728ms (cache miss)
876 http fetch GET 200 https://cdn.npmmirror.com/packages/%40vue/server-renderer/3.5.40/server-renderer-3.5.40.tgz 746ms (cache miss)
877 http fetch GET 200 https://cdn.npmmirror.com/packages/estree-walker/2.0.2/estree-walker-2.0.2.tgz 748ms (cache miss)
878 http fetch GET 200 https://cdn.npmmirror.com/packages/%40vue/compiler-core/3.5.40/compiler-core-3.5.40.tgz 758ms (cache miss)
879 http fetch GET 200 https://cdn.npmmirror.com/packages/function-bind/1.1.2/function-bind-1.1.2.tgz 775ms (cache miss)
880 http fetch GET 200 https://cdn.npmmirror.com/packages/has-tostringtag/1.0.2/has-tostringtag-1.0.2.tgz 783ms (cache miss)
881 http fetch GET 200 https://cdn.npmmirror.com/packages/call-bind-apply-helpers/1.0.2/call-bind-apply-helpers-1.0.2.tgz 807ms (cache miss)
882 http fetch GET 200 https://cdn.npmmirror.com/packages/mime-types/2.1.35/mime-types-2.1.35.tgz 821ms (cache miss)
883 http fetch GET 200 https://cdn.npmmirror.com/packages/hasown/2.0.4/hasown-2.0.4.tgz 852ms (cache miss)
884 http fetch GET 200 https://cdn.npmmirror.com/packages/combined-stream/1.0.8/combined-stream-1.0.8.tgz 851ms (cache miss)
885 http fetch GET 200 https://cdn.npmmirror.com/packages/memoize-one/6.0.0/memoize-one-6.0.0.tgz 855ms (cache miss)
886 http fetch GET 200 https://cdn.npmmirror.com/packages/%40types/web-bluetooth/0.0.21/web-bluetooth-0.0.21.tgz 874ms (cache miss)
887 http fetch GET 200 https://cdn.npmmirror.com/packages/lodash-unified/1.0.3/lodash-unified-1.0.3.tgz 892ms (cache miss)
888 http fetch GET 200 https://cdn.npmmirror.com/packages/vue-component-type-helpers/3.3.9/vue-component-type-helpers-3.3.9.tgz 901ms (cache miss)
889 http fetch GET 200 https://cdn.npmmirror.com/packages/mime-db/1.52.0/mime-db-1.52.0.tgz 912ms (cache miss)
890 http fetch GET 200 https://cdn.npmmirror.com/packages/tslib/2.3.0/tslib-2.3.0.tgz 909ms (cache miss)
891 http fetch GET 200 https://cdn.npmmirror.com/packages/csstype/3.2.3/csstype-3.2.3.tgz 984ms (cache miss)
892 http fetch GET 200 https://cdn.npmmirror.com/packages/%40vueuse/metadata/14.3.0/metadata-14.3.0.tgz 978ms (cache miss)
893 http fetch GET 200 https://cdn.npmmirror.com/packages/get-intrinsic/1.3.0/get-intrinsic-1.3.0.tgz 999ms (cache miss)
894 http fetch GET 200 https://cdn.npmmirror.com/packages/follow-redirects/1.16.0/follow-redirects-1.16.0.tgz 1008ms (cache miss)
895 http fetch GET 200 https://cdn.npmmirror.com/packages/proxy-from-env/2.1.0/proxy-from-env-2.1.0.tgz 1015ms (cache miss)
896 http fetch GET 200 https://cdn.npmmirror.com/packages/%40vueuse/shared/14.3.0/shared-14.3.0.tgz 1019ms (cache miss)
897 http fetch GET 200 https://cdn.npmmirror.com/packages/es-set-tostringtag/2.1.0/es-set-tostringtag-2.1.0.tgz 1025ms (cache miss)
898 http fetch GET 200 https://cdn.npmmirror.com/packages/delayed-stream/1.0.0/delayed-stream-1.0.0.tgz 1036ms (cache miss)
899 http fetch GET 200 https://cdn.npmmirror.com/packages/dunder-proto/1.0.1/dunder-proto-1.0.1.tgz 1044ms (cache miss)
900 http fetch GET 200 https://cdn.npmmirror.com/packages/%40jridgewell/sourcemap-codec/1.5.5/sourcemap-codec-1.5.5.tgz 1065ms (cache miss)
901 http fetch GET 200 https://cdn.npmmirror.com/packages/normalize-wheel-es/1.2.0/normalize-wheel-es-1.2.0.tgz 1059ms (cache miss)
902 http fetch GET 200 https://cdn.npmmirror.com/packages/%40vue/compiler-dom/3.5.40/compiler-dom-3.5.40.tgz 1081ms (cache miss)
903 http fetch GET 200 https://cdn.npmmirror.com/packages/get-proto/1.0.1/get-proto-1.0.1.tgz 1082ms (cache miss)
904 http fetch GET 200 https://cdn.npmmirror.com/packages/form-data/4.0.6/form-data-4.0.6.tgz 1088ms (cache miss)
905 http fetch GET 200 https://cdn.npmmirror.com/packages/es-object-atoms/1.1.2/es-object-atoms-1.1.2.tgz 1095ms (cache miss)
906 http fetch GET 200 https://cdn.npmmirror.com/packages/%40floating-ui/core/1.8.0/core-1.8.0.tgz 1106ms (cache miss)
907 http fetch GET 200 https://cdn.npmmirror.com/packages/https-proxy-agent/5.0.1/https-proxy-agent-5.0.1.tgz 1115ms (cache miss)
908 http fetch GET 200 https://cdn.npmmirror.com/packages/%40vue/runtime-core/3.5.40/runtime-core-3.5.40.tgz 1143ms (cache miss)
909 http fetch GET 200 https://cdn.npmmirror.com/packages/%40floating-ui/dom/1.8.0/dom-1.8.0.tgz 1136ms (cache miss)
910 http fetch GET 200 https://cdn.npmmirror.com/packages/%40vitejs/plugin-vue/5.2.4/plugin-vue-5.2.4.tgz 1167ms (cache miss)
911 http fetch GET 200 https://cdn.npmmirror.com/packages/source-map-js/1.2.1/source-map-js-1.2.1.tgz 1185ms (cache miss)
912 http fetch GET 200 https://cdn.npmmirror.com/packages/asynckit/0.4.0/asynckit-0.4.0.tgz 1185ms (cache miss)
913 http fetch GET 200 https://cdn.npmmirror.com/packages/%40floating-ui/utils/0.2.12/utils-0.2.12.tgz 1198ms (cache miss)
914 http fetch GET 200 https://cdn.npmmirror.com/packages/es-errors/1.3.0/es-errors-1.3.0.tgz 1201ms (cache miss)
915 http fetch GET 200 https://cdn.npmmirror.com/packages/%40vue/runtime-dom/3.5.40/runtime-dom-3.5.40.tgz 1225ms (cache miss)
916 http fetch GET 200 https://cdn.npmmirror.com/packages/pinia/2.3.1/pinia-2.3.1.tgz 1217ms (cache miss)
917 http fetch GET 200 https://cdn.npmmirror.com/packages/nanoid/3.3.17/nanoid-3.3.17.tgz 1248ms (cache miss)
918 http fetch GET 200 https://cdn.npmmirror.com/packages/%40rollup/rollup-win32-x64-gnu/4.62.4/rollup-win32-x64-gnu-4.62.4.tgz 1286ms (cache miss)
919 http fetch GET 200 https://cdn.npmmirror.com/packages/%40vueuse/core/14.3.0/core-14.3.0.tgz 1301ms (cache miss)
920 http fetch GET 200 https://cdn.npmmirror.com/packages/%40rollup/rollup-win32-x64-msvc/4.62.4/rollup-win32-x64-msvc-4.62.4.tgz 1395ms (cache miss)
921 http fetch GET 200 https://cdn.npmmirror.com/packages/%40vue/compiler-sfc/3.5.40/compiler-sfc-3.5.40.tgz 1410ms (cache miss)
922 http fetch GET 200 https://cdn.npmmirror.com/packages/%40babel/parser/7.29.8/parser-7.29.8.tgz 1412ms (cache miss)
923 http fetch GET 200 https://cdn.npmmirror.com/packages/vue-router/4.6.4/vue-router-4.6.4.tgz 1411ms (cache miss)
924 http fetch GET 200 https://cdn.npmmirror.com/packages/async-validator/4.2.5/async-validator-4.2.5.tgz 1474ms (cache miss)
925 http fetch GET 200 https://cdn.npmmirror.com/packages/%40ctrl/tinycolor/4.2.0/tinycolor-4.2.0.tgz 1484ms (cache miss)
926 http fetch GET 200 https://cdn.npmmirror.com/packages/postcss/8.5.25/postcss-8.5.25.tgz 1590ms (cache miss)
927 http fetch GET 200 https://cdn.npmmirror.com/packages/rollup/4.62.4/rollup-4.62.4.tgz 1809ms (cache miss)
928 http fetch GET 200 https://cdn.npmmirror.com/packages/%40sxzz/popperjs-es/2.11.8/popperjs-es-2.11.8.tgz 1835ms (cache miss)
929 http fetch GET 200 https://cdn.npmmirror.com/packages/vue/3.5.40/vue-3.5.40.tgz 1962ms (cache miss)
930 http fetch GET 200 https://cdn.npmmirror.com/packages/vite/5.4.21/vite-5.4.21.tgz 1972ms (cache miss)
931 http fetch GET 200 https://cdn.npmmirror.com/packages/entities/7.0.1/entities-7.0.1.tgz 2028ms (cache miss)
932 http fetch GET 200 https://cdn.npmmirror.com/packages/axios/1.19.0/axios-1.19.0.tgz 2140ms (cache miss)
933 http fetch GET 200 https://cdn.npmmirror.com/packages/%40babel/types/7.29.8/types-7.29.8.tgz 2462ms (cache miss)
934 http fetch GET 200 https://cdn.npmmirror.com/packages/%40types/lodash-es/4.17.12/lodash-es-4.17.12.tgz 2754ms (cache miss)
935 http fetch GET 200 https://cdn.npmmirror.com/packages/%40esbuild/win32-x64/0.21.5/win32-x64-0.21.5.tgz 2880ms (cache miss)
936 http fetch GET 200 https://cdn.npmmirror.com/packages/%40element-plus/icons-vue/2.3.2/icons-vue-2.3.2.tgz 3016ms (cache miss)
937 http fetch GET 200 https://cdn.npmmirror.com/packages/zrender/5.6.1/zrender-5.6.1.tgz 3641ms (cache miss)
938 http fetch GET 200 https://cdn.npmmirror.com/packages/dayjs/1.11.21/dayjs-1.11.21.tgz 3722ms (cache miss)
939 http fetch GET 200 https://cdn.npmmirror.com/packages/%40types/lodash/4.17.25/lodash-4.17.25.tgz 4289ms (cache miss)
940 http fetch GET 200 https://cdn.npmmirror.com/packages/lodash-es/4.18.1/lodash-es-4.18.1.tgz 4314ms (cache miss)
941 http fetch GET 200 https://cdn.npmmirror.com/packages/lodash/4.18.1/lodash-4.18.1.tgz 5527ms (cache miss)
942 http fetch GET 200 https://cdn.npmmirror.com/packages/echarts/5.6.0/echarts-5.6.0.tgz 7623ms (cache miss)
943 http fetch GET 200 https://cdn.npmmirror.com/packages/element-plus/2.14.3/element-plus-2.14.3.tgz 19471ms (cache miss)
944 info run esbuild@0.21.5 postinstall node_modules/esbuild node install.js
945 info run vue-demi@0.14.10 postinstall node_modules/vue-demi node -e "try{require('./scripts/postinstall.js')}catch(e){}"
946 info run vue-demi@0.14.10 postinstall { code: 0, signal: null }
947 info run esbuild@0.21.5 postinstall { code: 0, signal: null }
948 silly ADD node_modules/@jridgewell/sourcemap-codec
949 silly ADD node_modules/csstype
950 silly ADD node_modules/@vue/runtime-core
951 silly ADD node_modules/@vue/reactivity
952 silly ADD node_modules/magic-string
953 silly ADD node_modules/@vue/compiler-ssr
954 silly ADD node_modules/@babel/helper-validator-identifier
955 silly ADD node_modules/@babel/helper-string-parser
956 silly ADD node_modules/@babel/types
957 silly ADD node_modules/estree-walker
958 silly ADD node_modules/entities
959 silly ADD node_modules/@babel/parser
960 silly ADD node_modules/@vue/compiler-core
961 silly ADD node_modules/@vue/shared
962 silly ADD node_modules/@vue/server-renderer
963 silly ADD node_modules/@vue/runtime-dom
964 silly ADD node_modules/@vue/compiler-sfc
965 silly ADD node_modules/@vue/compiler-dom
966 silly ADD node_modules/@types/estree
967 silly ADD node_modules/@rollup/rollup-win32-x64-msvc
968 silly ADD node_modules/@rollup/rollup-win32-x64-gnu
969 silly ADD
970 silly ADD
971 silly ADD
972 silly ADD
973 silly ADD
974 silly ADD
975 silly ADD
976 silly ADD
977 silly ADD
978 silly ADD
979 silly ADD
980 silly ADD
981 silly ADD
982 silly ADD
983 silly ADD
984 silly ADD
985 silly ADD
986 silly ADD
987 silly ADD
988 silly ADD
989 silly ADD
990 silly ADD
991 silly ADD
992 silly ADD
993 silly ADD node_modules/source-map-js
994 silly ADD node_modules/picocolors
995 silly ADD node_modules/nanoid
996 silly ADD node_modules/@esbuild/win32-x64
997 silly ADD
998 silly ADD
999 silly ADD
1000 silly ADD
1001 silly ADD
1002 silly ADD
1003 silly ADD
1004 silly ADD
1005 silly ADD
1006 silly ADD
1007 silly ADD
1008 silly ADD
1009 silly ADD
1010 silly ADD
1011 silly ADD
1012 silly ADD
1013 silly ADD
1014 silly ADD
1015 silly ADD
1016 silly ADD
1017 silly ADD
1018 silly ADD
1019 silly ADD node_modules/rollup
1020 silly ADD node_modules/postcss
1021 silly ADD
1022 silly ADD node_modules/esbuild
1023 silly ADD node_modules/vue-demi
1024 silly ADD node_modules/@vue/devtools-api
1025 silly ADD node_modules/mime-db
1026 silly ADD node_modules/ms
1027 silly ADD node_modules/debug
1028 silly ADD node_modules/agent-base
1029 silly ADD node_modules/dunder-proto
1030 silly ADD node_modules/math-intrinsics
1031 silly ADD node_modules/has-symbols
1032 silly ADD node_modules/gopd
1033 silly ADD node_modules/get-proto
1034 silly ADD node_modules/function-bind
1035 silly ADD node_modules/es-object-atoms
1036 silly ADD node_modules/es-define-property
1037 silly ADD node_modules/call-bind-apply-helpers
1038 silly ADD node_modules/has-tostringtag
1039 silly ADD node_modules/get-intrinsic
1040 silly ADD node_modules/es-errors
1041 silly ADD node_modules/delayed-stream
1042 silly ADD node_modules/mime-types
1043 silly ADD node_modules/hasown
1044 silly ADD node_modules/es-set-tostringtag
1045 silly ADD node_modules/combined-stream
1046 silly ADD node_modules/asynckit
1047 silly ADD node_modules/@vueuse/shared
1048 silly ADD node_modules/@vueuse/metadata
1049 silly ADD node_modules/@types/web-bluetooth
1050 silly ADD node_modules/@floating-ui/utils
1051 silly ADD node_modules/@floating-ui/core
1052 silly ADD node_modules/vue-component-type-helpers
1053 silly ADD node_modules/normalize-wheel-es
1054 silly ADD node_modules/memoize-one
1055 silly ADD node_modules/lodash-unified
1056 silly ADD node_modules/lodash-es
1057 silly ADD node_modules/lodash
1058 silly ADD node_modules/dayjs
1059 silly ADD node_modules/async-validator
1060 silly ADD node_modules/@vueuse/core
1061 silly ADD node_modules/@types/lodash-es
1062 silly ADD node_modules/@types/lodash
1063 silly ADD node_modules/@popperjs/core
1064 silly ADD node_modules/@floating-ui/dom
1065 silly ADD node_modules/@ctrl/tinycolor
1066 silly ADD node_modules/zrender
1067 silly ADD node_modules/tslib
1068 silly ADD node_modules/proxy-from-env
1069 silly ADD node_modules/https-proxy-agent
1070 silly ADD node_modules/form-data
1071 silly ADD node_modules/follow-redirects
1072 silly ADD node_modules/vue-router
1073 silly ADD node_modules/pinia
1074 silly ADD node_modules/element-plus
1075 silly ADD node_modules/echarts
1076 silly ADD node_modules/axios
1077 silly ADD node_modules/vite
1078 silly ADD node_modules/@vitejs/plugin-vue
1079 silly ADD node_modules/vue
1080 silly ADD node_modules/@element-plus/icons-vue
1081 verbose cwd D:\code\codeByCursor\AI_EXAM\frontend
1082 verbose os Windows_NT 10.0.22631
1083 verbose node v22.19.0
1084 verbose npm  v10.9.3
1085 notice
1085 notice New major version of npm available! 10.9.3 -> 12.0.2
1085 notice Changelog: https://github.com/npm/cli/releases/tag/v12.0.2
1085 notice To update run: npm install -g npm@12.0.2
1085 notice  { force: true, [Symbol(proc-log.meta)]: true }
1086 verbose exit 0
1087 info ok
