年份,品类,指标,省份,数值,单位
2024,双季晚稻,播种面积,湖南,1269.90,千公顷
2024,夏粮,产量,全国,14989,万吨
2024,夏粮,播种面积,全国,26613.10,千公顷
2024,大豆,产量,全国,2065,万吨
2024,大豆,播种面积,全国,10330,千公顷
2024,小麦,产量,全国,14009.90,万吨
2024,小麦,产量,湖北,410.47,万吨
2024,小麦,产量,重庆,6.12,万吨
2024,小麦,产量,贵州,25.98,万吨
2024,小麦,产量,云南,56.40,万吨
2024,小麦,产量,甘肃,303,万吨
2024,小麦,产量,青海,38.01,万吨
2024,小麦,产量,新疆,703.20,万吨
2024,小麦,播种面积,全国,23587.40,千公顷
2024,小麦,播种面积,湖北,1043.54,千公顷
2024,小麦,播种面积,贵州,103.22,千公顷
2024,小麦,播种面积,甘肃,736,千公顷
2024,小麦,播种面积,青海,97.34,千公顷
2024,小麦,播种面积,新疆,1170.10,千公顷
2024,早稻,播种面积,全国,4754.80,千公顷
2024,梨,产量,新疆,189.51,万吨
2024,棉花,产量,全国,616.40,万吨
2024,棉花,产量,天津,0.10,万吨
2024,棉花,产量,河北,7.10,万吨
2024,棉花,产量,江苏,0.44,万吨
2024,棉花,产量,浙江,0.20,万吨
2024,棉花,产量,安徽,1.90,万吨
2024,棉花,产量,江西,2.10,万吨
2024,棉花,产量,山东,12.70,万吨
2024,棉花,产量,河南,0.70,万吨
2024,棉花,产量,湖北,9.31,万吨
2024,棉花,产量,湖南,8.40,万吨
2024,棉花,产量,甘肃,4.70,万吨
2024,棉花,产量,新疆,568.60,万吨
2024,棉花,播种面积,全国,2838.30,千公顷
2024,棉花,播种面积,天津,0.90,千公顷
2024,棉花,播种面积,河北,57.90,千公顷
2024,棉花,播种面积,江苏,3,千公顷
2024,棉花,播种面积,安徽,20.30,千公顷
2024,棉花,播种面积,江西,19,千公顷
2024,棉花,播种面积,山东,99.80,千公顷
2024,棉花,播种面积,河南,5.60,千公顷
2024,棉花,播种面积,湖北,98.40,千公顷
2024,棉花,播种面积,湖南,60.73,千公顷
2024,棉花,播种面积,甘肃,22.20,千公顷
2024,棉花,播种面积,新疆,2447.90,千公顷
2024,油料,产量,全国,3979,万吨
2024,油料,产量,江苏,106.11,万吨
2024,油料,产量,安徽,189.50,万吨
2024,油料,产量,福建,24.91,万吨
2024,油料,产量,江西,151.30,万吨
2024,油料,产量,山东,284.30,万吨
2024,油料,产量,湖北,406.41,万吨
2024,油料,产量,湖南,302.20,万吨
2024,油料,产量,广东,123.15,万吨
2024,油料,产量,四川,460.80,万吨
2024,油料,产量,贵州,116.25,万吨
2024,油料,产量,甘肃,67.40,万吨
2024,油料,产量,青海,33.57,万吨
2024,油料,产量,新疆,49.90,万吨
2024,油料,播种面积,全国,14290,千公顷
2024,油料,播种面积,吉林,243.10,千公顷
2024,油料,播种面积,江苏,317,千公顷
2024,油料,播种面积,安徽,665.40,千公顷
2024,油料,播种面积,江西,818.90,千公顷
2024,油料,播种面积,湖南,1641.04,千公顷
2024,油料,播种面积,广东,366.51,千公顷
2024,油料,播种面积,四川,1771,千公顷
2024,油料,播种面积,贵州,620.71,千公顷
2024,油料,播种面积,青海,150.84,千公顷
2024,油料,播种面积,新疆,153.70,千公顷
2024,油菜籽,产量,江苏,62.92,万吨
2024,油菜籽,产量,安徽,110.80,万吨
2024,油菜籽,产量,福建,1.46,万吨
2024,油菜籽,产量,江西,87.60,万吨
2024,油菜籽,产量,湖北,292.04,万吨
2024,油菜籽,播种面积,浙江,142,千公顷
2024,油菜籽,播种面积,江西,600.20,千公顷
2024,烟叶,产量,江西,2.50,万吨
2024,烟叶,产量,甘肃,0.50,万吨
2024,烤烟,产量,福建,13.82,万吨
2024,烤烟,产量,湖南,20.60,万吨
2024,玉米,产量,全国,29491.70,万吨
2024,玉米,产量,吉林,3459.56,万吨
2024,玉米,产量,湖北,315.24,万吨
2024,玉米,产量,重庆,261,万吨
2024,玉米,产量,贵州,372.63,万吨
2024,玉米,产量,云南,1075.80,万吨
2024,玉米,产量,甘肃,684.90,万吨
2024,玉米,产量,青海,15.96,万吨
2024,玉米,产量,新疆,1508.50,万吨
2024,玉米,播种面积,全国,44740.70,千公顷
2024,玉米,播种面积,吉林,4558.60,千公顷
2024,玉米,播种面积,湖北,765.46,千公顷
2024,玉米,播种面积,贵州,747.80,千公顷
2024,玉米,播种面积,青海,22.78,千公顷
2024,玉米,播种面积,新疆,1579.70,千公顷
2024,瓜果类,播种面积,浙江,82,千公顷
2024,甘蔗,产量,福建,28.50,万吨
2024,甘蔗,播种面积,江西,12.90,千公顷
2024,甜菜,产量,甘肃,18.40,万吨
2024,甜菜,产量,新疆,731.10,万吨
2024,甜菜,播种面积,新疆,86.80,千公顷
2024,秋粮,产量,全国,52843.40,万吨
2024,秋粮,产量,安徽,2325,万吨
2024,秋粮,播种面积,全国,87951.20,千公顷
2024,秋粮,播种面积,湖南,3448.60,千公顷
2024,稻谷,产量,全国,20753,万吨
2024,稻谷,产量,吉林,676.38,万吨
2024,稻谷,产量,福建,397.68,万吨
2024,稻谷,产量,湖北,1889.25,万吨
2024,稻谷,产量,重庆,492.07,万吨
2024,稻谷,产量,贵州,379.47,万吨
2024,稻谷,产量,云南,452.90,万吨
2024,稻谷,播种面积,吉林,823.10,千公顷
2024,稻谷,播种面积,湖北,2276.55,千公顷
2024,稻谷,播种面积,贵州,574.39,千公顷
2024,粮食,产量,全国,70649.90,万吨
2024,粮食,产量,北京,57.60,万吨
2024,粮食,产量,天津,270.60,万吨
2024,粮食,产量,河北,3908.80,万吨
2024,粮食,产量,山西,1468.70,万吨
2024,粮食,产量,内蒙古,4100.50,万吨
2024,粮食,产量,辽宁,2500.50,万吨
2024,粮食,产量,吉林,4266,万吨
2024,粮食,产量,黑龙江,8001.70,万吨
2024,粮食,产量,上海,98.29,万吨
2024,粮食,产量,江苏,3810.10,万吨
2024,粮食,产量,浙江,650.20,万吨
2024,粮食,产量,安徽,4184.30,万吨
2024,粮食,产量,福建,514.38,万吨
2024,粮食,产量,江西,2196,万吨
2024,粮食,产量,山东,5710.20,万吨
2024,粮食,产量,湖北,2785.34,万吨
2024,粮食,产量,湖南,3078.10,万吨
2024,粮食,产量,广东,1313.40,万吨
2024,粮食,产量,广西,1403.80,万吨
2024,粮食,产量,海南,142.40,万吨
2024,粮食,产量,重庆,1100.73,万吨
2024,粮食,产量,四川,3633.80,万吨
2024,粮食,产量,贵州,1146.11,万吨
2024,粮食,产量,西藏,112.90,万吨
2024,粮食,产量,陕西,1352.30,万吨
2024,粮食,产量,甘肃,1296.10,万吨
2024,粮食,产量,青海,118.25,万吨
2024,粮食,产量,宁夏,385.92,万吨
2024,粮食,产量,新疆,2330.20,万吨
2024,粮食,播种面积,全国,119319.10,千公顷
2024,粮食,播种面积,北京,94.20,千公顷
2024,粮食,播种面积,天津,399.10,千公顷
2024,粮食,播种面积,河北,6460.10,千公顷
2024,粮食,播种面积,山西,3151.60,千公顷
2024,粮食,播种面积,辽宁,3577.50,千公顷
2024,粮食,播种面积,吉林,5853.80,千公顷
2024,粮食,播种面积,黑龙江,14754,千公顷
2024,粮食,播种面积,上海,130.30,千公顷
2024,粮食,播种面积,江苏,5475.53,千公顷
2024,粮食,播种面积,浙江,1047,千公顷
2024,粮食,播种面积,安徽,7344.90,千公顷
2024,粮食,播种面积,福建,844.40,千公顷
2024,粮食,播种面积,江西,3774.60,千公顷
2024,粮食,播种面积,山东,8412.60,千公顷
2024,粮食,播种面积,河南,10777.10,千公顷
2024,粮食,播种面积,湖北,4722.60,千公顷
2024,粮食,播种面积,湖南,4773.40,千公顷
2024,粮食,播种面积,广东,2236.75,千公顷
2024,粮食,播种面积,广西,2841.80,千公顷
2024,粮食,播种面积,海南,272.70,千公顷
2024,粮食,播种面积,重庆,2031.90,千公顷
2024,粮食,播种面积,四川,6405.90,千公顷
2024,粮食,播种面积,贵州,2771.40,千公顷
2024,粮食,播种面积,西藏,199.40,千公顷
2024,粮食,播种面积,陕西,3031.90,千公顷
2024,粮食,播种面积,甘肃,2715.90,千公顷
2024,粮食,播种面积,青海,305.87,千公顷
2024,粮食,播种面积,宁夏,694.20,千公顷
2024,粮食,播种面积,新疆,2960,千公顷
2024,糖料,产量,全国,11870,万吨
2024,糖料,播种面积,全国,1480,千公顷
2024,糖料,播种面积,湖南,7.60,千公顷
2024,花生,产量,江苏,41.83,万吨
2024,花生,产量,安徽,73.90,万吨
2024,花生,产量,福建,23.39,万吨
2024,苹果,产量,陕西,1449.86,万吨
2024,苹果,产量,新疆,229.53,万吨
2024,葡萄,产量,新疆,348.28,万吨
2024,蔬菜,产量,天津,266,万吨
2024,蔬菜,产量,河北,5717.30,万吨
2024,蔬菜,产量,上海,253.78,万吨
2024,蔬菜,产量,安徽,4184.50,万吨
2024,蔬菜,产量,重庆,2436.32,万吨
2024,蔬菜,产量,贵州,3543.15,万吨
2024,蔬菜,产量,云南,3094.14,万吨
2024,蔬菜,产量,西藏,96.50,万吨
2024,蔬菜,产量,甘肃,1961.90,万吨
2024,蔬菜,产量,青海,165,万吨
2024,蔬菜,播种面积,上海,87.60,千公顷
2024,蔬菜,播种面积,江苏,1501,千公顷
2024,蔬菜,播种面积,浙江,681,千公顷
2024,蔬菜,播种面积,江西,720.60,千公顷
2024,蔬菜,播种面积,广东,1489.33,千公顷
2024,蔬菜,播种面积,贵州,1453.10,千公顷
2024,蔬菜,播种面积,青海,44.29,千公顷
2024,薯类,产量,全国,3058.40,万吨
2024,薯类,产量,贵州,273.27,万吨
2024,薯类,产量,甘肃,230.70,万吨
2024,薯类,产量,青海,31.34,万吨
2024,薯类,播种面积,全国,7039.10,千公顷
2024,薯类,播种面积,贵州,826.03,千公顷
2024,谷物,产量,全国,65228.70,万吨
2024,谷物,产量,湖北,2624.90,万吨
2024,谷物,产量,重庆,768.15,万吨
2024,谷物,播种面积,全国,100458,千公顷
2024,豆类,产量,全国,2362.80,万吨
2024,豆类,产量,青海,5.07,万吨
2024,豆类,播种面积,全国,11822,千公顷
2024,豆类,播种面积,吉林,395.50,千公顷
2024,豆类,播种面积,青海,18.86,千公顷
2024,香蕉,产量,海南,110.20,万吨
2024,马铃薯,播种面积,甘肃,578,千公顷
2023,中稻和一季晚稻,产量,北京,0.20,万吨
2023,中稻和一季晚稻,产量,天津,51.80,万吨
2023,中稻和一季晚稻,产量,河北,48.90,万吨
2023,中稻和一季晚稻,产量,山西,1.50,万吨
2023,中稻和一季晚稻,产量,内蒙古,82.10,万吨
2023,中稻和一季晚稻,产量,辽宁,412.90,万吨
2023,中稻和一季晚稻,产量,吉林,682.10,万吨
2023,中稻和一季晚稻,产量,黑龙江,2440,万吨
2023,中稻和一季晚稻,产量,江苏,2003.20,万吨
2023,中稻和一季晚稻,产量,浙江,339,万吨
2023,中稻和一季晚稻,产量,安徽,1406.80,万吨
2023,中稻和一季晚稻,产量,福建,168.80,万吨
2023,中稻和一季晚稻,产量,江西,636.60,万吨
2023,中稻和一季晚稻,产量,山东,86.10,万吨
2023,中稻和一季晚稻,产量,河南,479.20,万吨
2023,中稻和一季晚稻,产量,湖北,1702.90,万吨
2023,中稻和一季晚稻,产量,湖南,1125.10,万吨
2023,中稻和一季晚稻,产量,广西,95.40,万吨
2023,中稻和一季晚稻,产量,重庆,492,万吨
2023,中稻和一季晚稻,产量,四川,1480.80,万吨
2023,中稻和一季晚稻,产量,贵州,366.10,万吨
2023,中稻和一季晚稻,产量,云南,439.80,万吨
2023,中稻和一季晚稻,产量,西藏,0.50,万吨
2023,中稻和一季晚稻,产量,陕西,73.50,万吨
2023,中稻和一季晚稻,产量,甘肃,1.40,万吨
2023,中稻和一季晚稻,产量,宁夏,16.20,万吨
2023,中稻和一季晚稻,产量,新疆,38.30,万吨
2023,中稻和一季晚稻,播种面积,天津,53.90,千公顷
2023,中稻和一季晚稻,播种面积,河北,73.50,千公顷
2023,中稻和一季晚稻,播种面积,山西,2.20,千公顷
2023,中稻和一季晚稻,播种面积,内蒙古,103.40,千公顷
2023,中稻和一季晚稻,播种面积,辽宁,500.50,千公顷
2023,中稻和一季晚稻,播种面积,吉林,828.80,千公顷
2023,中稻和一季晚稻,播种面积,黑龙江,3268.50,千公顷
2023,中稻和一季晚稻,播种面积,上海,104.30,千公顷
2023,中稻和一季晚稻,播种面积,江苏,2221,千公顷
2023,中稻和一季晚稻,播种面积,浙江,422.50,千公顷
2023,中稻和一季晚稻,播种面积,安徽,2148.40,千公顷
2023,中稻和一季晚稻,播种面积,福建,254.10,千公顷
2023,中稻和一季晚稻,播种面积,江西,944.50,千公顷
2023,中稻和一季晚稻,播种面积,山东,101,千公顷
2023,中稻和一季晚稻,播种面积,河南,590.80,千公顷
2023,中稻和一季晚稻,播种面积,湖北,2001.30,千公顷
2023,中稻和一季晚稻,播种面积,湖南,1481.70,千公顷
2023,中稻和一季晚稻,播种面积,广西,133.60,千公顷
2023,中稻和一季晚稻,播种面积,重庆,657,千公顷
2023,中稻和一季晚稻,播种面积,贵州,573.70,千公顷
2023,中稻和一季晚稻,播种面积,云南,656.70,千公顷
2023,中稻和一季晚稻,播种面积,西藏,0.90,千公顷
2023,中稻和一季晚稻,播种面积,陕西,105.40,千公顷
2023,中稻和一季晚稻,播种面积,甘肃,2.30,千公顷
2023,中稻和一季晚稻,播种面积,宁夏,20.10,千公顷
2023,中稻和一季晚稻,播种面积,新疆,39.70,千公顷
2023,人均棉花,产量,全国,3.98,公斤
2023,人均棉花,产量,北京,0,公斤
2023,人均棉花,产量,天津,0.11,公斤
2023,人均棉花,产量,河北,1.40,公斤
2023,人均棉花,产量,山西,0,公斤
2023,人均棉花,产量,江苏,0.06,公斤
2023,人均棉花,产量,浙江,0.05,公斤
2023,人均棉花,产量,安徽,0.33,公斤
2023,人均棉花,产量,江西,0.49,公斤
2023,人均棉花,产量,山东,1.24,公斤
2023,人均棉花,产量,河南,0.08,公斤
2023,人均棉花,产量,湖北,1.64,公斤
2023,人均棉花,产量,广西,0.02,公斤
2023,人均棉花,产量,四川,0,公斤
2023,人均棉花,产量,贵州,0.01,公斤
2023,人均棉花,产量,陕西,0,公斤
2023,人均棉花,产量,甘肃,1.71,公斤
2023,人均棉花,产量,新疆,197.20,公斤
2023,人均油料,产量,全国,27.39,公斤
2023,人均油料,产量,北京,0.47,公斤
2023,人均油料,产量,天津,0.31,公斤
2023,人均油料,产量,河北,15.97,公斤
2023,人均油料,产量,山西,5.16,公斤
2023,人均油料,产量,内蒙古,85.96,公斤
2023,人均油料,产量,辽宁,30.59,公斤
2023,人均油料,产量,吉林,37.72,公斤
2023,人均油料,产量,黑龙江,5.36,公斤
2023,人均油料,产量,上海,0.26,公斤
2023,人均油料,产量,江苏,12.14,公斤
2023,人均油料,产量,浙江,5.39,公斤
2023,人均油料,产量,安徽,30.86,公斤
2023,人均油料,产量,江西,32.76,公斤
2023,人均油料,产量,山东,27.68,公斤
2023,人均油料,产量,河南,71.42,公斤
2023,人均油料,产量,湖北,67.60,公斤
2023,人均油料,产量,湖南,44.51,公斤
2023,人均油料,产量,广东,9.54,公斤
2023,人均油料,产量,广西,16.03,公斤
2023,人均油料,产量,海南,7.66,公斤
2023,人均油料,产量,重庆,24.19,公斤
2023,人均油料,产量,四川,52.40,公斤
2023,人均油料,产量,贵州,28.75,公斤
2023,人均油料,产量,云南,14.62,公斤
2023,人均油料,产量,西藏,13.75,公斤
2023,人均油料,产量,陕西,15.33,公斤
2023,人均油料,产量,甘肃,25.46,公斤
2023,人均油料,产量,青海,53.92,公斤
2023,人均油料,产量,宁夏,6.32,公斤
2023,人均油料,产量,新疆,16.66,公斤
2023,人均粮食,产量,全国,492.95,千克
2023,人均粮食,产量,天津,187.55,千克
2023,人均粮食,产量,河北,514.40,千克
2023,人均粮食,产量,山西,425.53,千克
2023,人均粮食,产量,内蒙古,1650.13,千克
2023,人均粮食,产量,辽宁,611.86,千克
2023,人均粮食,产量,吉林,1786.43,千克
2023,人均粮食,产量,黑龙江,2528.23,千克
2023,人均粮食,产量,上海,41.06,千克
2023,人均粮食,产量,江苏,445.71,千克
2023,人均粮食,产量,浙江,96.76,千克
2023,人均粮食,产量,安徽,677.78,千克
2023,人均粮食,产量,福建,122.08,千克
2023,人均粮食,产量,江西,486.19,千克
2023,人均粮食,产量,山东,557.56,千克
2023,人均粮食,产量,河南,672.96,千克
2023,人均粮食,产量,湖北,475.44,千克
2023,人均粮食,产量,湖南,465.84,千克
2023,人均粮食,产量,广东,101.34,千克
2023,人均粮食,产量,广西,277.02,千克
2023,人均粮食,产量,重庆,342.25,千克
2023,人均粮食,产量,四川,429.31,千克
2023,人均粮食,产量,贵州,290.04,千克
2023,人均粮食,产量,西藏,298.67,千克
2023,人均粮食,产量,陕西,334.76,千克
2023,人均粮食,产量,甘肃,513.58,千克
2023,人均粮食,产量,青海,195.51,千克
2023,人均粮食,产量,宁夏,519.97,千克
2023,人均粮食,产量,新疆,817.42,千克
2023,其他茶,产量,全国,49000,吨
2023,其他茶,产量,陕西,1000,吨
2023,冬小麦,产量,北京,13.20,万吨
2023,冬小麦,产量,天津,64.60,万吨
2023,冬小麦,产量,河北,1477.80,万吨
2023,冬小麦,产量,山西,246.90,万吨
2023,冬小麦,产量,上海,12.90,万吨
2023,冬小麦,产量,江苏,1373.50,万吨
2023,冬小麦,产量,浙江,66.40,万吨
2023,冬小麦,产量,安徽,1740.70,万吨
2023,冬小麦,产量,山东,2673.80,万吨
2023,冬小麦,产量,河南,3549.70,万吨
2023,冬小麦,产量,湖北,410.40,万吨
2023,冬小麦,产量,湖南,7.70,万吨
2023,冬小麦,产量,广东,0.20,万吨
2023,冬小麦,产量,广西,1,万吨
2023,冬小麦,产量,重庆,6.20,万吨
2023,冬小麦,产量,四川,264,万吨
2023,冬小麦,产量,贵州,27.60,万吨
2023,冬小麦,产量,云南,55.40,万吨
2023,冬小麦,产量,西藏,12.80,万吨
2023,冬小麦,产量,陕西,416.60,万吨
2023,冬小麦,产量,甘肃,184.10,万吨
2023,冬小麦,产量,宁夏,5.10,万吨
2023,冬小麦,产量,新疆,562.20,万吨
2023,冬小麦,播种面积,北京,24.60,千公顷
2023,冬小麦,播种面积,天津,105.90,千公顷
2023,冬小麦,播种面积,河北,2233,千公顷
2023,冬小麦,播种面积,山西,535.60,千公顷
2023,冬小麦,播种面积,江苏,2389.50,千公顷
2023,冬小麦,播种面积,浙江,152.60,千公顷
2023,冬小麦,播种面积,安徽,2862.70,千公顷
2023,冬小麦,播种面积,福建,0.10,千公顷
2023,冬小麦,播种面积,江西,11.30,千公顷
2023,冬小麦,播种面积,山东,4008.90,千公顷
2023,冬小麦,播种面积,河南,5686.10,千公顷
2023,冬小麦,播种面积,湖北,1038.40,千公顷
2023,冬小麦,播种面积,湖南,22.70,千公顷
2023,冬小麦,播种面积,广东,0.70,千公顷
2023,冬小麦,播种面积,广西,4.60,千公顷
2023,冬小麦,播种面积,重庆,18.70,千公顷
2023,冬小麦,播种面积,四川,586,千公顷
2023,冬小麦,播种面积,贵州,110.50,千公顷
2023,冬小麦,播种面积,云南,257,千公顷
2023,冬小麦,播种面积,西藏,21.50,千公顷
2023,冬小麦,播种面积,陕西,941.10,千公顷
2023,冬小麦,播种面积,甘肃,525.30,千公顷
2023,冬小麦,播种面积,宁夏,29.20,千公顷
2023,双季晚稻,产量,浙江,69.30,万吨
2023,双季晚稻,产量,安徽,101.50,万吨
2023,双季晚稻,产量,福建,165.80,万吨
2023,双季晚稻,产量,江西,749.60,万吨
2023,双季晚稻,产量,湖北,99.80,万吨
2023,双季晚稻,产量,湖南,797.10,万吨
2023,双季晚稻,产量,广东,567.20,万吨
2023,双季晚稻,产量,广西,455.50,万吨
2023,双季晚稻,产量,海南,59.50,万吨
2023,双季晚稻,产量,云南,3.80,万吨
2023,双季晚稻,播种面积,浙江,104.30,千公顷
2023,双季晚稻,播种面积,安徽,181,千公顷
2023,双季晚稻,播种面积,福建,252.70,千公顷
2023,双季晚稻,播种面积,江西,1237.20,千公顷
2023,双季晚稻,播种面积,湖北,144.30,千公顷
2023,双季晚稻,播种面积,湖南,1260.50,千公顷
2023,双季晚稻,播种面积,广东,961.70,千公顷
2023,双季晚稻,播种面积,广西,814.50,千公顷
2023,双季晚稻,播种面积,海南,116.50,千公顷
2023,向日葵籽,播种面积,北京,0.50,千公顷
2023,向日葵籽,播种面积,天津,0.20,千公顷
2023,向日葵籽,播种面积,河北,49.30,千公顷
2023,向日葵籽,播种面积,山西,34.60,千公顷
2023,向日葵籽,播种面积,内蒙古,496.60,千公顷
2023,向日葵籽,播种面积,辽宁,2.60,千公顷
2023,向日葵籽,播种面积,吉林,4.20,千公顷
2023,向日葵籽,播种面积,黑龙江,0.70,千公顷
2023,向日葵籽,播种面积,江苏,0.20,千公顷
2023,向日葵籽,播种面积,浙江,0.30,千公顷
2023,向日葵籽,播种面积,安徽,0.50,千公顷
2023,向日葵籽,播种面积,福建,0.10,千公顷
2023,向日葵籽,播种面积,江西,0.40,千公顷
2023,向日葵籽,播种面积,山东,1.40,千公顷
2023,向日葵籽,播种面积,河南,6,千公顷
2023,向日葵籽,播种面积,湖北,3.20,千公顷
2023,向日葵籽,播种面积,湖南,1.70,千公顷
2023,向日葵籽,播种面积,广西,0.30,千公顷
2023,向日葵籽,播种面积,重庆,2,千公顷
2023,向日葵籽,播种面积,贵州,4.20,千公顷
2023,向日葵籽,播种面积,云南,3.70,千公顷
2023,向日葵籽,播种面积,陕西,17.50,千公顷
2023,向日葵籽,播种面积,甘肃,27.50,千公顷
2023,向日葵籽,播种面积,宁夏,3,千公顷
2023,向日葵籽,播种面积,新疆,63.80,千公顷
2023,夏粮,产量,全国,14615.20,万吨
2023,夏粮,播种面积,全国,26608.60,千公顷
2023,大豆,产量,全国,2084.17,万吨
2023,大豆,产量,北京,1,万吨
2023,大豆,产量,天津,1.30,万吨
2023,大豆,产量,河北,24.50,万吨
2023,大豆,产量,山西,20.10,万吨
2023,大豆,产量,内蒙古,244.40,万吨
2023,大豆,产量,辽宁,28,万吨
2023,大豆,产量,吉林,74.40,万吨
2023,大豆,产量,黑龙江,927.80,万吨
2023,大豆,产量,上海,0.10,万吨
2023,大豆,产量,江苏,62.40,万吨
2023,大豆,产量,安徽,97.80,万吨
2023,大豆,产量,福建,10.10,万吨
2023,大豆,产量,江西,29.40,万吨
2023,大豆,产量,山东,64,万吨
2023,大豆,产量,河南,92.70,万吨
2023,大豆,产量,湖北,42.80,万吨
2023,大豆,产量,湖南,38,万吨
2023,大豆,产量,广东,9.60,万吨
2023,大豆,产量,广西,17.40,万吨
2023,大豆,产量,海南,0.40,万吨
2023,大豆,产量,重庆,24.40,万吨
2023,大豆,产量,四川,124.70,万吨
2023,大豆,产量,贵州,27.20,万吨
2023,大豆,产量,云南,34.20,万吨
2023,大豆,产量,陕西,31.70,万吨
2023,大豆,产量,甘肃,11.50,万吨
2023,大豆,产量,宁夏,3.40,万吨
2023,大豆,产量,新疆,19.30,万吨
2023,大豆,播种面积,全国,10473.84,千公顷
2023,小麦,产量,北京,13.39,万吨
2023,小麦,产量,天津,74.47,万吨
2023,小麦,产量,河北,1485.56,万吨
2023,小麦,产量,山西,247.08,万吨
2023,小麦,产量,内蒙古,132.46,万吨
2023,小麦,产量,辽宁,0.79,万吨
2023,小麦,产量,吉林,1.71,万吨
2023,小麦,产量,黑龙江,7.46,万吨
2023,小麦,产量,上海,12.94,万吨
2023,小麦,产量,江苏,1373.53,万吨
2023,小麦,产量,浙江,66.43,万吨
2023,小麦,产量,安徽,1740.72,万吨
2023,小麦,产量,福建,0.02,万吨
2023,小麦,产量,江西,3.46,万吨
2023,小麦,产量,山东,2673.76,万吨
2023,小麦,产量,河南,3549.73,万吨
2023,小麦,产量,湖北,410.42,万吨
2023,小麦,产量,湖南,7.71,万吨
2023,小麦,产量,广东,0.21,万吨
2023,小麦,产量,重庆,6.24,万吨
2023,小麦,产量,四川,265.93,万吨
2023,小麦,产量,贵州,27.65,万吨
2023,小麦,产量,云南,55.42,万吨
2023,小麦,产量,西藏,19.17,万吨
2023,小麦,产量,陕西,416.63,万吨
2023,小麦,产量,甘肃,299.17,万吨
2023,小麦,产量,青海,39.66,万吨
2023,小麦,产量,宁夏,23.45,万吨
2023,小麦,产量,新疆,702.84,万吨
2023,小麦,播种面积,全国,23627.25,千公顷
2023,小麦,播种面积,北京,24.99,千公顷
2023,小麦,播种面积,天津,122.88,千公顷
2023,小麦,播种面积,河北,2247.67,千公顷
2023,小麦,播种面积,山西,535.87,千公顷
2023,小麦,播种面积,内蒙古,400.95,千公顷
2023,小麦,播种面积,辽宁,1.95,千公顷
2023,小麦,播种面积,吉林,4.99,千公顷
2023,小麦,播种面积,黑龙江,19.29,千公顷
2023,小麦,播种面积,江苏,2389.52,千公顷
2023,小麦,播种面积,浙江,152.62,千公顷
2023,小麦,播种面积,安徽,2862.70,千公顷
2023,小麦,播种面积,福建,0.06,千公顷
2023,小麦,播种面积,江西,11.25,千公顷
2023,小麦,播种面积,山东,4008.86,千公顷
2023,小麦,播种面积,河南,5686.07,千公顷
2023,小麦,播种面积,湖北,1038.39,千公顷
2023,小麦,播种面积,湖南,22.70,千公顷
2023,小麦,播种面积,广东,0.66,千公顷
2023,小麦,播种面积,广西,4.60,千公顷
2023,小麦,播种面积,重庆,18.66,千公顷
2023,小麦,播种面积,四川,593,千公顷
2023,小麦,播种面积,贵州,110.51,千公顷
2023,小麦,播种面积,云南,257.02,千公顷
2023,小麦,播种面积,西藏,32.96,千公顷
2023,小麦,播种面积,陕西,941.05,千公顷
2023,小麦,播种面积,甘肃,740.15,千公顷
2023,小麦,播种面积,青海,101.04,千公顷
2023,小麦,播种面积,新疆,1209.22,千公顷
2023,早稻,产量,全国,2833.70,万吨
2023,早稻,播种面积,全国,4733.10,千公顷
2023,春小麦,产量,北京,0.20,万吨
2023,春小麦,产量,天津,9.80,万吨
2023,春小麦,产量,河北,7.80,万吨
2023,春小麦,产量,山西,0.10,万吨
2023,春小麦,产量,内蒙古,132.50,万吨
2023,春小麦,产量,辽宁,0.80,万吨
2023,春小麦,产量,吉林,1.70,万吨
2023,春小麦,产量,黑龙江,7.50,万吨
2023,春小麦,产量,四川,2,万吨
2023,春小麦,产量,西藏,6.40,万吨
2023,春小麦,产量,甘肃,115.10,万吨
2023,春小麦,产量,青海,39.70,万吨
2023,春小麦,产量,宁夏,18.30,万吨
2023,春小麦,产量,新疆,140.60,万吨
2023,春小麦,播种面积,北京,0.40,千公顷
2023,春小麦,播种面积,天津,17,千公顷
2023,春小麦,播种面积,山西,0.30,千公顷
2023,春小麦,播种面积,内蒙古,401,千公顷
2023,春小麦,播种面积,辽宁,2,千公顷
2023,春小麦,播种面积,吉林,5,千公顷
2023,春小麦,播种面积,黑龙江,19.30,千公顷
2023,春小麦,播种面积,四川,7,千公顷
2023,春小麦,播种面积,西藏,11.40,千公顷
2023,春小麦,播种面积,甘肃,214.80,千公顷
2023,春小麦,播种面积,青海,101,千公顷
2023,春小麦,播种面积,宁夏,39.70,千公顷
2023,春小麦,播种面积,新疆,251.30,千公顷
2023,果园,种植面积,全国,12738.06,千公顷
2023,果园,种植面积,北京,28.41,千公顷
2023,果园,种植面积,天津,14.30,千公顷
2023,果园,种植面积,河北,460.50,千公顷
2023,果园,种植面积,山西,380.27,千公顷
2023,果园,种植面积,内蒙古,99.52,千公顷
2023,果园,种植面积,辽宁,340.36,千公顷
2023,果园,种植面积,吉林,28.30,千公顷
2023,果园,种植面积,上海,10.76,千公顷
2023,果园,种植面积,江苏,180,千公顷
2023,果园,种植面积,浙江,291.72,千公顷
2023,果园,种植面积,安徽,165.51,千公顷
2023,果园,种植面积,福建,383.78,千公顷
2023,果园,种植面积,江西,440.40,千公顷
2023,果园,种植面积,山东,604.98,千公顷
2023,果园,种植面积,河南,386.72,千公顷
2023,果园,种植面积,湖北,413.71,千公顷
2023,果园,种植面积,湖南,588.63,千公顷
2023,果园,种植面积,广东,1094.88,千公顷
2023,果园,种植面积,广西,1406.02,千公顷
2023,果园,种植面积,海南,208.29,千公顷
2023,果园,种植面积,重庆,373.85,千公顷
2023,果园,种植面积,四川,886.94,千公顷
2023,果园,种植面积,贵州,720.21,千公顷
2023,果园,种植面积,云南,767.81,千公顷
2023,果园,种植面积,西藏,7.44,千公顷
2023,果园,种植面积,陕西,1163.70,千公顷
2023,果园,种植面积,青海,2.65,千公顷
2023,果园,种植面积,宁夏,96.11,千公顷
2023,果园,种植面积,新疆,816.10,千公顷
2023,柑桔,产量,全国,64338000,吨
2023,柑桔,产量,上海,58000,吨
2023,柑桔,产量,江苏,34000,吨
2023,柑桔,产量,浙江,1871000,吨
2023,柑桔,产量,安徽,36000,吨
2023,柑桔,产量,福建,4921000,吨
2023,柑桔,产量,江西,5042000,吨
2023,柑桔,产量,河南,52000,吨
2023,柑桔,产量,湖北,5709000,吨
2023,柑桔,产量,湖南,6783000,吨
2023,柑桔,产量,广东,5918000,吨
2023,柑桔,产量,广西,18946000,吨
2023,柑桔,产量,海南,157000,吨
2023,柑桔,产量,重庆,3975000,吨
2023,柑桔,产量,四川,6150000,吨
2023,柑桔,产量,贵州,1322000,吨
2023,柑桔,产量,西藏,1000,吨
2023,柑桔,产量,陕西,585000,吨
2023,柑桔,产量,甘肃,4000,吨
2023,柑桔园,种植面积,全国,3061.30,千公顷
2023,柑桔园,种植面积,上海,3,千公顷
2023,柑桔园,种植面积,江苏,2.20,千公顷
2023,柑桔园,种植面积,浙江,79,千公顷
2023,柑桔园,种植面积,安徽,2.30,千公顷
2023,柑桔园,种植面积,福建,161.31,千公顷
2023,柑桔园,种植面积,江西,352.10,千公顷
2023,柑桔园,种植面积,河南,4.57,千公顷
2023,柑桔园,种植面积,湖北,243,千公顷
2023,柑桔园,种植面积,湖南,437.50,千公顷
2023,柑桔园,种植面积,广东,261.70,千公顷
2023,柑桔园,种植面积,广西,639.10,千公顷
2023,柑桔园,种植面积,海南,9.90,千公顷
2023,柑桔园,种植面积,重庆,234.50,千公顷
2023,柑桔园,种植面积,四川,383,千公顷
2023,柑桔园,种植面积,贵州,89.10,千公顷
2023,柑桔园,种植面积,西藏,0.20,千公顷
2023,柑桔园,种植面积,陕西,23.20,千公顷
2023,柑桔园,种植面积,甘肃,0.30,千公顷
2023,柞蚕茧,产量,全国,62000,吨
2023,柿子,产量,全国,3983000,吨
2023,柿子,产量,北京,4000,吨
2023,柿子,产量,天津,11000,吨
2023,柿子,产量,河北,393000,吨
2023,柿子,产量,山西,358000,吨
2023,柿子,产量,江苏,81000,吨
2023,柿子,产量,浙江,61800,吨
2023,柿子,产量,安徽,85000,吨
2023,柿子,产量,福建,141000,吨
2023,柿子,产量,江西,25000,吨
2023,柿子,产量,山东,109000,吨
2023,柿子,产量,河南,435804.20,吨
2023,柿子,产量,湖北,53000,吨
2023,柿子,产量,湖南,26000,吨
2023,柿子,产量,广东,130000,吨
2023,柿子,产量,重庆,12000,吨
2023,柿子,产量,四川,57000,吨
2023,柿子,产量,贵州,19000,吨
2023,柿子,产量,云南,130000,吨
2023,柿子,产量,陕西,337000,吨
2023,柿子,产量,甘肃,33472.68,吨
2023,桑蚕茧,产量,全国,772000,吨
2023,梨,产量,全国,1985.26,万吨
2023,梨,产量,北京,3.47,万吨
2023,梨,产量,天津,3.53,万吨
2023,梨,产量,河北,395.68,万吨
2023,梨,产量,山西,152.62,万吨
2023,梨,产量,内蒙古,7.99,万吨
2023,梨,产量,辽宁,126.36,万吨
2023,梨,产量,吉林,7.15,万吨
2023,梨,产量,黑龙江,4.99,万吨
2023,梨,产量,上海,3.14,万吨
2023,梨,产量,江苏,78.59,万吨
2023,梨,产量,浙江,33.65,万吨
2023,梨,产量,福建,21.31,万吨
2023,梨,产量,江西,16.43,万吨
2023,梨,产量,山东,136.56,万吨
2023,梨,产量,河南,150.30,万吨
2023,梨,产量,湖北,44.69,万吨
2023,梨,产量,湖南,21.41,万吨
2023,梨,产量,广东,14.03,万吨
2023,梨,产量,广西,53.39,万吨
2023,梨,产量,重庆,36.02,万吨
2023,梨,产量,四川,93.28,万吨
2023,梨,产量,贵州,54.25,万吨
2023,梨,产量,云南,83.46,万吨
2023,梨,产量,西藏,0.18,万吨
2023,梨,产量,陕西,112.30,万吨
2023,梨,产量,甘肃,25.45,万吨
2023,梨,产量,青海,0.50,万吨
2023,梨,产量,宁夏,1.87,万吨
2023,梨,产量,新疆,160.92,万吨
2023,梨园,种植面积,全国,892.40,千公顷
2023,梨园,种植面积,天津,2.90,千公顷
2023,梨园,种植面积,河北,110.80,千公顷
2023,梨园,种植面积,山西,53.60,千公顷
2023,梨园,种植面积,内蒙古,5.90,千公顷
2023,梨园,种植面积,辽宁,79.30,千公顷
2023,梨园,种植面积,吉林,5.50,千公顷
2023,梨园,种植面积,黑龙江,2,千公顷
2023,梨园,种植面积,上海,1.80,千公顷
2023,梨园,种植面积,江苏,30.70,千公顷
2023,梨园,种植面积,浙江,16.20,千公顷
2023,梨园,种植面积,安徽,40.90,千公顷
2023,梨园,种植面积,福建,14.10,千公顷
2023,梨园,种植面积,江西,18.40,千公顷
2023,梨园,种植面积,山东,38.50,千公顷
2023,梨园,种植面积,河南,59.17,千公顷
2023,梨园,种植面积,湖北,24.20,千公顷
2023,梨园,种植面积,湖南,34.70,千公顷
2023,梨园,种植面积,广东,9.10,千公顷
2023,梨园,种植面积,广西,21.40,千公顷
2023,梨园,种植面积,四川,61.80,千公顷
2023,梨园,种植面积,贵州,40.60,千公顷
2023,梨园,种植面积,云南,57.90,千公顷
2023,梨园,种植面积,西藏,0.60,千公顷
2023,梨园,种植面积,陕西,44.20,千公顷
2023,梨园,种植面积,甘肃,18.75,千公顷
2023,梨园,种植面积,青海,0.50,千公顷
2023,梨园,种植面积,宁夏,2.20,千公顷
2023,梨园,种植面积,新疆,68.20,千公顷
2023,棉花,产量,全国,561.79,万吨
2023,棉花,产量,北京,0,万吨
2023,棉花,产量,天津,0.15,万吨
2023,棉花,产量,河北,10.39,万吨
2023,棉花,产量,山西,0.01,万吨
2023,棉花,产量,江苏,0.50,万吨
2023,棉花,产量,浙江,0.34,万吨
2023,棉花,产量,安徽,2.03,万吨
2023,棉花,产量,江西,2.20,万吨
2023,棉花,产量,山东,12.58,万吨
2023,棉花,产量,湖北,9.60,万吨
2023,棉花,产量,湖南,7.60,万吨
2023,棉花,产量,广西,0.09,万吨
2023,棉花,产量,四川,0.01,万吨
2023,棉花,产量,贵州,0.03,万吨
2023,棉花,产量,陕西,0.02,万吨
2023,棉花,产量,甘肃,4.25,万吨
2023,棉花,产量,新疆,511.25,万吨
2023,棉花,播种面积,全国,2788.14,千公顷
2023,棉花,播种面积,北京,0,千公顷
2023,棉花,播种面积,天津,1.15,千公顷
2023,棉花,播种面积,河北,86.04,千公顷
2023,棉花,播种面积,山西,0.10,千公顷
2023,棉花,播种面积,江苏,3.46,千公顷
2023,棉花,播种面积,浙江,2.43,千公顷
2023,棉花,播种面积,安徽,22.66,千公顷
2023,棉花,播种面积,江西,19.38,千公顷
2023,棉花,播种面积,山东,96.48,千公顷
2023,棉花,播种面积,河南,6.12,千公顷
2023,棉花,播种面积,湖南,55.89,千公顷
2023,棉花,播种面积,广西,0.84,千公顷
2023,棉花,播种面积,四川,0.15,千公顷
2023,棉花,播种面积,贵州,0.34,千公顷
2023,棉花,播种面积,陕西,0.10,千公顷
2023,棉花,播种面积,甘肃,20.41,千公顷
2023,棉花,播种面积,新疆,2369.30,千公顷
2023,油料,产量,全国,3863.66,万吨
2023,油料,产量,北京,1.03,万吨
2023,油料,产量,天津,0.42,万吨
2023,油料,产量,河北,118.28,万吨
2023,油料,产量,山西,17.93,万吨
2023,油料,产量,内蒙古,206.18,万吨
2023,油料,产量,辽宁,128.14,万吨
2023,油料,产量,吉林,88.40,万吨
2023,油料,产量,黑龙江,16.52,万吨
2023,油料,产量,上海,0.65,万吨
2023,油料,产量,江苏,103.42,万吨
2023,油料,产量,浙江,35.57,万吨
2023,油料,产量,福建,24.38,万吨
2023,油料,产量,江西,148.13,万吨
2023,油料,产量,山东,280.75,万吨
2023,油料,产量,河南,703.04,万吨
2023,油料,产量,湖北,394.87,万吨
2023,油料,产量,湖南,293.15,万吨
2023,油料,产量,广东,121.01,万吨
2023,油料,产量,广西,80.75,万吨
2023,油料,产量,海南,7.93,万吨
2023,油料,产量,重庆,77.46,万吨
2023,油料,产量,四川,438.64,万吨
2023,油料,产量,贵州,110.97,万吨
2023,油料,产量,云南,68.45,万吨
2023,油料,产量,西藏,5.01,万吨
2023,油料,产量,陕西,60.63,万吨
2023,油料,产量,甘肃,63.10,万吨
2023,油料,产量,青海,32.05,万吨
2023,油料,产量,宁夏,4.61,万吨
2023,油料,产量,新疆,43.19,万吨
2023,油料,播种面积,北京,3.54,千公顷
2023,油料,播种面积,天津,1.55,千公顷
2023,油料,播种面积,河北,343.39,千公顷
2023,油料,播种面积,山西,97.96,千公顷
2023,油料,播种面积,内蒙古,834.22,千公顷
2023,油料,播种面积,辽宁,320.21,千公顷
2023,油料,播种面积,吉林,237.43,千公顷
2023,油料,播种面积,黑龙江,45.63,千公顷
2023,油料,播种面积,上海,2.33,千公顷
2023,油料,播种面积,江苏,311.54,千公顷
2023,油料,播种面积,浙江,160.44,千公顷
2023,油料,播种面积,安徽,643.46,千公顷
2023,油料,播种面积,福建,84.91,千公顷
2023,油料,播种面积,江西,808.24,千公顷
2023,油料,播种面积,山东,627.77,千公顷
2023,油料,播种面积,河南,1610.25,千公顷
2023,油料,播种面积,湖北,1567.35,千公顷
2023,油料,播种面积,湖南,1614.83,千公顷
2023,油料,播种面积,广东,362.10,千公顷
2023,油料,播种面积,海南,30.83,千公顷
2023,油料,播种面积,重庆,376.13,千公顷
2023,油料,播种面积,四川,1728.94,千公顷
2023,油料,播种面积,贵州,606.74,千公顷
2023,油料,播种面积,云南,338.84,千公顷
2023,油料,播种面积,西藏,19.55,千公顷
2023,油料,播种面积,陕西,268.60,千公顷
2023,油料,播种面积,甘肃,277.61,千公顷
2023,油料,播种面积,青海,147.20,千公顷
2023,油料,播种面积,宁夏,30.13,千公顷
2023,油料,播种面积,新疆,138.14,千公顷
2023,油菜籽,产量,全国,1631.74,万吨
2023,油菜籽,产量,天津,0.13,万吨
2023,油菜籽,产量,河北,6.33,万吨
2023,油菜籽,产量,山西,2.90,万吨
2023,油菜籽,产量,内蒙古,37.78,万吨
2023,油菜籽,产量,辽宁,0.03,万吨
2023,油菜籽,产量,黑龙江,0.02,万吨
2023,油菜籽,产量,上海,0.61,万吨
2023,油菜籽,产量,浙江,29.43,万吨
2023,油菜籽,产量,安徽,110.59,万吨
2023,油菜籽,产量,福建,1.32,万吨
2023,油菜籽,产量,江西,86.29,万吨
2023,油菜籽,产量,山东,2.33,万吨
2023,油菜籽,产量,河南,45.78,万吨
2023,油菜籽,产量,湖北,286.09,万吨
2023,油菜籽,产量,湖南,258.76,万吨
2023,油菜籽,产量,广东,0.77,万吨
2023,油菜籽,产量,广西,4.12,万吨
2023,油菜籽,产量,重庆,60.68,万吨
2023,油菜籽,产量,四川,354.39,万吨
2023,油菜籽,产量,贵州,99.40,万吨
2023,油菜籽,产量,云南,57.80,万吨
2023,油菜籽,产量,西藏,5,万吨
2023,油菜籽,产量,陕西,40.07,万吨
2023,油菜籽,产量,甘肃,37.65,万吨
2023,油菜籽,产量,青海,31.92,万吨
2023,油菜籽,产量,宁夏,1.08,万吨
2023,油菜籽,播种面积,全国,7804.55,千公顷
2023,油菜籽,播种面积,天津,0.68,千公顷
2023,油菜籽,播种面积,河北,36.30,千公顷
2023,油菜籽,播种面积,山西,19.18,千公顷
2023,油菜籽,播种面积,内蒙古,263.58,千公顷
2023,油菜籽,播种面积,辽宁,0.19,千公顷
2023,油菜籽,播种面积,吉林,0,千公顷
2023,油菜籽,播种面积,黑龙江,0.11,千公顷
2023,油菜籽,播种面积,上海,2.20,千公顷
2023,油菜籽,播种面积,江苏,208.89,千公顷
2023,油菜籽,播种面积,浙江,137.96,千公顷
2023,油菜籽,播种面积,安徽,469.75,千公顷
2023,油菜籽,播种面积,福建,9.06,千公顷
2023,油菜籽,播种面积,江西,592.77,千公顷
2023,油菜籽,播种面积,山东,8.92,千公顷
2023,油菜籽,播种面积,河南,194.20,千公顷
2023,油菜籽,播种面积,湖北,1222.30,千公顷
2023,油菜籽,播种面积,湖南,1481.38,千公顷
2023,油菜籽,播种面积,广东,5.10,千公顷
2023,油菜籽,播种面积,重庆,297.82,千公顷
2023,油菜籽,播种面积,四川,1413.85,千公顷
2023,油菜籽,播种面积,贵州,559.30,千公顷
2023,油菜籽,播种面积,云南,283.14,千公顷
2023,油菜籽,播种面积,西藏,19.52,千公顷
2023,油菜籽,播种面积,陕西,184.03,千公顷
2023,油菜籽,播种面积,甘肃,160.70,千公顷
2023,油菜籽,播种面积,青海,146.24,千公顷
2023,油菜籽,播种面积,宁夏,9.99,千公顷
2023,油菜籽,播种面积,新疆,33.26,千公顷
2023,烟叶,产量,全国,229.67,万吨
2023,烟叶,产量,北京,0,万吨
2023,烟叶,产量,河北,0.39,万吨
2023,烟叶,产量,山西,0.47,万吨
2023,烟叶,产量,内蒙古,0.35,万吨
2023,烟叶,产量,辽宁,1.17,万吨
2023,烟叶,产量,吉林,2.11,万吨
2023,烟叶,产量,黑龙江,2.70,万吨
2023,烟叶,产量,浙江,0.09,万吨
2023,烟叶,产量,福建,13.47,万吨
2023,烟叶,产量,江西,2.86,万吨
2023,烟叶,产量,山东,5.52,万吨
2023,烟叶,产量,河南,19.51,万吨
2023,烟叶,产量,湖北,7.97,万吨
2023,烟叶,产量,湖南,21.84,万吨
2023,烟叶,产量,广东,3.74,万吨
2023,烟叶,产量,广西,2.37,万吨
2023,烟叶,产量,海南,0.04,万吨
2023,烟叶,产量,重庆,5.69,万吨
2023,烟叶,产量,四川,17.27,万吨
2023,烟叶,产量,贵州,23.82,万吨
2023,烟叶,产量,云南,89.56,万吨
2023,烟叶,产量,陕西,5.87,万吨
2023,烟叶,产量,甘肃,0.56,万吨
2023,烟叶,产量,宁夏,0.05,万吨
2023,烟叶,播种面积,全国,1084.09,千公顷
2023,烟叶,播种面积,北京,0,千公顷
2023,烟叶,播种面积,河北,1.43,千公顷
2023,烟叶,播种面积,内蒙古,0.94,千公顷
2023,烟叶,播种面积,辽宁,4.01,千公顷
2023,烟叶,播种面积,吉林,7.85,千公顷
2023,烟叶,播种面积,黑龙江,9.90,千公顷
2023,烟叶,播种面积,浙江,0.37,千公顷
2023,烟叶,播种面积,安徽,9.85,千公顷
2023,烟叶,播种面积,福建,62.95,千公顷
2023,烟叶,播种面积,江西,13.71,千公顷
2023,烟叶,播种面积,山东,20.64,千公顷
2023,烟叶,播种面积,河南,73.19,千公顷
2023,烟叶,播种面积,湖北,41.18,千公顷
2023,烟叶,播种面积,湖南,105.69,千公顷
2023,烟叶,播种面积,广东,15.10,千公顷
2023,烟叶,播种面积,广西,11.88,千公顷
2023,烟叶,播种面积,海南,0.33,千公顷
2023,烟叶,播种面积,重庆,29.06,千公顷
2023,烟叶,播种面积,四川,79.66,千公顷
2023,烟叶,播种面积,贵州,142.23,千公顷
2023,烟叶,播种面积,云南,426.11,千公顷
2023,烟叶,播种面积,甘肃,1.66,千公顷
2023,烟叶,播种面积,宁夏,0.24,千公顷
2023,烤烟,产量,全国,219.12,万吨
2023,烤烟,产量,河北,0.14,万吨
2023,烤烟,产量,山西,0.45,万吨
2023,烤烟,产量,内蒙古,0.23,万吨
2023,烤烟,产量,辽宁,0.81,万吨
2023,烤烟,产量,吉林,0.96,万吨
2023,烤烟,产量,黑龙江,2.54,万吨
2023,烤烟,产量,安徽,2.22,万吨
2023,烤烟,产量,福建,13.43,万吨
2023,烤烟,产量,江西,2.84,万吨
2023,烤烟,产量,山东,5.51,万吨
2023,烤烟,产量,河南,19.04,万吨
2023,烤烟,产量,湖北,6.73,万吨
2023,烤烟,产量,湖南,21.69,万吨
2023,烤烟,产量,广东,3.50,万吨
2023,烤烟,产量,广西,2.07,万吨
2023,烤烟,产量,海南,0.04,万吨
2023,烤烟,产量,四川,15.69,万吨
2023,烤烟,产量,贵州,22.99,万吨
2023,烤烟,产量,云南,87.08,万吨
2023,烤烟,产量,陕西,5.80,万吨
2023,烤烟,产量,甘肃,0.54,万吨
2023,烤烟,产量,宁夏,0.05,万吨
2023,烤烟,播种面积,全国,1042.94,千公顷
2023,烤烟,播种面积,河北,0.50,千公顷
2023,烤烟,播种面积,山西,1.52,千公顷
2023,烤烟,播种面积,内蒙古,0.54,千公顷
2023,烤烟,播种面积,辽宁,2.87,千公顷
2023,烤烟,播种面积,吉林,4.11,千公顷
2023,烤烟,播种面积,黑龙江,9.32,千公顷
2023,烤烟,播种面积,安徽,9.79,千公顷
2023,烤烟,播种面积,福建,62.80,千公顷
2023,烤烟,播种面积,江西,13.62,千公顷
2023,烤烟,播种面积,山东,20.61,千公顷
2023,烤烟,播种面积,河南,71.66,千公顷
2023,烤烟,播种面积,湖北,36.21,千公顷
2023,烤烟,播种面积,广东,14.21,千公顷
2023,烤烟,播种面积,广西,10.52,千公顷
2023,烤烟,播种面积,海南,0.33,千公顷
2023,烤烟,播种面积,重庆,25.12,千公顷
2023,烤烟,播种面积,四川,74.38,千公顷
2023,烤烟,播种面积,贵州,137.60,千公顷
2023,烤烟,播种面积,云南,415.94,千公顷
2023,烤烟,播种面积,陕西,24.43,千公顷
2023,烤烟,播种面积,甘肃,1.62,千公顷
2023,烤烟,播种面积,宁夏,0.24,千公顷
2023,玉米,产量,全国,28884.23,万吨
2023,玉米,产量,北京,31.62,万吨
2023,玉米,产量,天津,120.68,万吨
2023,玉米,产量,河北,2014.28,万吨
2023,玉米,产量,山西,1035.14,万吨
2023,玉米,产量,内蒙古,3179.56,万吨
2023,玉米,产量,辽宁,2057.42,万吨
2023,玉米,产量,吉林,3376.29,万吨
2023,玉米,产量,黑龙江,4378.96,万吨
2023,玉米,产量,江苏,298.85,万吨
2023,玉米,产量,浙江,12.16,万吨
2023,玉米,产量,安徽,665.05,万吨
2023,玉米,产量,福建,16.34,万吨
2023,玉米,产量,江西,26.46,万吨
2023,玉米,产量,山东,2710.07,万吨
2023,玉米,产量,河南,2365.70,万吨
2023,玉米,产量,湖北,318.20,万吨
2023,玉米,产量,湖南,239.85,万吨
2023,玉米,产量,广东,65.47,万吨
2023,玉米,产量,广西,278.18,万吨
2023,玉米,产量,重庆,258.58,万吨
2023,玉米,产量,四川,1097.21,万吨
2023,玉米,产量,贵州,343.42,万吨
2023,玉米,产量,云南,1049.26,万吨
2023,玉米,产量,西藏,3.06,万吨
2023,玉米,产量,陕西,637.81,万吨
2023,玉米,产量,甘肃,672.59,万吨
2023,玉米,产量,青海,15.24,万吨
2023,玉米,产量,新疆,1321.42,万吨
2023,玉米,播种面积,全国,44218.94,千公顷
2023,玉米,播种面积,北京,56.14,千公顷
2023,玉米,播种面积,天津,194.22,千公顷
2023,玉米,播种面积,河北,3442.24,千公顷
2023,玉米,播种面积,山西,1842.21,千公顷
2023,玉米,播种面积,内蒙古,4280.25,千公顷
2023,玉米,播种面积,辽宁,2803.94,千公顷
2023,玉米,播种面积,吉林,4544.30,千公顷
2023,玉米,播种面积,黑龙江,6451.71,千公顷
2023,玉米,播种面积,上海,0.69,千公顷
2023,玉米,播种面积,江苏,488.31,千公顷
2023,玉米,播种面积,浙江,27.99,千公顷
2023,玉米,播种面积,安徽,1209.61,千公顷
2023,玉米,播种面积,福建,36.09,千公顷
2023,玉米,播种面积,江西,60.60,千公顷
2023,玉米,播种面积,山东,3881.06,千公顷
2023,玉米,播种面积,河南,3864.37,千公顷
2023,玉米,播种面积,湖北,765.30,千公顷
2023,玉米,播种面积,广东,134.03,千公顷
2023,玉米,播种面积,广西,616.52,千公顷
2023,玉米,播种面积,重庆,448.56,千公顷
2023,玉米,播种面积,四川,1866,千公顷
2023,玉米,播种面积,贵州,687.12,千公顷
2023,玉米,播种面积,云南,1943.68,千公顷
2023,玉米,播种面积,西藏,4.91,千公顷
2023,玉米,播种面积,陕西,1212.33,千公顷
2023,玉米,播种面积,甘肃,1099.17,千公顷
2023,玉米,播种面积,青海,22.77,千公顷
2023,玉米,播种面积,宁夏,390.20,千公顷
2023,玉米,播种面积,新疆,1437.66,千公顷
2023,瓜果类,播种面积,浙江,82.90,千公顷
2023,瓜果类,播种面积,河南,285.83,千公顷
2023,瓜果类,播种面积,广东,43.85,千公顷
2023,甘蔗,产量,全国,10456.55,万吨
2023,甘蔗,产量,上海,0.11,万吨
2023,甘蔗,产量,江苏,3.55,万吨
2023,甘蔗,产量,浙江,37.66,万吨
2023,甘蔗,产量,福建,28.50,万吨
2023,甘蔗,产量,江西,61.38,万吨
2023,甘蔗,产量,河南,7.96,万吨
2023,甘蔗,产量,湖北,26.46,万吨
2023,甘蔗,产量,湖南,34.95,万吨
2023,甘蔗,产量,广东,1271.08,万吨
2023,甘蔗,产量,广西,7223.21,万吨
2023,甘蔗,产量,海南,86.52,万吨
2023,甘蔗,产量,重庆,8.39,万吨
2023,甘蔗,产量,四川,39.23,万吨
2023,甘蔗,产量,贵州,34.66,万吨
2023,甘蔗,产量,云南,1586.89,万吨
2023,甘蔗,产量,陕西,0.23,万吨
2023,甘蔗,播种面积,全国,1265.13,千公顷
2023,甘蔗,播种面积,上海,0.03,千公顷
2023,甘蔗,播种面积,江苏,0.57,千公顷
2023,甘蔗,播种面积,浙江,5.95,千公顷
2023,甘蔗,播种面积,安徽,1.26,千公顷
2023,甘蔗,播种面积,福建,5.10,千公顷
2023,甘蔗,播种面积,河南,1.10,千公顷
2023,甘蔗,播种面积,湖北,6.30,千公顷
2023,甘蔗,播种面积,湖南,7.55,千公顷
2023,甘蔗,播种面积,广东,142.54,千公顷
2023,甘蔗,播种面积,广西,835.09,千公顷
2023,甘蔗,播种面积,海南,13.29,千公顷
2023,甘蔗,播种面积,重庆,1.84,千公顷
2023,甘蔗,播种面积,四川,9.61,千公顷
2023,甘蔗,播种面积,贵州,6.39,千公顷
2023,甘蔗,播种面积,云南,215.13,千公顷
2023,甘蔗,播种面积,陕西,0.06,千公顷
2023,甜瓜,产量,全国,14083000,吨
2023,甜瓜,产量,北京,2000,吨
2023,甜瓜,产量,天津,14000,吨
2023,甜瓜,产量,河北,1038000,吨
2023,甜瓜,产量,山西,76000,吨
2023,甜瓜,产量,内蒙古,413000,吨
2023,甜瓜,产量,辽宁,325000,吨
2023,甜瓜,产量,吉林,292000,吨
2023,甜瓜,产量,上海,19000,吨
2023,甜瓜,产量,江苏,819000,吨
2023,甜瓜,产量,浙江,408000,吨
2023,甜瓜,产量,安徽,187000,吨
2023,甜瓜,产量,福建,36000,吨
2023,甜瓜,产量,江西,188000,吨
2023,甜瓜,产量,山东,2677000,吨
2023,甜瓜,产量,河南,1526535.90,吨
2023,甜瓜,产量,湖北,495000,吨
2023,甜瓜,产量,湖南,495000,吨
2023,甜瓜,产量,广东,143000,吨
2023,甜瓜,产量,广西,313000,吨
2023,甜瓜,产量,海南,23000,吨
2023,甜瓜,产量,重庆,8000,吨
2023,甜瓜,产量,四川,19000,吨
2023,甜瓜,产量,贵州,26000,吨
2023,甜瓜,产量,云南,29000,吨
2023,甜瓜,产量,西藏,1000,吨
2023,甜瓜,产量,陕西,603000,吨
2023,甜瓜,产量,宁夏,55000,吨
2023,甜瓜,产量,新疆,2164000,吨
2023,甜菜,产量,全国,916.02,万吨
2023,甜菜,产量,河北,65.48,万吨
2023,甜菜,产量,山西,0.12,万吨
2023,甜菜,产量,内蒙古,304.75,万吨
2023,甜菜,产量,辽宁,0.90,万吨
2023,甜菜,产量,吉林,1.59,万吨
2023,甜菜,产量,黑龙江,24.58,万吨
2023,甜菜,产量,江苏,1.76,万吨
2023,甜菜,产量,四川,0.04,万吨
2023,甜菜,产量,陕西,0.04,万吨
2023,甜菜,产量,甘肃,16.88,万吨
2023,甜菜,产量,新疆,499.88,万吨
2023,甜菜,播种面积,全国,148.85,千公顷
2023,甜菜,播种面积,河北,11.93,千公顷
2023,甜菜,播种面积,山西,0.04,千公顷
2023,甜菜,播种面积,内蒙古,65.92,千公顷
2023,甜菜,播种面积,辽宁,0.14,千公顷
2023,甜菜,播种面积,黑龙江,4.18,千公顷
2023,甜菜,播种面积,江苏,2.38,千公顷
2023,甜菜,播种面积,四川,0.01,千公顷
2023,甜菜,播种面积,陕西,0.02,千公顷
2023,甜菜,播种面积,甘肃,2.35,千公顷
2023,甜菜,播种面积,新疆,61.58,千公顷
2023,秋粮,产量,全国,52092,万吨
2023,秋粮,产量,安徽,2308.40,万吨
2023,秋粮,产量,广西,886.91,万吨
2023,秋粮,播种面积,全国,87626.80,千公顷
2023,秋粮,播种面积,河南,5097.86,千公顷
2023,秋粮,播种面积,湖南,3445.40,千公顷
2023,秋粮,播种面积,甘肃,1830.20,千公顷
2023,稻谷,产量,全国,20660.32,万吨
2023,稻谷,产量,北京,0.18,万吨
2023,稻谷,产量,天津,51.81,万吨
2023,稻谷,产量,河北,48.85,万吨
2023,稻谷,产量,山西,1.49,万吨
2023,稻谷,产量,内蒙古,82.09,万吨
2023,稻谷,产量,吉林,682.06,万吨
2023,稻谷,产量,黑龙江,2439.96,万吨
2023,稻谷,产量,上海,86.52,万吨
2023,稻谷,产量,江苏,2003.25,万吨
2023,稻谷,产量,浙江,485.27,万吨
2023,稻谷,产量,安徽,1609.80,万吨
2023,稻谷,产量,福建,394.64,万吨
2023,稻谷,产量,江西,2070.73,万吨
2023,稻谷,产量,山东,86.12,万吨
2023,稻谷,产量,河南,479.22,万吨
2023,稻谷,产量,湖北,1880.42,万吨
2023,稻谷,产量,湖南,2665.32,万吨
2023,稻谷,产量,广东,1096.89,万吨
2023,稻谷,产量,广西,1030.35,万吨
2023,稻谷,产量,海南,128.12,万吨
2023,稻谷,产量,重庆,492,万吨
2023,稻谷,产量,四川,1480.77,万吨
2023,稻谷,产量,贵州,366.08,万吨
2023,稻谷,产量,云南,455.54,万吨
2023,稻谷,产量,陕西,73.48,万吨
2023,稻谷,产量,甘肃,1.42,万吨
2023,稻谷,产量,宁夏,16.20,万吨
2023,稻谷,产量,新疆,38.30,万吨
2023,稻谷,播种面积,全国,28949.06,千公顷
2023,稻谷,播种面积,北京,0.33,千公顷
2023,稻谷,播种面积,天津,53.91,千公顷
2023,稻谷,播种面积,河北,73.49,千公顷
2023,稻谷,播种面积,山西,2.21,千公顷
2023,稻谷,播种面积,内蒙古,103.42,千公顷
2023,稻谷,播种面积,辽宁,500.46,千公顷
2023,稻谷,播种面积,吉林,828.82,千公顷
2023,稻谷,播种面积,黑龙江,3268.54,千公顷
2023,稻谷,播种面积,上海,104.35,千公顷
2023,稻谷,播种面积,江苏,2221.02,千公顷
2023,稻谷,播种面积,浙江,648.98,千公顷
2023,稻谷,播种面积,安徽,2500.69,千公顷
2023,稻谷,播种面积,福建,601.11,千公顷
2023,稻谷,播种面积,江西,3383.88,千公顷
2023,稻谷,播种面积,河南,590.75,千公顷
2023,稻谷,播种面积,湖北,2274.16,千公顷
2023,稻谷,播种面积,湖南,3946.99,千公顷
2023,稻谷,播种面积,广东,1827.61,千公顷
2023,稻谷,播种面积,广西,1760.76,千公顷
2023,稻谷,播种面积,海南,228.68,千公顷
2023,稻谷,播种面积,重庆,657,千公顷
2023,稻谷,播种面积,四川,1845.20,千公顷
2023,稻谷,播种面积,贵州,573.71,千公顷
2023,稻谷,播种面积,云南,683.62,千公顷
2023,稻谷,播种面积,西藏,0.86,千公顷
2023,稻谷,播种面积,陕西,105.44,千公顷
2023,稻谷,播种面积,甘肃,2.29,千公顷
2023,稻谷,播种面积,宁夏,20.11,千公顷
2023,稻谷,播种面积,新疆,39.65,千公顷
2023,粮食,产量,全国,69540.99,万吨
2023,粮食,产量,北京,47.78,万吨
2023,粮食,产量,天津,255.73,万吨
2023,粮食,产量,河北,3809.92,万吨
2023,粮食,产量,内蒙古,3957.84,万吨
2023,粮食,产量,辽宁,2563.40,万吨
2023,粮食,产量,吉林,4186.50,万吨
2023,粮食,产量,黑龙江,7788.22,万吨
2023,粮食,产量,上海,101.86,万吨
2023,粮食,产量,江苏,3797.70,万吨
2023,粮食,产量,浙江,638.79,万吨
2023,粮食,产量,安徽,4150.75,万吨
2023,粮食,产量,福建,510.97,万吨
2023,粮食,产量,江西,2198.31,万吨
2023,粮食,产量,山东,5655.28,万吨
2023,粮食,产量,河南,6624.27,万吨
2023,粮食,产量,湖北,2777.04,万吨
2023,粮食,产量,湖南,3068.01,万吨
2023,粮食,产量,广东,1285.19,万吨
2023,粮食,产量,广西,1395.36,万吨
2023,粮食,产量,海南,147.02,万吨
2023,粮食,产量,重庆,1095.90,万吨
2023,粮食,产量,四川,3593.76,万吨
2023,粮食,产量,西藏,108.87,万吨
2023,粮食,产量,陕西,1323.66,万吨
2023,粮食,产量,甘肃,1272.90,万吨
2023,粮食,产量,青海,116.23,万吨
2023,粮食,产量,宁夏,378.80,万吨
2023,粮食,产量,新疆,2119.16,万吨
2023,粮食,播种面积,全国,118968.54,千公顷
2023,粮食,播种面积,北京,89.47,千公顷
2023,粮食,播种面积,天津,390.03,千公顷
2023,粮食,播种面积,河北,6455.19,千公顷
2023,粮食,播种面积,山西,3160.96,千公顷
2023,粮食,播种面积,内蒙古,6984.73,千公顷
2023,粮食,播种面积,辽宁,3578.39,千公顷
2023,粮食,播种面积,吉林,5825.61,千公顷
2023,粮食,播种面积,黑龙江,14743.09,千公顷
2023,粮食,播种面积,上海,127.17,千公顷
2023,粮食,播种面积,江苏,5458.93,千公顷
2023,粮食,播种面积,浙江,1024.68,千公顷
2023,粮食,播种面积,安徽,7334.46,千公顷
2023,粮食,播种面积,江西,3774.29,千公顷
2023,粮食,播种面积,山东,8387.90,千公顷
2023,粮食,播种面积,河南,10785.29,千公顷
2023,粮食,播种面积,湖北,4706.97,千公顷
2023,粮食,播种面积,湖南,4763.48,千公顷
2023,粮食,播种面积,广东,2229.51,千公顷
2023,粮食,播种面积,广西,2834.72,千公顷
2023,粮食,播种面积,海南,273.59,千公顷
2023,粮食,播种面积,重庆,2025.93,千公顷
2023,粮食,播种面积,四川,6403.97,千公顷
2023,粮食,播种面积,贵州,2773.80,千公顷
2023,粮食,播种面积,云南,4243.22,千公顷
2023,粮食,播种面积,西藏,194.58,千公顷
2023,粮食,播种面积,陕西,3022.97,千公顷
2023,粮食,播种面积,甘肃,2710.93,千公顷
2023,粮食,播种面积,青海,304.90,千公顷
2023,粮食,播种面积,宁夏,693.89,千公顷
2023,粮食,播种面积,新疆,2824.77,千公顷
2023,糖料,产量,全国,11376.30,万吨
2023,糖料,产量,云南,1586.89,万吨
2023,糖料,播种面积,全国,1415.15,千公顷
2023,糖料,播种面积,河北,11.94,千公顷
2023,糖料,播种面积,山西,0.04,千公顷
2023,糖料,播种面积,内蒙古,66.21,千公顷
2023,糖料,播种面积,辽宁,0.14,千公顷
2023,糖料,播种面积,吉林,0.30,千公顷
2023,糖料,播种面积,黑龙江,4.18,千公顷
2023,糖料,播种面积,上海,0.03,千公顷
2023,糖料,播种面积,江苏,2.95,千公顷
2023,糖料,播种面积,浙江,5.95,千公顷
2023,糖料,播种面积,安徽,2.13,千公顷
2023,糖料,播种面积,福建,5.10,千公顷
2023,糖料,播种面积,江西,13.33,千公顷
2023,糖料,播种面积,河南,1.10,千公顷
2023,糖料,播种面积,湖北,6.30,千公顷
2023,糖料,播种面积,湖南,7.55,千公顷
2023,糖料,播种面积,广东,142.54,千公顷
2023,糖料,播种面积,广西,835.09,千公顷
2023,糖料,播种面积,重庆,1.84,千公顷
2023,糖料,播种面积,四川,9.62,千公顷
2023,糖料,播种面积,贵州,6.39,千公顷
2023,糖料,播种面积,云南,215.13,千公顷
2023,糖料,播种面积,陕西,0.08,千公顷
2023,糖料,播种面积,甘肃,2.35,千公顷
2023,糖料,播种面积,新疆,61.58,千公顷
2023,红小豆,产量,河北,0.40,万吨
2023,红小豆,产量,山西,0.40,万吨
2023,红小豆,产量,内蒙古,1.80,万吨
2023,红小豆,产量,辽宁,0.20,万吨
2023,红小豆,产量,吉林,1.40,万吨
2023,红小豆,产量,黑龙江,7.30,万吨
2023,红小豆,产量,江苏,0.90,万吨
2023,红小豆,产量,安徽,1.10,万吨
2023,红小豆,产量,福建,0.10,万吨
2023,红小豆,产量,江西,0.20,万吨
2023,红小豆,产量,山东,0.20,万吨
2023,红小豆,产量,河南,0.50,万吨
2023,红小豆,产量,湖南,0.20,万吨
2023,红小豆,产量,广东,0.30,万吨
2023,红小豆,产量,广西,0.10,万吨
2023,红小豆,产量,海南,0.10,万吨
2023,红小豆,产量,重庆,0.30,万吨
2023,红小豆,产量,四川,0.40,万吨
2023,红小豆,产量,贵州,0.10,万吨
2023,红小豆,产量,云南,0.30,万吨
2023,红小豆,产量,陕西,2.20,万吨
2023,红小豆,产量,甘肃,0.30,万吨
2023,红小豆,播种面积,北京,0.10,千公顷
2023,红小豆,播种面积,天津,0.10,千公顷
2023,红小豆,播种面积,河北,2.80,千公顷
2023,红小豆,播种面积,山西,3.10,千公顷
2023,红小豆,播种面积,内蒙古,11.60,千公顷
2023,红小豆,播种面积,辽宁,1,千公顷
2023,红小豆,播种面积,吉林,8,千公顷
2023,红小豆,播种面积,黑龙江,49.80,千公顷
2023,红小豆,播种面积,江苏,4,千公顷
2023,红小豆,播种面积,福建,0.40,千公顷
2023,红小豆,播种面积,江西,0.60,千公顷
2023,红小豆,播种面积,山东,0.70,千公顷
2023,红小豆,播种面积,河南,2.70,千公顷
2023,红小豆,播种面积,湖北,2.90,千公顷
2023,红小豆,播种面积,湖南,1.20,千公顷
2023,红小豆,播种面积,广东,1.10,千公顷
2023,红小豆,播种面积,广西,0.70,千公顷
2023,红小豆,播种面积,海南,0.30,千公顷
2023,红小豆,播种面积,重庆,1.60,千公顷
2023,红小豆,播种面积,四川,1.90,千公顷
2023,红小豆,播种面积,贵州,0.90,千公顷
2023,红小豆,播种面积,云南,1.50,千公顷
2023,红小豆,播种面积,陕西,14.70,千公顷
2023,红小豆,播种面积,甘肃,1.70,千公顷
2023,红枣,产量,全国,7400000,吨
2023,红枣,产量,北京,4000,吨
2023,红枣,产量,天津,19000,吨
2023,红枣,产量,河北,784000,吨
2023,红枣,产量,内蒙古,5000,吨
2023,红枣,产量,辽宁,126000,吨
2023,红枣,产量,江苏,3000,吨
2023,红枣,产量,浙江,1000,吨
2023,红枣,产量,安徽,25000,吨
2023,红枣,产量,山东,629000,吨
2023,红枣,产量,河南,113000,吨
2023,红枣,产量,湖北,15000,吨
2023,红枣,产量,湖南,35000,吨
2023,红枣,产量,广西,34000,吨
2023,红枣,产量,重庆,7000,吨
2023,红枣,产量,四川,17000,吨
2023,红枣,产量,贵州,5000,吨
2023,红枣,产量,云南,25000,吨
2023,红枣,产量,陕西,1334000,吨
2023,红枣,产量,甘肃,91805,吨
2023,红枣,产量,宁夏,98000,吨
2023,红枣,产量,新疆,3267000,吨
2023,绿豆,产量,河北,0.90,万吨
2023,绿豆,产量,内蒙古,5.90,万吨
2023,绿豆,产量,辽宁,0.40,万吨
2023,绿豆,产量,吉林,5.10,万吨
2023,绿豆,产量,黑龙江,0.30,万吨
2023,绿豆,产量,江苏,0.40,万吨
2023,绿豆,产量,安徽,4.80,万吨
2023,绿豆,产量,福建,0.20,万吨
2023,绿豆,产量,江西,0.60,万吨
2023,绿豆,产量,山东,0.40,万吨
2023,绿豆,产量,河南,2.20,万吨
2023,绿豆,产量,湖北,0.80,万吨
2023,绿豆,产量,湖南,2.40,万吨
2023,绿豆,产量,广东,0.40,万吨
2023,绿豆,产量,广西,2.10,万吨
2023,绿豆,产量,重庆,2.20,万吨
2023,绿豆,产量,四川,2.80,万吨
2023,绿豆,产量,贵州,0.20,万吨
2023,绿豆,产量,云南,0.30,万吨
2023,绿豆,产量,陕西,1.70,万吨
2023,绿豆,产量,新疆,0.10,万吨
2023,绿豆,播种面积,河北,5,千公顷
2023,绿豆,播种面积,山西,8.50,千公顷
2023,绿豆,播种面积,内蒙古,47.70,千公顷
2023,绿豆,播种面积,辽宁,2.80,千公顷
2023,绿豆,播种面积,吉林,32,千公顷
2023,绿豆,播种面积,黑龙江,3.20,千公顷
2023,绿豆,播种面积,江苏,1.50,千公顷
2023,绿豆,播种面积,安徽,36.20,千公顷
2023,绿豆,播种面积,福建,0.80,千公顷
2023,绿豆,播种面积,江西,4.20,千公顷
2023,绿豆,播种面积,山东,1.40,千公顷
2023,绿豆,播种面积,河南,17.40,千公顷
2023,绿豆,播种面积,湖北,5.30,千公顷
2023,绿豆,播种面积,湖南,11.30,千公顷
2023,绿豆,播种面积,广东,1.70,千公顷
2023,绿豆,播种面积,广西,13.70,千公顷
2023,绿豆,播种面积,海南,0.30,千公顷
2023,绿豆,播种面积,重庆,10.90,千公顷
2023,绿豆,播种面积,贵州,1.40,千公顷
2023,绿豆,播种面积,云南,1.70,千公顷
2023,绿豆,播种面积,陕西,11.10,千公顷
2023,绿豆,播种面积,甘肃,0.60,千公顷
2023,绿豆,播种面积,新疆,0.20,千公顷
2023,胡麻籽,播种面积,河北,22,千公顷
2023,胡麻籽,播种面积,山西,18.90,千公顷
2023,胡麻籽,播种面积,内蒙古,29.10,千公顷
2023,胡麻籽,播种面积,黑龙江,0.40,千公顷
2023,胡麻籽,播种面积,贵州,0.10,千公顷
2023,胡麻籽,播种面积,陕西,1.50,千公顷
2023,胡麻籽,播种面积,甘肃,74.10,千公顷
2023,胡麻籽,播种面积,青海,1,千公顷
2023,胡麻籽,播种面积,宁夏,17.10,千公顷
2023,胡麻籽,播种面积,新疆,0.90,千公顷
2023,芝麻,产量,全国,45.34,万吨
2023,芝麻,产量,北京,0,万吨
2023,芝麻,产量,天津,0,万吨
2023,芝麻,产量,河北,0.24,万吨
2023,芝麻,产量,内蒙古,0,万吨
2023,芝麻,产量,辽宁,0,万吨
2023,芝麻,产量,吉林,0,万吨
2023,芝麻,产量,黑龙江,0.05,万吨
2023,芝麻,产量,上海,0,万吨
2023,芝麻,产量,江苏,1.34,万吨
2023,芝麻,产量,浙江,1.03,万吨
2023,芝麻,产量,安徽,2.98,万吨
2023,芝麻,产量,福建,0.04,万吨
2023,芝麻,产量,江西,3.97,万吨
2023,芝麻,产量,山东,0.23,万吨
2023,芝麻,产量,河南,16.80,万吨
2023,芝麻,产量,湖北,12.99,万吨
2023,芝麻,产量,湖南,1.75,万吨
2023,芝麻,产量,广东,0.66,万吨
2023,芝麻,产量,广西,0.95,万吨
2023,芝麻,产量,海南,0.08,万吨
2023,芝麻,产量,重庆,0.48,万吨
2023,芝麻,产量,四川,0.31,万吨
2023,芝麻,产量,云南,0.01,万吨
2023,芝麻,产量,陕西,1.15,万吨
2023,芝麻,产量,新疆,0.03,万吨
2023,芝麻,播种面积,全国,280.13,千公顷
2023,芝麻,播种面积,河北,1.80,千公顷
2023,芝麻,播种面积,山西,1.60,千公顷
2023,芝麻,播种面积,黑龙江,0.40,千公顷
2023,芝麻,播种面积,江苏,7.20,千公顷
2023,芝麻,播种面积,浙江,5.90,千公顷
2023,芝麻,播种面积,安徽,17.90,千公顷
2023,芝麻,播种面积,福建,0.30,千公顷
2023,芝麻,播种面积,江西,32.80,千公顷
2023,芝麻,播种面积,山东,1.10,千公顷
2023,芝麻,播种面积,河南,102.90,千公顷
2023,芝麻,播种面积,湖北,75.50,千公顷
2023,芝麻,播种面积,湖南,11.70,千公顷
2023,芝麻,播种面积,广东,3.40,千公顷
2023,芝麻,播种面积,广西,3,千公顷
2023,芝麻,播种面积,海南,0.70,千公顷
2023,芝麻,播种面积,四川,1.90,千公顷
2023,芝麻,播种面积,贵州,0.30,千公顷
2023,芝麻,播种面积,云南,0.10,千公顷
2023,芝麻,播种面积,陕西,7.50,千公顷
2023,芝麻,播种面积,新疆,0.20,千公顷
2023,花生,产量,全国,1923.07,万吨
2023,花生,产量,北京,0.90,万吨
2023,花生,产量,天津,0.21,万吨
2023,花生,产量,河北,94.18,万吨
2023,花生,产量,山西,1.72,万吨
2023,花生,产量,内蒙古,18.73,万吨
2023,花生,产量,辽宁,127.20,万吨
2023,花生,产量,吉林,86.31,万吨
2023,花生,产量,黑龙江,13.39,万吨
2023,花生,产量,上海,0.03,万吨
2023,花生,产量,江苏,40.71,万吨
2023,花生,产量,浙江,5.06,万吨
2023,花生,产量,安徽,73.27,万吨
2023,花生,产量,福建,22.99,万吨
2023,花生,产量,山东,276.81,万吨
2023,花生,产量,河南,638.86,万吨
2023,花生,产量,湖北,93.09,万吨
2023,花生,产量,湖南,32.22,万吨
2023,花生,产量,广东,119.54,万吨
2023,花生,产量,广西,75.49,万吨
2023,花生,产量,海南,7.86,万吨
2023,花生,产量,重庆,15.11,万吨
2023,花生,产量,四川,82.71,万吨
2023,花生,产量,贵州,10.40,万吨
2023,花生,产量,云南,9.21,万吨
2023,花生,产量,西藏,0.01,万吨
2023,花生,产量,陕西,11.54,万吨
2023,花生,产量,甘肃,0.06,万吨
2023,花生,产量,宁夏,0,万吨
2023,花生,产量,新疆,7.68,万吨
2023,花生,播种面积,全国,4797.84,千公顷
2023,花生,播种面积,北京,2.71,千公顷
2023,花生,播种面积,天津,0.62,千公顷
2023,花生,播种面积,山西,5.71,千公顷
2023,花生,播种面积,内蒙古,44.82,千公顷
2023,花生,播种面积,辽宁,317.28,千公顷
2023,花生,播种面积,吉林,226.89,千公顷
2023,花生,播种面积,黑龙江,27.80,千公顷
2023,花生,播种面积,上海,0.11,千公顷
2023,花生,播种面积,江苏,95.13,千公顷
2023,花生,播种面积,浙江,16.26,千公顷
2023,花生,播种面积,安徽,147.78,千公顷
2023,花生,播种面积,福建,75.50,千公顷
2023,花生,播种面积,江西,182.31,千公顷
2023,花生,播种面积,山东,613.25,千公顷
2023,花生,播种面积,河南,1307.04,千公顷
2023,花生,播种面积,湖北,256.18,千公顷
2023,花生,播种面积,湖南,118.90,千公顷
2023,花生,播种面积,广东,353.50,千公顷
2023,花生,播种面积,广西,232.98,千公顷
2023,花生,播种面积,海南,30.18,千公顷
2023,花生,播种面积,重庆,66.03,千公顷
2023,花生,播种面积,贵州,40.61,千公顷
2023,花生,播种面积,云南,45.31,千公顷
2023,花生,播种面积,西藏,0.03,千公顷
2023,花生,播种面积,陕西,37.03,千公顷
2023,花生,播种面积,甘肃,0.15,千公顷
2023,花生,播种面积,宁夏,0,千公顷
2023,花生,播种面积,新疆,14.81,千公顷
2023,苹果,产量,全国,4960.17,万吨
2023,苹果,产量,北京,2.98,万吨
2023,苹果,产量,天津,1.97,万吨
2023,苹果,产量,河北,269.59,万吨
2023,苹果,产量,山西,441.48,万吨
2023,苹果,产量,内蒙古,35.71,万吨
2023,苹果,产量,辽宁,288.90,万吨
2023,苹果,产量,吉林,8.58,万吨
2023,苹果,产量,黑龙江,14.10,万吨
2023,苹果,产量,江苏,57.34,万吨
2023,苹果,产量,安徽,36.82,万吨
2023,苹果,产量,山东,1039.82,万吨
2023,苹果,产量,湖北,0.24,万吨
2023,苹果,产量,重庆,0.55,万吨
2023,苹果,产量,四川,102.15,万吨
2023,苹果,产量,贵州,33.99,万吨
2023,苹果,产量,云南,74.77,万吨
2023,苹果,产量,西藏,0.95,万吨
2023,苹果,产量,陕西,1375.12,万吨
2023,苹果,产量,甘肃,511.87,万吨
2023,苹果,产量,青海,0.46,万吨
2023,苹果,产量,宁夏,24.45,万吨
2023,苹果,产量,新疆,215.96,万吨
2023,苹果园,种植面积,全国,1928.50,千公顷
2023,苹果园,种植面积,北京,4.10,千公顷
2023,苹果园,种植面积,天津,1.30,千公顷
2023,苹果园,种植面积,河北,111.10,千公顷
2023,苹果园,种植面积,山西,131.10,千公顷
2023,苹果园,种植面积,内蒙古,44.70,千公顷
2023,苹果园,种植面积,辽宁,130.70,千公顷
2023,苹果园,种植面积,吉林,7.40,千公顷
2023,苹果园,种植面积,江苏,26,千公顷
2023,苹果园,种植面积,安徽,10.70,千公顷
2023,苹果园,种植面积,山东,236.50,千公顷
2023,苹果园,种植面积,河南,100.81,千公顷
2023,苹果园,种植面积,湖北,0.50,千公顷
2023,苹果园,种植面积,重庆,0.60,千公顷
2023,苹果园,种植面积,四川,48.50,千公顷
2023,苹果园,种植面积,贵州,27.20,千公顷
2023,苹果园,种植面积,云南,57.70,千公顷
2023,苹果园,种植面积,西藏,2.90,千公顷
2023,苹果园,种植面积,陕西,615.30,千公顷
2023,苹果园,种植面积,甘肃,256.43,千公顷
2023,苹果园,种植面积,青海,0.60,千公顷
2023,苹果园,种植面积,宁夏,21.60,千公顷
2023,苹果园,种植面积,新疆,83,千公顷
2023,茶叶,产量,西藏,181.77,吨
2023,茶园,种植面积,全国,3430,千公顷
2023,茶园,种植面积,河北,0.02,千公顷
2023,茶园,种植面积,山西,1,千公顷
2023,茶园,种植面积,上海,0.16,千公顷
2023,茶园,种植面积,江苏,34,千公顷
2023,茶园,种植面积,浙江,210.70,千公顷
2023,茶园,种植面积,安徽,211.90,千公顷
2023,茶园,种植面积,福建,248.50,千公顷
2023,茶园,种植面积,江西,122.10,千公顷
2023,茶园,种植面积,山东,27.20,千公顷
2023,茶园,种植面积,河南,116.80,千公顷
2023,茶园,种植面积,湖北,383.10,千公顷
2023,茶园,种植面积,湖南,216.10,千公顷
2023,茶园,种植面积,广东,112.70,千公顷
2023,茶园,种植面积,广西,107.20,千公顷
2023,茶园,种植面积,海南,2.60,千公顷
2023,茶园,种植面积,重庆,56,千公顷
2023,茶园,种植面积,四川,414.40,千公顷
2023,茶园,种植面积,贵州,450,千公顷
2023,茶园,种植面积,云南,535.50,千公顷
2023,茶园,种植面积,西藏,3.80,千公顷
2023,茶园,种植面积,陕西,163.30,千公顷
2023,菠萝,产量,全国,2068000,吨
2023,菠萝,产量,福建,18000,吨
2023,菠萝,产量,广东,1320000,吨
2023,菠萝,产量,广西,38000,吨
2023,菠萝,产量,海南,560000,吨
2023,菠萝,产量,四川,1000,吨
2023,菠萝,产量,云南,132000,吨
2023,葡萄,产量,全国,1616.61,万吨
2023,葡萄,产量,北京,0.92,万吨
2023,葡萄,产量,天津,4.36,万吨
2023,葡萄,产量,河北,136.66,万吨
2023,葡萄,产量,山西,44.79,万吨
2023,葡萄,产量,内蒙古,4.76,万吨
2023,葡萄,产量,辽宁,89.47,万吨
2023,葡萄,产量,吉林,7.70,万吨
2023,葡萄,产量,黑龙江,8.12,万吨
2023,葡萄,产量,上海,3.59,万吨
2023,葡萄,产量,江苏,69.84,万吨
2023,葡萄,产量,浙江,76.22,万吨
2023,葡萄,产量,福建,25.42,万吨
2023,葡萄,产量,江西,11.94,万吨
2023,葡萄,产量,山东,126.31,万吨
2023,葡萄,产量,河南,91.44,万吨
2023,葡萄,产量,湖北,33.58,万吨
2023,葡萄,产量,湖南,28.87,万吨
2023,葡萄,产量,广西,74.74,万吨
2023,葡萄,产量,重庆,13.86,万吨
2023,葡萄,产量,四川,57.62,万吨
2023,葡萄,产量,贵州,43.97,万吨
2023,葡萄,产量,云南,109.72,万吨
2023,葡萄,产量,西藏,0.54,万吨
2023,葡萄,产量,陕西,93.14,万吨
2023,葡萄,产量,甘肃,26.94,万吨
2023,葡萄,产量,宁夏,19.92,万吨
2023,葡萄,产量,新疆,347.66,万吨
2023,葡萄园,种植面积,全国,696.20,千公顷
2023,葡萄园,种植面积,北京,1.30,千公顷
2023,葡萄园,种植面积,天津,2.10,千公顷
2023,葡萄园,种植面积,山西,16.80,千公顷
2023,葡萄园,种植面积,内蒙古,3.70,千公顷
2023,葡萄园,种植面积,辽宁,32.50,千公顷
2023,葡萄园,种植面积,吉林,4.10,千公顷
2023,葡萄园,种植面积,黑龙江,2.80,千公顷
2023,葡萄园,种植面积,上海,2.10,千公顷
2023,葡萄园,种植面积,江苏,34.20,千公顷
2023,葡萄园,种植面积,浙江,28.80,千公顷
2023,葡萄园,种植面积,安徽,25.90,千公顷
2023,葡萄园,种植面积,福建,11.20,千公顷
2023,葡萄园,种植面积,江西,9.20,千公顷
2023,葡萄园,种植面积,山东,35.50,千公顷
2023,葡萄园,种植面积,河南,35.87,千公顷
2023,葡萄园,种植面积,湖北,16.70,千公顷
2023,葡萄园,种植面积,湖南,28.70,千公顷
2023,葡萄园,种植面积,广西,32.10,千公顷
2023,葡萄园,种植面积,重庆,9.80,千公顷
2023,葡萄园,种植面积,四川,37.10,千公顷
2023,葡萄园,种植面积,贵州,25.50,千公顷
2023,葡萄园,种植面积,西藏,1.10,千公顷
2023,葡萄园,种植面积,陕西,51.20,千公顷
2023,葡萄园,种植面积,甘肃,14.92,千公顷
2023,葡萄园,种植面积,宁夏,31.46,千公顷
2023,葡萄园,种植面积,新疆,118.80,千公顷
2023,蔬菜,产量,全国,82868.11,万吨
2023,蔬菜,产量,北京,207.50,万吨
2023,蔬菜,产量,天津,253.70,万吨
2023,蔬菜,产量,河北,5498,万吨
2023,蔬菜,产量,山西,1065.90,万吨
2023,蔬菜,产量,内蒙古,1097.10,万吨
2023,蔬菜,产量,辽宁,2139.70,万吨
2023,蔬菜,产量,吉林,540,万吨
2023,蔬菜,产量,黑龙江,870.50,万吨
2023,蔬菜,产量,上海,254.80,万吨
2023,蔬菜,产量,江苏,6135.60,万吨
2023,蔬菜,产量,浙江,1992.50,万吨
2023,蔬菜,产量,安徽,2630.10,万吨
2023,蔬菜,产量,福建,1804.80,万吨
2023,蔬菜,产量,山东,9272.40,万吨
2023,蔬菜,产量,河南,8045.60,万吨
2023,蔬菜,产量,湖北,4502.70,万吨
2023,蔬菜,产量,湖南,4488.80,万吨
2023,蔬菜,产量,广东,4099.30,万吨
2023,蔬菜,产量,广西,4425,万吨
2023,蔬菜,产量,海南,632.90,万吨
2023,蔬菜,产量,重庆,2362.01,万吨
2023,蔬菜,产量,贵州,3470,万吨
2023,蔬菜,产量,云南,2960.83,万吨
2023,蔬菜,产量,西藏,88.39,万吨
2023,蔬菜,产量,陕西,2151.20,万吨
2023,蔬菜,产量,甘肃,1822.60,万吨
2023,蔬菜,产量,青海,158.50,万吨
2023,蔬菜,产量,宁夏,544.54,万吨
2023,蔬菜,产量,新疆,2074.20,万吨
2023,蔬菜,播种面积,全国,22873.46,千公顷
2023,蔬菜,播种面积,北京,51.49,千公顷
2023,蔬菜,播种面积,天津,55,千公顷
2023,蔬菜,播种面积,山西,227.05,千公顷
2023,蔬菜,播种面积,内蒙古,218.70,千公顷
2023,蔬菜,播种面积,辽宁,343.50,千公顷
2023,蔬菜,播种面积,吉林,142.20,千公顷
2023,蔬菜,播种面积,黑龙江,193.92,千公顷
2023,蔬菜,播种面积,上海,85.62,千公顷
2023,蔬菜,播种面积,江苏,1484.34,千公顷
2023,蔬菜,播种面积,浙江,671.35,千公顷
2023,蔬菜,播种面积,安徽,787.24,千公顷
2023,蔬菜,播种面积,福建,641.01,千公顷
2023,蔬菜,播种面积,江西,713.80,千公顷
2023,蔬菜,播种面积,山东,1578.92,千公顷
2023,蔬菜,播种面积,河南,1799.40,千公顷
2023,蔬菜,播种面积,湖北,1358.29,千公顷
2023,蔬菜,播种面积,湖南,1433.54,千公顷
2023,蔬菜,播种面积,广东,1453.73,千公顷
2023,蔬菜,播种面积,广西,1704.96,千公顷
2023,蔬菜,播种面积,海南,275.70,千公顷
2023,蔬菜,播种面积,重庆,828.96,千公顷
2023,蔬菜,播种面积,贵州,1437.42,千公顷
2023,蔬菜,播种面积,云南,1339.05,千公顷
2023,蔬菜,播种面积,西藏,28.69,千公顷
2023,蔬菜,播种面积,陕西,558.33,千公顷
2023,蔬菜,播种面积,甘肃,485.72,千公顷
2023,蔬菜,播种面积,青海,43.84,千公顷
2023,蔬菜,播种面积,宁夏,133.65,千公顷
2023,蔬菜,播种面积,新疆,371.40,千公顷
2023,薯类,产量,全国,3013.88,万吨
2023,薯类,产量,北京,1.18,万吨
2023,薯类,产量,天津,1.69,万吨
2023,薯类,产量,河北,154.13,万吨
2023,薯类,产量,山西,60.37,万吨
2023,薯类,产量,内蒙古,130.11,万吨
2023,薯类,产量,辽宁,23.94,万吨
2023,薯类,产量,吉林,17.95,万吨
2023,薯类,产量,黑龙江,14.72,万吨
2023,薯类,产量,上海,0.07,万吨
2023,薯类,产量,江苏,22.35,万吨
2023,薯类,产量,安徽,20.40,万吨
2023,薯类,产量,福建,86.08,万吨
2023,薯类,产量,江西,58.96,万吨
2023,薯类,产量,山东,107.68,万吨
2023,薯类,产量,河南,118.62,万吨
2023,薯类,产量,湖北,111.06,万吨
2023,薯类,产量,湖南,100.65,万吨
2023,薯类,产量,广东,109.88,万吨
2023,薯类,产量,广西,55.24,万吨
2023,薯类,产量,海南,17.96,万吨
2023,薯类,产量,重庆,283.67,万吨
2023,薯类,产量,四川,526.52,万吨
2023,薯类,产量,贵州,282.83,万吨
2023,薯类,产量,云南,241.27,万吨
2023,薯类,产量,西藏,0.43,万吨
2023,薯类,产量,陕西,118.36,万吨
2023,薯类,产量,甘肃,222.10,万吨
2023,薯类,产量,青海,29.82,万吨
2023,薯类,产量,宁夏,29.99,万吨
2023,薯类,播种面积,全国,7048.02,千公顷
2023,薯类,播种面积,北京,2.07,千公顷
2023,薯类,播种面积,天津,2.25,千公顷
2023,薯类,播种面积,河北,232.99,千公顷
2023,薯类,播种面积,山西,179.40,千公顷
2023,薯类,播种面积,内蒙古,247.37,千公顷
2023,薯类,播种面积,辽宁,54.10,千公顷
2023,薯类,播种面积,吉林,28.06,千公顷
2023,薯类,播种面积,黑龙江,29.71,千公顷
2023,薯类,播种面积,上海,0.10,千公顷
2023,薯类,播种面积,江苏,33.42,千公顷
2023,薯类,播种面积,浙江,79.31,千公顷
2023,薯类,播种面积,安徽,64.78,千公顷
2023,薯类,播种面积,福建,156.28,千公顷
2023,薯类,播种面积,江西,154.82,千公顷
2023,薯类,播种面积,山东,125.73,千公顷
2023,薯类,播种面积,河南,201.33,千公顷
2023,薯类,播种面积,湖北,331.63,千公顷
2023,薯类,播种面积,湖南,189.39,千公顷
2023,薯类,播种面积,广西,269.79,千公顷
2023,薯类,播种面积,海南,40.63,千公顷
2023,薯类,播种面积,重庆,653.45,千公顷
2023,薯类,播种面积,四川,1205.80,千公顷
2023,薯类,播种面积,贵州,869.63,千公顷
2023,薯类,播种面积,云南,613.36,千公顷
2023,薯类,播种面积,西藏,1.47,千公顷
2023,薯类,播种面积,陕西,322.50,千公顷
2023,薯类,播种面积,甘肃,568.59,千公顷
2023,薯类,播种面积,青海,67.81,千公顷
2023,薯类,播种面积,宁夏,77.44,千公顷
2023,薯类,播种面积,新疆,24.45,千公顷
2023,蚕茧,产量,全国,834000,吨
2023,谷物,产量,全国,64143.01,万吨
2023,谷物,产量,北京,45.62,万吨
2023,谷物,产量,天津,252.71,万吨
2023,谷物,产量,河北,3625.99,万吨
2023,谷物,产量,山西,1393.41,万吨
2023,谷物,产量,内蒙古,3572,万吨
2023,谷物,产量,吉林,4086.97,万吨
2023,谷物,产量,黑龙江,6837.09,万吨
2023,谷物,产量,上海,101.65,万吨
2023,谷物,产量,江苏,3695.56,万吨
2023,谷物,产量,浙江,567.46,万吨
2023,谷物,产量,安徽,4026.67,万吨
2023,谷物,产量,福建,412.42,万吨
2023,谷物,产量,江西,2101.96,万吨
2023,谷物,产量,山东,5482.65,万吨
2023,谷物,产量,河南,6409.76,万吨
2023,谷物,产量,湖北,2618.61,万吨
2023,谷物,产量,湖南,2919.88,万吨
2023,谷物,产量,广东,1162.94,万吨
2023,谷物,产量,广西,1312.36,万吨
2023,谷物,产量,海南,128.12,万吨
2023,谷物,产量,重庆,765.79,万吨
2023,谷物,产量,四川,2904.16,万吨
2023,谷物,产量,贵州,791.26,万吨
2023,谷物,产量,云南,1628.60,万吨
2023,谷物,产量,陕西,1166.52,万吨
2023,谷物,产量,甘肃,1014.31,万吨
2023,谷物,产量,青海,82.74,万吨
2023,谷物,产量,宁夏,345.05,万吨
2023,谷物,产量,新疆,2072.95,万吨
2023,谷物,播种面积,全国,99926.36,千公顷
2023,谷物,播种面积,北京,82.93,千公顷
2023,谷物,播种面积,天津,381.96,千公顷
2023,谷物,播种面积,河北,6083.31,千公顷
2023,谷物,播种面积,山西,2831.29,千公顷
2023,谷物,播种面积,内蒙古,5417.94,千公顷
2023,谷物,播种面积,辽宁,3395.77,千公顷
2023,谷物,播种面积,吉林,5425.28,千公顷
2023,谷物,播种面积,黑龙江,9762.64,千公顷
2023,谷物,播种面积,上海,126.46,千公顷
2023,谷物,播种面积,江苏,5135.07,千公顷
2023,谷物,播种面积,浙江,838.44,千公顷
2023,谷物,播种面积,安徽,6594.37,千公顷
2023,谷物,播种面积,福建,641.17,千公顷
2023,谷物,播种面积,山东,8026.17,千公顷
2023,谷物,播种面积,河南,10180.95,千公顷
2023,谷物,播种面积,湖北,4103.53,千公顷
2023,谷物,播种面积,湖南,4395.93,千公顷
2023,谷物,播种面积,广东,1963.56,千公顷
2023,谷物,播种面积,广西,2396.32,千公顷
2023,谷物,播种面积,海南,228.68,千公顷
2023,谷物,播种面积,重庆,1149.11,千公顷
2023,谷物,播种面积,四川,4473.17,千公顷
2023,谷物,播种面积,贵州,1534.95,千公顷
2023,谷物,播种面积,云南,3126.63,千公顷
2023,谷物,播种面积,西藏,188.40,千公顷
2023,谷物,播种面积,陕西,2477.34,千公顷
2023,谷物,播种面积,甘肃,1985.72,千公顷
2023,谷物,播种面积,青海,222.67,千公顷
2023,谷物,播种面积,宁夏,586.38,千公顷
2023,谷物,播种面积,新疆,2706.46,千公顷
2023,豆类,产量,全国,2384.10,万吨
2023,豆类,产量,北京,0.98,万吨
2023,豆类,产量,河北,29.81,万吨
2023,豆类,产量,山西,24.31,万吨
2023,豆类,产量,内蒙古,255.72,万吨
2023,豆类,产量,辽宁,29,万吨
2023,豆类,产量,吉林,81.59,万吨
2023,豆类,产量,黑龙江,936.41,万吨
2023,豆类,产量,上海,0.14,万吨
2023,豆类,产量,江苏,79.79,万吨
2023,豆类,产量,浙江,28.76,万吨
2023,豆类,产量,安徽,103.68,万吨
2023,豆类,产量,福建,12.47,万吨
2023,豆类,产量,江西,37.39,万吨
2023,豆类,产量,山东,64.95,万吨
2023,豆类,产量,河南,95.90,万吨
2023,豆类,产量,湖北,47.38,万吨
2023,豆类,产量,湖南,47.48,万吨
2023,豆类,产量,广东,12.37,万吨
2023,豆类,产量,广西,27.76,万吨
2023,豆类,产量,海南,0.93,万吨
2023,豆类,产量,四川,163.09,万吨
2023,豆类,产量,贵州,45.59,万吨
2023,豆类,产量,云南,104.13,万吨
2023,豆类,产量,西藏,1.07,万吨
2023,豆类,产量,陕西,38.78,万吨
2023,豆类,产量,甘肃,36.49,万吨
2023,豆类,产量,青海,3.67,万吨
2023,豆类,产量,宁夏,3.76,万吨
2023,豆类,产量,新疆,22.94,万吨
2023,豆类,播种面积,全国,11994.16,千公顷
2023,豆类,播种面积,北京,4.47,千公顷
2023,豆类,播种面积,天津,5.82,千公顷
2023,豆类,播种面积,河北,138.90,千公顷
2023,豆类,播种面积,山西,150.27,千公顷
2023,豆类,播种面积,内蒙古,1319.42,千公顷
2023,豆类,播种面积,辽宁,128.52,千公顷
2023,豆类,播种面积,吉林,372.28,千公顷
2023,豆类,播种面积,黑龙江,4950.74,千公顷
2023,豆类,播种面积,上海,0.61,千公顷
2023,豆类,播种面积,浙江,106.93,千公顷
2023,豆类,播种面积,安徽,675.31,千公顷
2023,豆类,播种面积,福建,43.65,千公顷
2023,豆类,播种面积,江西,155.70,千公顷
2023,豆类,播种面积,山东,236,千公顷
2023,豆类,播种面积,河南,403.01,千公顷
2023,豆类,播种面积,湖北,271.81,千公顷
2023,豆类,播种面积,湖南,178.17,千公顷
2023,豆类,播种面积,广东,45.60,千公顷
2023,豆类,播种面积,广西,168.61,千公顷
2023,豆类,播种面积,海南,4.28,千公顷
2023,豆类,播种面积,重庆,223.36,千公顷
2023,豆类,播种面积,四川,725,千公顷
2023,豆类,播种面积,贵州,369.22,千公顷
2023,豆类,播种面积,云南,503.23,千公顷
2023,豆类,播种面积,西藏,4.71,千公顷
2023,豆类,播种面积,陕西,223.13,千公顷
2023,豆类,播种面积,甘肃,156.63,千公顷
2023,豆类,播种面积,青海,14.42,千公顷
2023,豆类,播种面积,新疆,93.85,千公顷
2023,青茶,产量,全国,359000,吨
2023,青茶,产量,福建,283000,吨
2023,青茶,产量,江西,1000,吨
2023,青茶,产量,湖北,1000,吨
2023,青茶,产量,湖南,1000,吨
2023,青茶,产量,广东,66000,吨
2023,青茶,产量,广西,1000,吨
2023,青茶,产量,四川,5000,吨
2023,青茶,产量,云南,1000,吨
2023,香蕉,产量,全国,11703000,吨
2023,香蕉,产量,全国,1170.28,万吨
2023,香蕉,产量,山西,1.30,吨
2023,香蕉,产量,浙江,0,吨
2023,香蕉,产量,福建,508000,吨
2023,香蕉,产量,福建,50.83,万吨
2023,香蕉,产量,广东,4783000,吨
2023,香蕉,产量,广东,478.34,万吨
2023,香蕉,产量,广西,301.97,万吨
2023,香蕉,产量,海南,117.72,万吨
2023,香蕉,产量,海南,1177000,吨
2023,香蕉,产量,重庆,1000,吨
2023,香蕉,产量,重庆,0.15,万吨
2023,香蕉,产量,四川,36000,吨
2023,香蕉,产量,四川,3.57,万吨
2023,香蕉,产量,贵州,9.11,万吨
2023,香蕉,产量,贵州,91000,吨
2023,香蕉,产量,云南,2085000,吨
2023,香蕉,产量,云南,208.54,万吨
2023,香蕉,产量,西藏,0.05,吨
2023,香蕉园,种植面积,全国,320.80,千公顷
2023,香蕉园,种植面积,福建,12.60,千公顷
2023,香蕉园,种植面积,广东,106.30,千公顷
2023,香蕉园,种植面积,广西,79.50,千公顷
2023,香蕉园,种植面积,海南,35.20,千公顷
2023,香蕉园,种植面积,重庆,0.10,千公顷
2023,香蕉园,种植面积,四川,2,千公顷
2023,香蕉园,种植面积,贵州,9.30,千公顷
2023,马铃薯,产量,天津,0.10,万吨
2023,马铃薯,产量,河北,111.10,万吨
2023,马铃薯,产量,山西,52.90,万吨
2023,马铃薯,产量,内蒙古,129.80,万吨
2023,马铃薯,产量,辽宁,14.90,万吨
2023,马铃薯,产量,吉林,16.40,万吨
2023,马铃薯,产量,黑龙江,14.70,万吨
2023,马铃薯,产量,浙江,11.01,万吨
2023,马铃薯,产量,安徽,1.60,万吨
2023,马铃薯,产量,福建,21.28,万吨
2023,马铃薯,产量,江西,14.40,万吨
2023,马铃薯,产量,湖北,81.20,万吨
2023,马铃薯,产量,湖南,30.90,万吨
2023,马铃薯,产量,广东,21.30,万吨
2023,马铃薯,产量,广西,13,万吨
2023,马铃薯,产量,重庆,121.80,万吨
2023,马铃薯,产量,四川,292.70,万吨
2023,马铃薯,产量,贵州,231.63,万吨
2023,马铃薯,产量,云南,219.20,万吨
2023,马铃薯,产量,陕西,102,万吨
2023,马铃薯,产量,甘肃,222.10,万吨
2023,马铃薯,产量,青海,29.80,万吨
2023,马铃薯,产量,宁夏,29.99,万吨
2023,马铃薯,产量,新疆,19.60,万吨
2023,马铃薯,播种面积,浙江,26.69,千公顷
2023,马铃薯,播种面积,福建,49.16,千公顷
2023,马铃薯,播种面积,贵州,706.62,千公顷
2023,马铃薯,播种面积,甘肃,569,千公顷
2023,马铃薯,播种面积,宁夏,77.44,千公顷
2023,麻类,产量,全国,16.32,万吨
2023,麻类,产量,河北,0.02,万吨
2023,麻类,产量,山西,0,万吨
2023,麻类,产量,内蒙古,0.52,万吨
2023,麻类,产量,黑龙江,6.73,万吨
2023,麻类,产量,江苏,0.05,万吨
2023,麻类,产量,浙江,0,万吨
2023,麻类,产量,安徽,0.79,万吨
2023,麻类,产量,江西,0.41,万吨
2023,麻类,产量,河南,0.33,万吨
2023,麻类,产量,湖北,0.77,万吨
2023,麻类,产量,湖南,0.37,万吨
2023,麻类,产量,广东,0.02,万吨
2023,麻类,产量,广西,0.66,万吨
2023,麻类,产量,海南,0,万吨
2023,麻类,产量,重庆,0.29,万吨
2023,麻类,产量,四川,3.53,万吨
2023,麻类,产量,贵州,0.01,万吨
2023,麻类,产量,云南,0.02,万吨
2023,麻类,产量,陕西,0.03,万吨
2023,麻类,产量,甘肃,0.08,万吨
2023,麻类,产量,新疆,1.70,万吨
2023,麻类,播种面积,全国,49.22,千公顷
2023,麻类,播种面积,河北,0.13,千公顷
2023,麻类,播种面积,山西,0.01,千公顷
2023,麻类,播种面积,内蒙古,1.90,千公顷
2023,麻类,播种面积,黑龙江,10.01,千公顷
2023,麻类,播种面积,江苏,0.18,千公顷
2023,麻类,播种面积,安徽,1.80,千公顷
2023,麻类,播种面积,江西,2.39,千公顷
2023,麻类,播种面积,山东,0.01,千公顷
2023,麻类,播种面积,河南,0.71,千公顷
2023,麻类,播种面积,湖北,3.01,千公顷
2023,麻类,播种面积,湖南,1.54,千公顷
2023,麻类,播种面积,广东,0.05,千公顷
2023,麻类,播种面积,广西,2.06,千公顷
2023,麻类,播种面积,海南,0,千公顷
2023,麻类,播种面积,重庆,1.59,千公顷
2023,麻类,播种面积,四川,19.44,千公顷
2023,麻类,播种面积,贵州,0.05,千公顷
2023,麻类,播种面积,云南,0.09,千公顷
2023,麻类,播种面积,陕西,0.18,千公顷
2023,麻类,播种面积,甘肃,0.36,千公顷
2023,麻类,播种面积,新疆,3.72,千公顷
2023,黄红麻,产量,全国,1.22,万吨
2023,黄红麻,产量,安徽,0.20,万吨
2023,黄红麻,产量,江西,0,万吨
2023,黄红麻,产量,广东,0.02,万吨
2023,黄红麻,产量,广西,0.60,万吨
2023,黄红麻,播种面积,全国,3.60,千公顷
2023,黄红麻,播种面积,安徽,0.60,千公顷
2023,黄红麻,播种面积,江西,0,千公顷
2023,黄红麻,播种面积,河南,0.70,千公顷
2023,黄红麻,播种面积,湖南,0.10,千公顷
2023,黄红麻,播种面积,广东,0.05,千公顷
2023,黄红麻,播种面积,广西,2,千公顷
2023,黄红麻,播种面积,四川,0.10,千公顷
2023,黑茶,产量,全国,238000,吨
2023,黑茶,产量,浙江,1000,吨
2023,黑茶,产量,湖北,81000,吨
2023,黑茶,产量,湖南,105000,吨
2023,黑茶,产量,广西,15000,吨
2023,黑茶,产量,四川,29000,吨
2023,黑茶,产量,贵州,4000,吨
2023,黑茶,产量,陕西,5000,吨
2022,中稻和一季晚稻,产量,全国,14964.30,万吨
2022,中稻和一季晚稻,产量,天津,52.60,万吨
2022,中稻和一季晚稻,产量,河北,48.90,万吨
2022,中稻和一季晚稻,产量,山西,1.50,万吨
2022,中稻和一季晚稻,产量,内蒙古,90.20,万吨
2022,中稻和一季晚稻,产量,辽宁,425.60,万吨
2022,中稻和一季晚稻,产量,吉林,680.90,万吨
2022,中稻和一季晚稻,产量,黑龙江,2718,万吨
2022,中稻和一季晚稻,产量,上海,82.70,万吨
2022,中稻和一季晚稻,产量,江苏,1991.60,万吨
2022,中稻和一季晚稻,产量,浙江,326.70,万吨
2022,中稻和一季晚稻,产量,安徽,1380.70,万吨
2022,中稻和一季晚稻,产量,福建,169.10,万吨
2022,中稻和一季晚稻,产量,江西,616.40,万吨
2022,中稻和一季晚稻,产量,山东,90.60,万吨
2022,中稻和一季晚稻,产量,河南,479.20,万吨
2022,中稻和一季晚稻,产量,湖北,1692.50,万吨
2022,中稻和一季晚稻,产量,湖南,1104.20,万吨
2022,中稻和一季晚稻,产量,广西,94.40,万吨
2022,中稻和一季晚稻,产量,重庆,485.20,万吨
2022,中稻和一季晚稻,产量,贵州,395,万吨
2022,中稻和一季晚稻,产量,云南,442.30,万吨
2022,中稻和一季晚稻,产量,西藏,0.50,万吨
2022,中稻和一季晚稻,产量,陕西,73.30,万吨
2022,中稻和一季晚稻,产量,甘肃,1.50,万吨
2022,中稻和一季晚稻,产量,宁夏,23.70,万吨
2022,中稻和一季晚稻,产量,新疆,34.60,万吨
2022,中稻和一季晚稻,播种面积,全国,19588.70,千公顷
2022,中稻和一季晚稻,播种面积,北京,0.40,千公顷
2022,中稻和一季晚稻,播种面积,天津,55.30,千公顷
2022,中稻和一季晚稻,播种面积,河北,76.60,千公顷
2022,中稻和一季晚稻,播种面积,山西,2.20,千公顷
2022,中稻和一季晚稻,播种面积,内蒙古,117.20,千公顷
2022,中稻和一季晚稻,播种面积,辽宁,516.40,千公顷
2022,中稻和一季晚稻,播种面积,吉林,833.20,千公顷
2022,中稻和一季晚稻,播种面积,黑龙江,3601.40,千公顷
2022,中稻和一季晚稻,播种面积,上海,103.70,千公顷
2022,中稻和一季晚稻,播种面积,江苏,2221.40,千公顷
2022,中稻和一季晚稻,播种面积,浙江,416.10,千公顷
2022,中稻和一季晚稻,播种面积,福建,252.30,千公顷
2022,中稻和一季晚稻,播种面积,江西,936,千公顷
2022,中稻和一季晚稻,播种面积,山东,106.40,千公顷
2022,中稻和一季晚稻,播种面积,河南,601.70,千公顷
2022,中稻和一季晚稻,播种面积,湖北,1995.70,千公顷
2022,中稻和一季晚稻,播种面积,湖南,1481.90,千公顷
2022,中稻和一季晚稻,播种面积,广西,133.60,千公顷
2022,中稻和一季晚稻,播种面积,重庆,659.20,千公顷
2022,中稻和一季晚稻,播种面积,四川,1874,千公顷
2022,中稻和一季晚稻,播种面积,贵州,613.80,千公顷
2022,中稻和一季晚稻,播种面积,云南,670.80,千公顷
2022,中稻和一季晚稻,播种面积,西藏,0.80,千公顷
2022,中稻和一季晚稻,播种面积,陕西,106.10,千公顷
2022,中稻和一季晚稻,播种面积,甘肃,2.50,千公顷
2022,中稻和一季晚稻,播种面积,宁夏,29.40,千公顷
2022,中稻和一季晚稻,播种面积,新疆,36.70,千公顷
2022,亚麻,产量,全国,2.50,万吨
2022,亚麻,播种面积,全国,4.80,千公顷
2022,人均棉花,产量,全国,4.23,公斤
2022,人均棉花,产量,天津,0.24,公斤
2022,人均棉花,产量,河北,1.87,公斤
2022,人均棉花,产量,山西,0.01,公斤
2022,人均棉花,产量,辽宁,0,公斤
2022,人均棉花,产量,上海,0,公斤
2022,人均棉花,产量,江苏,0.07,公斤
2022,人均棉花,产量,浙江,0.07,公斤
2022,人均棉花,产量,安徽,0.42,公斤
2022,人均棉花,产量,福建,0,公斤
2022,人均棉花,产量,江西,0.48,公斤
2022,人均棉花,产量,山东,1.42,公斤
2022,人均棉花,产量,河南,0.14,公斤
2022,人均棉花,产量,湖北,1.77,公斤
2022,人均棉花,产量,湖南,1.24,公斤
2022,人均棉花,产量,广西,0.02,公斤
2022,人均棉花,产量,四川,0,公斤
2022,人均棉花,产量,贵州,0.01,公斤
2022,人均棉花,产量,陕西,0.01,公斤
2022,人均棉花,产量,甘肃,1.60,公斤
2022,人均油料,产量,全国,25.88,公斤
2022,人均油料,产量,北京,0.41,公斤
2022,人均油料,产量,天津,0.30,公斤
2022,人均油料,产量,河北,15.53,公斤
2022,人均油料,产量,山西,4.30,公斤
2022,人均油料,产量,内蒙古,70.81,公斤
2022,人均油料,产量,辽宁,26.91,公斤
2022,人均油料,产量,吉林,34.55,公斤
2022,人均油料,产量,黑龙江,4.60,公斤
2022,人均油料,产量,上海,0.11,公斤
2022,人均油料,产量,江苏,11.31,公斤
2022,人均油料,产量,浙江,5.03,公斤
2022,人均油料,产量,安徽,28.34,公斤
2022,人均油料,产量,福建,5.64,公斤
2022,人均油料,产量,江西,30.40,公斤
2022,人均油料,产量,山东,26.95,公斤
2022,人均油料,产量,河南,69.25,公斤
2022,人均油料,产量,湖北,64.11,公斤
2022,人均油料,产量,湖南,41.88,公斤
2022,人均油料,产量,广西,15.17,公斤
2022,人均油料,产量,海南,7.32,公斤
2022,人均油料,产量,重庆,22.05,公斤
2022,人均油料,产量,四川,51.81,公斤
2022,人均油料,产量,贵州,27.39,公斤
2022,人均油料,产量,云南,13.53,公斤
2022,人均油料,产量,西藏,12.83,公斤
2022,人均油料,产量,陕西,14.25,公斤
2022,人均油料,产量,甘肃,24.62,公斤
2022,人均油料,产量,青海,51.96,公斤
2022,人均油料,产量,宁夏,6.26,公斤
2022,人均油料,产量,新疆,14.39,公斤
2022,人均粮食,产量,全国,486.15,千克
2022,人均粮食,产量,北京,20.74,千克
2022,人均粮食,产量,天津,187.29,千克
2022,人均粮食,产量,河北,519.92,千克
2022,人均粮食,产量,山西,420.70,千克
2022,人均粮食,产量,内蒙古,1624.93,千克
2022,人均粮食,产量,辽宁,589.73,千克
2022,人均粮食,产量,黑龙江,2494.58,千克
2022,人均粮食,产量,上海,38.51,千克
2022,人均粮食,产量,江苏,442.88,千克
2022,人均粮食,产量,浙江,94.68,千克
2022,人均粮食,产量,安徽,669.96,千克
2022,人均粮食,产量,福建,121.47,千克
2022,人均粮食,产量,江西,475.82,千克
2022,人均粮食,产量,山东,545.33,千克
2022,人均粮食,产量,河南,687.39,千克
2022,人均粮食,产量,湖北,469.62,千克
2022,人均粮食,产量,湖南,456.38,千克
2022,人均粮食,产量,广东,101.93,千克
2022,人均粮食,产量,广西,276.31,千克
2022,人均粮食,产量,海南,143.28,千克
2022,人均粮食,产量,重庆,333.96,千克
2022,人均粮食,产量,四川,419.27,千克
2022,人均粮食,产量,贵州,289.22,千克
2022,人均粮食,产量,西藏,294.09,千克
2022,人均粮食,产量,陕西,328.16,千克
2022,人均粮食,产量,青海,180.44,千克
2022,人均粮食,产量,宁夏,517.31,千克
2022,人均粮食,产量,新疆,700.73,千克
2022,人均糖料,产量,全国,79.60,公斤
2022,其他农作物,播种面积,全国,5233.20,千公顷
2022,其他茶,产量,全国,54000,吨
2022,其他茶,产量,山西,2000,吨
2022,其他茶,产量,安徽,1000,吨
2022,其他茶,产量,湖北,6000,吨
2022,其他茶,产量,湖南,7000,吨
2022,其他茶,产量,广东,5000,吨
2022,其他茶,产量,广西,4000,吨
2022,其他茶,产量,海南,1000,吨
2022,其他茶,产量,重庆,1000,吨
2022,其他茶,产量,四川,20000,吨
2022,其他茶,产量,贵州,4000,吨
2022,其他茶,产量,云南,3000,吨
2022,其他谷物,产量,全国,982.20,万吨
2022,其他谷物,产量,北京,0.50,万吨
2022,其他谷物,产量,河北,78.90,万吨
2022,其他谷物,产量,山西,112.60,万吨
2022,其他谷物,产量,内蒙古,214.10,万吨
2022,其他谷物,产量,辽宁,46.40,万吨
2022,其他谷物,产量,吉林,42.10,万吨
2022,其他谷物,产量,黑龙江,8.60,万吨
2022,其他谷物,产量,上海,1.30,万吨
2022,其他谷物,产量,江苏,19.40,万吨
2022,其他谷物,产量,浙江,4.60,万吨
2022,其他谷物,产量,安徽,10.90,万吨
2022,其他谷物,产量,福建,1.70,万吨
2022,其他谷物,产量,江西,1.10,万吨
2022,其他谷物,产量,山东,12.40,万吨
2022,其他谷物,产量,河南,15.70,万吨
2022,其他谷物,产量,湖北,7.80,万吨
2022,其他谷物,产量,湖南,6.90,万吨
2022,其他谷物,产量,广东,0.40,万吨
2022,其他谷物,产量,广西,2.90,万吨
2022,其他谷物,产量,重庆,8.50,万吨
2022,其他谷物,产量,贵州,51.90,万吨
2022,其他谷物,产量,云南,63.20,万吨
2022,其他谷物,产量,西藏,83.50,万吨
2022,其他谷物,产量,陕西,36.40,万吨
2022,其他谷物,产量,甘肃,42.20,万吨
2022,其他谷物,产量,青海,24.50,万吨
2022,其他谷物,产量,宁夏,11.80,万吨
2022,其他谷物,产量,新疆,10.80,万吨
2022,其他谷物,播种面积,全国,3230.10,千公顷
2022,其他谷物,播种面积,北京,1.70,千公顷
2022,其他谷物,播种面积,天津,9.10,千公顷
2022,其他谷物,播种面积,河北,317.50,千公顷
2022,其他谷物,播种面积,山西,470,千公顷
2022,其他谷物,播种面积,内蒙古,701.40,千公顷
2022,其他谷物,播种面积,辽宁,106.50,千公顷
2022,其他谷物,播种面积,吉林,74.40,千公顷
2022,其他谷物,播种面积,黑龙江,18.50,千公顷
2022,其他谷物,播种面积,上海,2.10,千公顷
2022,其他谷物,播种面积,江苏,35.40,千公顷
2022,其他谷物,播种面积,安徽,21,千公顷
2022,其他谷物,播种面积,福建,4.40,千公顷
2022,其他谷物,播种面积,江西,7,千公顷
2022,其他谷物,播种面积,山东,34.70,千公顷
2022,其他谷物,播种面积,河南,41.90,千公顷
2022,其他谷物,播种面积,湖北,21.90,千公顷
2022,其他谷物,播种面积,湖南,19.20,千公顷
2022,其他谷物,播种面积,广东,1.30,千公顷
2022,其他谷物,播种面积,广西,15,千公顷
2022,其他谷物,播种面积,重庆,24.10,千公顷
2022,其他谷物,播种面积,四川,160.40,千公顷
2022,其他谷物,播种面积,贵州,164.80,千公顷
2022,其他谷物,播种面积,云南,222.20,千公顷
2022,其他谷物,播种面积,西藏,148.50,千公顷
2022,其他谷物,播种面积,陕西,219.30,千公顷
2022,其他谷物,播种面积,甘肃,147.70,千公顷
2022,其他谷物,播种面积,青海,97.60,千公顷
2022,其他谷物,播种面积,宁夏,107.80,千公顷
2022,其他谷物,播种面积,新疆,22.50,千公顷
2022,冬小麦,产量,北京,9.30,万吨
2022,冬小麦,产量,天津,59.40,万吨
2022,冬小麦,产量,河北,1459.90,万吨
2022,冬小麦,产量,山西,245.10,万吨
2022,冬小麦,产量,上海,10.70,万吨
2022,冬小麦,产量,江苏,1365.70,万吨
2022,冬小麦,产量,浙江,55.30,万吨
2022,冬小麦,产量,安徽,1722.30,万吨
2022,冬小麦,产量,福建,0.02,万吨
2022,冬小麦,产量,江西,3.10,万吨
2022,冬小麦,产量,山东,2641.20,万吨
2022,冬小麦,产量,河南,3812.70,万吨
2022,冬小麦,产量,湖北,405.60,万吨
2022,冬小麦,产量,湖南,7.60,万吨
2022,冬小麦,产量,广东,0.10,万吨
2022,冬小麦,产量,广西,0.80,万吨
2022,冬小麦,产量,重庆,6.30,万吨
2022,冬小麦,产量,四川,247.60,万吨
2022,冬小麦,产量,贵州,28.90,万吨
2022,冬小麦,产量,西藏,12.30,万吨
2022,冬小麦,产量,陕西,429.80,万吨
2022,冬小麦,产量,甘肃,183.40,万吨
2022,冬小麦,产量,宁夏,5.10,万吨
2022,冬小麦,产量,新疆,471.60,万吨
2022,冬小麦,播种面积,全国,22341.30,千公顷
2022,冬小麦,播种面积,北京,17.60,千公顷
2022,冬小麦,播种面积,天津,95.10,千公顷
2022,冬小麦,播种面积,河北,2219.30,千公顷
2022,冬小麦,播种面积,山西,534.90,千公顷
2022,冬小麦,播种面积,上海,15.40,千公顷
2022,冬小麦,播种面积,江苏,2377.30,千公顷
2022,冬小麦,播种面积,浙江,130.60,千公顷
2022,冬小麦,播种面积,安徽,2849.37,千公顷
2022,冬小麦,播种面积,福建,0.10,千公顷
2022,冬小麦,播种面积,江西,12,千公顷
2022,冬小麦,播种面积,山东,4003.60,千公顷
2022,冬小麦,播种面积,河南,5682.50,千公顷
2022,冬小麦,播种面积,湖北,1031.30,千公顷
2022,冬小麦,播种面积,广东,0.40,千公顷
2022,冬小麦,播种面积,广西,4.40,千公顷
2022,冬小麦,播种面积,重庆,18.90,千公顷
2022,冬小麦,播种面积,四川,581.20,千公顷
2022,冬小麦,播种面积,贵州,114.20,千公顷
2022,冬小麦,播种面积,云南,266.80,千公顷
2022,冬小麦,播种面积,西藏,20.90,千公顷
2022,冬小麦,播种面积,陕西,958,千公顷
2022,冬小麦,播种面积,甘肃,524.20,千公顷
2022,冬小麦,播种面积,宁夏,30.30,千公顷
2022,冬小麦,播种面积,新疆,830.70,千公顷
2022,双季晚稻,产量,全国,3073,万吨
2022,双季晚稻,产量,浙江,66,万吨
2022,双季晚稻,产量,安徽,101.60,万吨
2022,双季晚稻,产量,福建,163.10,万吨
2022,双季晚稻,产量,江西,742.90,万吨
2022,双季晚稻,产量,湖北,97.60,万吨
2022,双季晚稻,产量,湖南,794.40,万吨
2022,双季晚稻,产量,广东,588.50,万吨
2022,双季晚稻,产量,海南,59.80,万吨
2022,双季晚稻,产量,云南,5.80,万吨
2022,双季晚稻,播种面积,全国,5106.40,千公顷
2022,双季晚稻,播种面积,浙江,100,千公顷
2022,双季晚稻,播种面积,安徽,181.13,千公顷
2022,双季晚稻,播种面积,福建,249.70,千公顷
2022,双季晚稻,播种面积,江西,1246.90,千公顷
2022,双季晚稻,播种面积,湖北,141.90,千公顷
2022,双季晚稻,播种面积,湖南,1273,千公顷
2022,双季晚稻,播种面积,广东,971.70,千公顷
2022,双季晚稻,播种面积,广西,813.80,千公顷
2022,双季晚稻,播种面积,海南,116.40,千公顷
2022,双季晚稻,播种面积,云南,11.90,千公顷
2022,向日葵籽,产量,全国,174.13,万吨
2022,向日葵籽,播种面积,全国,623.20,千公顷
2022,向日葵籽,播种面积,北京,0.10,千公顷
2022,向日葵籽,播种面积,天津,0.40,千公顷
2022,向日葵籽,播种面积,河北,44.50,千公顷
2022,向日葵籽,播种面积,山西,27,千公顷
2022,向日葵籽,播种面积,辽宁,2.10,千公顷
2022,向日葵籽,播种面积,吉林,4.90,千公顷
2022,向日葵籽,播种面积,黑龙江,0.50,千公顷
2022,向日葵籽,播种面积,江苏,0.10,千公顷
2022,向日葵籽,播种面积,浙江,0.01,千公顷
2022,向日葵籽,播种面积,安徽,0.60,千公顷
2022,向日葵籽,播种面积,福建,0.10,千公顷
2022,向日葵籽,播种面积,江西,0.40,千公顷
2022,向日葵籽,播种面积,山东,1.20,千公顷
2022,向日葵籽,播种面积,河南,6.10,千公顷
2022,向日葵籽,播种面积,湖北,2.10,千公顷
2022,向日葵籽,播种面积,湖南,1.70,千公顷
2022,向日葵籽,播种面积,广西,0.30,千公顷
2022,向日葵籽,播种面积,重庆,2.10,千公顷
2022,向日葵籽,播种面积,四川,1.40,千公顷
2022,向日葵籽,播种面积,贵州,4.60,千公顷
2022,向日葵籽,播种面积,云南,2.80,千公顷
2022,向日葵籽,播种面积,陕西,16.80,千公顷
2022,向日葵籽,播种面积,甘肃,24.70,千公顷
2022,向日葵籽,播种面积,新疆,52.40,千公顷
2022,夏粮,产量,全国,14739,万吨
2022,夏粮,产量,北京,9.60,万吨
2022,夏粮,产量,天津,73,万吨
2022,夏粮,产量,河北,1486.46,万吨
2022,夏粮,产量,山西,245.20,万吨
2022,夏粮,产量,上海,12,万吨
2022,夏粮,产量,江苏,1400.30,万吨
2022,夏粮,产量,浙江,73.10,万吨
2022,夏粮,产量,安徽,1722.40,万吨
2022,夏粮,产量,福建,24.60,万吨
2022,夏粮,产量,江西,23.40,万吨
2022,夏粮,产量,山东,2641.60,万吨
2022,夏粮,产量,河南,3813.10,万吨
2022,夏粮,产量,湖北,482.16,万吨
2022,夏粮,产量,湖南,45.60,万吨
2022,夏粮,产量,广东,68.60,万吨
2022,夏粮,产量,广西,27.60,万吨
2022,夏粮,产量,海南,10.30,万吨
2022,夏粮,产量,四川,436.70,万吨
2022,夏粮,产量,贵州,257.60,万吨
2022,夏粮,产量,云南,263.70,万吨
2022,夏粮,产量,陕西,475.90,万吨
2022,夏粮,产量,甘肃,342.30,万吨
2022,夏粮,产量,宁夏,27.90,万吨
2022,夏粮,产量,新疆,655.20,万吨
2022,夏粮,播种面积,全国,26530,千公顷
2022,夏粮,播种面积,北京,18.20,千公顷
2022,夏粮,播种面积,天津,118.80,千公顷
2022,夏粮,播种面积,河北,2271.60,千公顷
2022,夏粮,播种面积,山西,535.07,千公顷
2022,夏粮,播种面积,上海,17.40,千公顷
2022,夏粮,播种面积,江苏,2470.80,千公顷
2022,夏粮,播种面积,浙江,183.60,千公顷
2022,夏粮,播种面积,安徽,2849.90,千公顷
2022,夏粮,播种面积,福建,55.50,千公顷
2022,夏粮,播种面积,江西,72.80,千公顷
2022,夏粮,播种面积,山东,4004.70,千公顷
2022,夏粮,播种面积,湖北,1293.10,千公顷
2022,夏粮,播种面积,湖南,112.60,千公顷
2022,夏粮,播种面积,广东,142.90,千公顷
2022,夏粮,播种面积,广西,118,千公顷
2022,夏粮,播种面积,海南,24,千公顷
2022,夏粮,播种面积,重庆,373.30,千公顷
2022,夏粮,播种面积,四川,1105.80,千公顷
2022,夏粮,播种面积,贵州,866.40,千公顷
2022,夏粮,播种面积,云南,980.30,千公顷
2022,夏粮,播种面积,陕西,1105.10,千公顷
2022,夏粮,播种面积,甘肃,883.10,千公顷
2022,夏粮,播种面积,宁夏,85.20,千公顷
2022,夏粮,播种面积,新疆,1158.10,千公顷
2022,大豆,产量,全国,2028.35,万吨
2022,大豆,产量,北京,0.90,万吨
2022,大豆,产量,天津,1.20,万吨
2022,大豆,产量,河北,23,万吨
2022,大豆,产量,山西,18.90,万吨
2022,大豆,产量,内蒙古,245.40,万吨
2022,大豆,产量,吉林,70,万吨
2022,大豆,产量,黑龙江,953.40,万吨
2022,大豆,产量,上海,0.10,万吨
2022,大豆,产量,江苏,54.80,万吨
2022,大豆,产量,浙江,21.10,万吨
2022,大豆,产量,安徽,94.20,万吨
2022,大豆,产量,福建,9.90,万吨
2022,大豆,产量,江西,26.40,万吨
2022,大豆,产量,山东,58.10,万吨
2022,大豆,产量,河南,84.90,万吨
2022,大豆,产量,湖北,35.40,万吨
2022,大豆,产量,湖南,33.80,万吨
2022,大豆,产量,广东,9.30,万吨
2022,大豆,产量,广西,16.80,万吨
2022,大豆,产量,海南,0.30,万吨
2022,大豆,产量,重庆,21.60,万吨
2022,大豆,产量,四川,105.30,万吨
2022,大豆,产量,贵州,27.20,万吨
2022,大豆,产量,云南,32.20,万吨
2022,大豆,产量,甘肃,11.10,万吨
2022,大豆,产量,宁夏,3.40,万吨
2022,大豆,产量,新疆,12.10,万吨
2022,大豆,播种面积,全国,10243.74,千公顷
2022,大豆,播种面积,北京,3.80,千公顷
2022,大豆,播种面积,天津,4.60,千公顷
2022,大豆,播种面积,河北,98.30,千公顷
2022,大豆,播种面积,山西,112.40,千公顷
2022,大豆,播种面积,内蒙古,1222,千公顷
2022,大豆,播种面积,辽宁,115.30,千公顷
2022,大豆,播种面积,吉林,309.90,千公顷
2022,大豆,播种面积,黑龙江,4931.60,千公顷
2022,大豆,播种面积,上海,0.60,千公顷
2022,大豆,播种面积,江苏,210.40,千公顷
2022,大豆,播种面积,浙江,77.80,千公顷
2022,大豆,播种面积,安徽,610.70,千公顷
2022,大豆,播种面积,福建,35.20,千公顷
2022,大豆,播种面积,江西,109.20,千公顷
2022,大豆,播种面积,山东,215,千公顷
2022,大豆,播种面积,湖北,229.90,千公顷
2022,大豆,播种面积,湖南,132.10,千公顷
2022,大豆,播种面积,广东,34.70,千公顷
2022,大豆,播种面积,广西,108.10,千公顷
2022,大豆,播种面积,海南,1.60,千公顷
2022,大豆,播种面积,重庆,107.40,千公顷
2022,大豆,播种面积,四川,520,千公顷
2022,大豆,播种面积,贵州,231.80,千公顷
2022,大豆,播种面积,云南,160.80,千公顷
2022,大豆,播种面积,陕西,174.30,千公顷
2022,大豆,播种面积,甘肃,58.80,千公顷
2022,大豆,播种面积,宁夏,24,千公顷
2022,大豆,播种面积,新疆,40.10,千公顷
2022,大麦,产量,全国,219.20,万吨
2022,大麦,产量,内蒙古,4.90,万吨
2022,大麦,产量,黑龙江,0.10,万吨
2022,大麦,产量,上海,1.30,万吨
2022,大麦,产量,江苏,17.50,万吨
2022,大麦,产量,浙江,0.50,万吨
2022,大麦,产量,江西,0.10,万吨
2022,大麦,产量,山东,0.10,万吨
2022,大麦,产量,湖北,3.50,万吨
2022,大麦,产量,湖南,0.50,万吨
2022,大麦,产量,四川,17.10,万吨
2022,大麦,产量,贵州,0.10,万吨
2022,大麦,产量,云南,47.60,万吨
2022,大麦,产量,西藏,83.20,万吨
2022,大麦,产量,陕西,0.30,万吨
2022,大麦,产量,甘肃,17.10,万吨
2022,大麦,产量,青海,23.50,万吨
2022,大麦,产量,新疆,1.70,万吨
2022,大麦,播种面积,全国,560.20,千公顷
2022,大麦,播种面积,河北,0.10,千公顷
2022,大麦,播种面积,内蒙古,18.60,千公顷
2022,大麦,播种面积,黑龙江,0.30,千公顷
2022,大麦,播种面积,上海,2.10,千公顷
2022,大麦,播种面积,江苏,31.20,千公顷
2022,大麦,播种面积,浙江,1.20,千公顷
2022,大麦,播种面积,江西,0.30,千公顷
2022,大麦,播种面积,山东,0.30,千公顷
2022,大麦,播种面积,湖北,10.30,千公顷
2022,大麦,播种面积,湖南,1.30,千公顷
2022,大麦,播种面积,重庆,0.10,千公顷
2022,大麦,播种面积,四川,55.40,千公顷
2022,大麦,播种面积,贵州,0.40,千公顷
2022,大麦,播种面积,云南,149.70,千公顷
2022,大麦,播种面积,西藏,147.50,千公顷
2022,大麦,播种面积,陕西,0.90,千公顷
2022,大麦,播种面积,甘肃,42,千公顷
2022,大麦,播种面积,青海,92.70,千公顷
2022,大麦,播种面积,宁夏,0.70,千公顷
2022,大麦,播种面积,新疆,4.50,千公顷
2022,大麻(线麻),产量,全国,13.20,万吨
2022,大麻(线麻),播种面积,全国,19.60,千公顷
2022,小麦,产量,全国,13772.34,万吨
2022,小麦,产量,北京,9.56,万吨
2022,小麦,产量,天津,72.96,万吨
2022,小麦,产量,山西,245.20,万吨
2022,小麦,产量,内蒙古,126.39,万吨
2022,小麦,产量,辽宁,0.82,万吨
2022,小麦,产量,吉林,1.74,万吨
2022,小麦,产量,黑龙江,8.44,万吨
2022,小麦,产量,上海,10.71,万吨
2022,小麦,产量,江苏,1365.74,万吨
2022,小麦,产量,浙江,55.26,万吨
2022,小麦,产量,安徽,1722.27,万吨
2022,小麦,产量,福建,0.02,万吨
2022,小麦,产量,江西,3.10,万吨
2022,小麦,产量,山东,2641.19,万吨
2022,小麦,产量,河南,3812.71,万吨
2022,小麦,产量,湖北,405.57,万吨
2022,小麦,产量,湖南,7.59,万吨
2022,小麦,产量,广东,0.15,万吨
2022,小麦,产量,广西,0.79,万吨
2022,小麦,产量,重庆,6.28,万吨
2022,小麦,产量,四川,249.71,万吨
2022,小麦,产量,云南,59.51,万吨
2022,小麦,产量,西藏,18.85,万吨
2022,小麦,产量,陕西,429.78,万吨
2022,小麦,产量,甘肃,296.87,万吨
2022,小麦,产量,青海,36.91,万吨
2022,小麦,产量,宁夏,27.27,万吨
2022,小麦,产量,新疆,653.49,万吨
2022,小麦,播种面积,全国,23518.46,千公顷
2022,小麦,播种面积,北京,18.19,千公顷
2022,小麦,播种面积,天津,118.77,千公顷
2022,小麦,播种面积,河北,2247.29,千公顷
2022,小麦,播种面积,山西,535.05,千公顷
2022,小麦,播种面积,内蒙古,386.16,千公顷
2022,小麦,播种面积,辽宁,2.01,千公顷
2022,小麦,播种面积,吉林,5.40,千公顷
2022,小麦,播种面积,黑龙江,21.43,千公顷
2022,小麦,播种面积,上海,15.36,千公顷
2022,小麦,播种面积,江苏,2377.27,千公顷
2022,小麦,播种面积,浙江,130.64,千公顷
2022,小麦,播种面积,福建,0.06,千公顷
2022,小麦,播种面积,江西,12,千公顷
2022,小麦,播种面积,山东,4003.55,千公顷
2022,小麦,播种面积,河南,5682.45,千公顷
2022,小麦,播种面积,湖北,1031.26,千公顷
2022,小麦,播种面积,湖南,22.38,千公顷
2022,小麦,播种面积,广东,0.42,千公顷
2022,小麦,播种面积,广西,4.44,千公顷
2022,小麦,播种面积,重庆,18.85,千公顷
2022,小麦,播种面积,四川,588.78,千公顷
2022,小麦,播种面积,贵州,114.25,千公顷
2022,小麦,播种面积,云南,266.76,千公顷
2022,小麦,播种面积,西藏,32.62,千公顷
2022,小麦,播种面积,陕西,958.01,千公顷
2022,小麦,播种面积,甘肃,739.49,千公顷
2022,小麦,播种面积,青海,101.26,千公顷
2022,小麦,播种面积,宁夏,81.36,千公顷
2022,小麦,播种面积,新疆,1153.60,千公顷
2022,早稻,产量,全国,2812.27,万吨
2022,早稻,产量,安徽,101.10,万吨
2022,早稻,产量,福建,61.60,万吨
2022,早稻,产量,江西,677.20,万吨
2022,早稻,产量,湖北,75.69,万吨
2022,早稻,产量,湖南,741.30,万吨
2022,早稻,产量,广东,520.10,万吨
2022,早稻,产量,广西,480.40,万吨
2022,早稻,产量,海南,68.10,万吨
2022,早稻,产量,云南,16.50,万吨
2022,早稻,播种面积,全国,4755.10,千公顷
2022,早稻,播种面积,浙江,113.10,千公顷
2022,早稻,播种面积,安徽,171.40,千公顷
2022,早稻,播种面积,福建,97.40,千公顷
2022,早稻,播种面积,江西,1220.10,千公顷
2022,早稻,播种面积,湖北,126.30,千公顷
2022,早稻,播种面积,湖南,1212.80,千公顷
2022,早稻,播种面积,广东,864.20,千公顷
2022,早稻,播种面积,广西,810.70,千公顷
2022,早稻,播种面积,海南,112.30,千公顷
2022,春小麦,产量,全国,529,万吨
2022,春小麦,产量,北京,0.20,万吨
2022,春小麦,产量,天津,13.60,万吨
2022,春小麦,产量,河北,14.70,万吨
2022,春小麦,产量,山西,0.10,万吨
2022,春小麦,产量,内蒙古,126.40,万吨
2022,春小麦,产量,辽宁,0.80,万吨
2022,春小麦,产量,吉林,1.70,万吨
2022,春小麦,产量,黑龙江,8.40,万吨
2022,春小麦,产量,四川,2.10,万吨
2022,春小麦,产量,西藏,6.50,万吨
2022,春小麦,产量,甘肃,113.40,万吨
2022,春小麦,产量,青海,36.90,万吨
2022,春小麦,产量,宁夏,22.20,万吨
2022,春小麦,产量,新疆,181.90,万吨
2022,春小麦,播种面积,全国,1177.10,千公顷
2022,春小麦,播种面积,北京,0.60,千公顷
2022,春小麦,播种面积,天津,23.70,千公顷
2022,春小麦,播种面积,河北,28,千公顷
2022,春小麦,播种面积,内蒙古,386.20,千公顷
2022,春小麦,播种面积,辽宁,2,千公顷
2022,春小麦,播种面积,吉林,5.40,千公顷
2022,春小麦,播种面积,黑龙江,21.40,千公顷
2022,春小麦,播种面积,四川,7.60,千公顷
2022,春小麦,播种面积,西藏,11.70,千公顷
2022,春小麦,播种面积,甘肃,215.30,千公顷
2022,春小麦,播种面积,青海,101.30,千公顷
2022,春小麦,播种面积,宁夏,51,千公顷
2022,春小麦,播种面积,新疆,322.90,千公顷
2022,果园,种植面积,全国,13009.53,千公顷
2022,果园,种植面积,北京,32.59,千公顷
2022,果园,种植面积,天津,18.94,千公顷
2022,果园,种植面积,河北,473.74,千公顷
2022,果园,种植面积,山西,383.94,千公顷
2022,果园,种植面积,内蒙古,99.46,千公顷
2022,果园,种植面积,辽宁,339.79,千公顷
2022,果园,种植面积,吉林,28.74,千公顷
2022,果园,种植面积,黑龙江,44.77,千公顷
2022,果园,种植面积,江苏,185.37,千公顷
2022,果园,种植面积,浙江,292.48,千公顷
2022,果园,种植面积,安徽,167.62,千公顷
2022,果园,种植面积,福建,377.09,千公顷
2022,果园,种植面积,江西,438.70,千公顷
2022,果园,种植面积,山东,606.67,千公顷
2022,果园,种植面积,河南,401.86,千公顷
2022,果园,种植面积,湖北,411.74,千公顷
2022,果园,种植面积,湖南,578.79,千公顷
2022,果园,种植面积,广东,1069.12,千公顷
2022,果园,种植面积,广西,1405.35,千公顷
2022,果园,种植面积,海南,204.58,千公顷
2022,果园,种植面积,重庆,366.18,千公顷
2022,果园,种植面积,四川,857.15,千公顷
2022,果园,种植面积,贵州,772.76,千公顷
2022,果园,种植面积,云南,746.93,千公顷
2022,果园,种植面积,西藏,5.61,千公顷
2022,果园,种植面积,陕西,1168.15,千公顷
2022,果园,种植面积,甘肃,332.23,千公顷
2022,果园,种植面积,宁夏,104.16,千公顷
2022,果园,种植面积,新疆,1077.10,千公顷
2022,柑桔,产量,全国,60039000,吨
2022,柑桔,产量,上海,54000,吨
2022,柑桔,产量,江苏,35000,吨
2022,柑桔,产量,浙江,1771000,吨
2022,柑桔,产量,安徽,32000,吨
2022,柑桔,产量,福建,4561000,吨
2022,柑桔,产量,江西,4598000,吨
2022,柑桔,产量,河南,50000,吨
2022,柑桔,产量,湖北,5378000,吨
2022,柑桔,产量,湖南,6393000,吨
2022,柑桔,产量,广东,5546000,吨
2022,柑桔,产量,广西,18080000,吨
2022,柑桔,产量,海南,168000,吨
2022,柑桔,产量,重庆,3636000,吨
2022,柑桔,产量,四川,5632000,吨
2022,柑桔,产量,贵州,1070000,吨
2022,柑桔,产量,云南,2477000,吨
2022,柑桔,产量,陕西,555000,吨
2022,柑桔,产量,甘肃,3000,吨
2022,柑桔园,种植面积,全国,2995.80,千公顷
2022,柑桔园,种植面积,上海,3.30,千公顷
2022,柑桔园,种植面积,江苏,2.20,千公顷
2022,柑桔园,种植面积,浙江,80,千公顷
2022,柑桔园,种植面积,安徽,2.40,千公顷
2022,柑桔园,种植面积,福建,156.63,千公顷
2022,柑桔园,种植面积,江西,348.90,千公顷
2022,柑桔园,种植面积,河南,4.50,千公顷
2022,柑桔园,种植面积,湖北,242.90,千公顷
2022,柑桔园,种植面积,湖南,430.40,千公顷
2022,柑桔园,种植面积,广东,252.30,千公顷
2022,柑桔园,种植面积,广西,631,千公顷
2022,柑桔园,种植面积,海南,10.60,千公顷
2022,柑桔园,种植面积,重庆,230.90,千公顷
2022,柑桔园,种植面积,四川,360,千公顷
2022,柑桔园,种植面积,贵州,88.80,千公顷
2022,柑桔园,种植面积,云南,127.30,千公顷
2022,柑桔园,种植面积,陕西,23.20,千公顷
2022,柑桔园,种植面积,甘肃,0.30,千公顷
2022,柞蚕茧,产量,全国,58000,吨
2022,柿子,产量,全国,3858000,吨
2022,柿子,产量,北京,5000,吨
2022,柿子,产量,天津,15098,吨
2022,柿子,产量,河北,358000,吨
2022,柿子,产量,山西,329000,吨
2022,柿子,产量,上海,200,吨
2022,柿子,产量,江苏,73000,吨
2022,柿子,产量,浙江,59500,吨
2022,柿子,产量,安徽,95000,吨
2022,柿子,产量,福建,138000,吨
2022,柿子,产量,江西,25000,吨
2022,柿子,产量,山东,104000,吨
2022,柿子,产量,河南,443755.10,吨
2022,柿子,产量,湖北,51000,吨
2022,柿子,产量,湖南,26000,吨
2022,柿子,产量,广东,132000,吨
2022,柿子,产量,重庆,13000,吨
2022,柿子,产量,四川,53000,吨
2022,柿子,产量,贵州,19000,吨
2022,柿子,产量,云南,126000,吨
2022,柿子,产量,陕西,337000,吨
2022,柿子,产量,甘肃,30777.71,吨
2022,桑蚕茧,产量,全国,748000,吨
2022,梨,产量,全国,1926.53,万吨
2022,梨,产量,北京,4.33,万吨
2022,梨,产量,天津,6.36,万吨
2022,梨,产量,河北,391.03,万吨
2022,梨,产量,山西,134.46,万吨
2022,梨,产量,内蒙古,8.43,万吨
2022,梨,产量,辽宁,130.13,万吨
2022,梨,产量,吉林,8.27,万吨
2022,梨,产量,黑龙江,5.07,万吨
2022,梨,产量,上海,2.25,万吨
2022,梨,产量,江苏,77.53,万吨
2022,梨,产量,浙江,32.30,万吨
2022,梨,产量,福建,20.76,万吨
2022,梨,产量,江西,16.20,万吨
2022,梨,产量,山东,128.18,万吨
2022,梨,产量,河南,140.80,万吨
2022,梨,产量,湖北,42.42,万吨
2022,梨,产量,湖南,20.84,万吨
2022,梨,产量,广东,12.98,万吨
2022,梨,产量,广西,50.78,万吨
2022,梨,产量,重庆,33.80,万吨
2022,梨,产量,四川,98.89,万吨
2022,梨,产量,贵州,53.30,万吨
2022,梨,产量,云南,84.56,万吨
2022,梨,产量,西藏,0.17,万吨
2022,梨,产量,陕西,108.07,万吨
2022,梨,产量,甘肃,26.28,万吨
2022,梨,产量,青海,0.48,万吨
2022,梨,产量,宁夏,1.48,万吨
2022,梨,产量,新疆,151.37,万吨
2022,梨园,种植面积,全国,915,千公顷
2022,梨园,种植面积,天津,4.20,千公顷
2022,梨园,种植面积,河北,114.30,千公顷
2022,梨园,种植面积,山西,53.10,千公顷
2022,梨园,种植面积,内蒙古,6,千公顷
2022,梨园,种植面积,辽宁,79.90,千公顷
2022,梨园,种植面积,吉林,7,千公顷
2022,梨园,种植面积,黑龙江,2.18,千公顷
2022,梨园,种植面积,上海,1.90,千公顷
2022,梨园,种植面积,江苏,32.30,千公顷
2022,梨园,种植面积,浙江,16.70,千公顷
2022,梨园,种植面积,安徽,40.90,千公顷
2022,梨园,种植面积,福建,14.10,千公顷
2022,梨园,种植面积,江西,19.40,千公顷
2022,梨园,种植面积,山东,37.50,千公顷
2022,梨园,种植面积,河南,63.66,千公顷
2022,梨园,种植面积,湖北,23.70,千公顷
2022,梨园,种植面积,湖南,34.50,千公顷
2022,梨园,种植面积,广东,9.10,千公顷
2022,梨园,种植面积,广西,21.30,千公顷
2022,梨园,种植面积,四川,65,千公顷
2022,梨园,种植面积,贵州,44.80,千公顷
2022,梨园,种植面积,云南,59.80,千公顷
2022,梨园,种植面积,西藏,0.30,千公顷
2022,梨园,种植面积,陕西,44.20,千公顷
2022,梨园,种植面积,甘肃,19.52,千公顷
2022,梨园,种植面积,青海,0.50,千公顷
2022,梨园,种植面积,宁夏,1.90,千公顷
2022,梨园,种植面积,新疆,68.40,千公顷
2022,棉花,产量,全国,598.02,万吨
2022,棉花,产量,北京,0,万吨
2022,棉花,产量,天津,0.32,万吨
2022,棉花,产量,河北,13.90,万吨
2022,棉花,产量,山西,0.04,万吨
2022,棉花,产量,辽宁,0,万吨
2022,棉花,产量,上海,0,万吨
2022,棉花,产量,江苏,0.58,万吨
2022,棉花,产量,浙江,0.48,万吨
2022,棉花,产量,安徽,2.56,万吨
2022,棉花,产量,江西,2.17,万吨
2022,棉花,产量,山东,14.48,万吨
2022,棉花,产量,河南,1.36,万吨
2022,棉花,产量,湖北,10.33,万吨
2022,棉花,产量,湖南,8.23,万吨
2022,棉花,产量,广西,0.11,万吨
2022,棉花,产量,四川,0.03,万吨
2022,棉花,产量,贵州,0.04,万吨
2022,棉花,产量,陕西,0.02,万吨
2022,棉花,产量,甘肃,3.99,万吨
2022,棉花,产量,新疆,539.37,万吨
2022,棉花,播种面积,全国,3000.31,千公顷
2022,棉花,播种面积,北京,0,千公顷
2022,棉花,播种面积,天津,2.48,千公顷
2022,棉花,播种面积,河北,116.14,千公顷
2022,棉花,播种面积,山西,0.32,千公顷
2022,棉花,播种面积,辽宁,0,千公顷
2022,棉花,播种面积,上海,0,千公顷
2022,棉花,播种面积,江苏,4.15,千公顷
2022,棉花,播种面积,安徽,30.29,千公顷
2022,棉花,播种面积,福建,0.04,千公顷
2022,棉花,播种面积,江西,19.72,千公顷
2022,棉花,播种面积,山东,113.35,千公顷
2022,棉花,播种面积,河南,10.85,千公顷
2022,棉花,播种面积,湖北,115.80,千公顷
2022,棉花,播种面积,湖南,64.62,千公顷
2022,棉花,播种面积,广西,1.04,千公顷
2022,棉花,播种面积,四川,0.33,千公顷
2022,棉花,播种面积,贵州,0.39,千公顷
2022,棉花,播种面积,陕西,0.14,千公顷
2022,棉花,播种面积,甘肃,20.31,千公顷
2022,棉花,播种面积,新疆,2496.89,千公顷
2022,油料,产量,全国,3654.21,万吨
2022,油料,产量,北京,0.89,万吨
2022,油料,产量,天津,0.41,万吨
2022,油料,产量,河北,115.45,万吨
2022,油料,产量,山西,14.95,万吨
2022,油料,产量,内蒙古,169.98,万吨
2022,油料,产量,吉林,81.59,万吨
2022,油料,产量,黑龙江,14.31,万吨
2022,油料,产量,上海,0.28,万吨
2022,油料,产量,江苏,96.25,万吨
2022,油料,产量,浙江,32.96,万吨
2022,油料,产量,安徽,173.42,万吨
2022,油料,产量,福建,23.61,万吨
2022,油料,产量,江西,137.46,万吨
2022,油料,产量,山东,273.96,万吨
2022,油料,产量,河南,684.03,万吨
2022,油料,产量,湖北,374.19,万吨
2022,油料,产量,湖南,276.96,万吨
2022,油料,产量,广东,117.43,万吨
2022,油料,产量,广西,76.48,万吨
2022,油料,产量,海南,7.49,万吨
2022,油料,产量,重庆,70.85,万吨
2022,油料,产量,四川,433.81,万吨
2022,油料,产量,贵州,105.57,万吨
2022,油料,产量,云南,63.48,万吨
2022,油料,产量,陕西,56.34,万吨
2022,油料,产量,甘肃,61.32,万吨
2022,油料,产量,青海,30.89,万吨
2022,油料,产量,宁夏,4.54,万吨
2022,油料,产量,新疆,37.23,万吨
2022,油料,播种面积,全国,13140.69,千公顷
2022,油料,播种面积,北京,3.18,千公顷
2022,油料,播种面积,天津,1.22,千公顷
2022,油料,播种面积,河北,334.59,千公顷
2022,油料,播种面积,山西,89.48,千公顷
2022,油料,播种面积,内蒙古,742.80,千公顷
2022,油料,播种面积,辽宁,311.43,千公顷
2022,油料,播种面积,吉林,223.51,千公顷
2022,油料,播种面积,黑龙江,39.76,千公顷
2022,油料,播种面积,上海,0.88,千公顷
2022,油料,播种面积,江苏,288.75,千公顷
2022,油料,播种面积,浙江,144.94,千公顷
2022,油料,播种面积,安徽,561.90,千公顷
2022,油料,播种面积,福建,81.38,千公顷
2022,油料,播种面积,山东,624.10,千公顷
2022,油料,播种面积,河南,1592.45,千公顷
2022,油料,播种面积,湖北,1473.98,千公顷
2022,油料,播种面积,湖南,1518.19,千公顷
2022,油料,播种面积,广东,355.21,千公顷
2022,油料,播种面积,广西,265.58,千公顷
2022,油料,播种面积,海南,29.60,千公顷
2022,油料,播种面积,重庆,346.71,千公顷
2022,油料,播种面积,四川,1688.61,千公顷
2022,油料,播种面积,贵州,551.34,千公顷
2022,油料,播种面积,云南,303.59,千公顷
2022,油料,播种面积,西藏,18.67,千公顷
2022,油料,播种面积,陕西,251.35,千公顷
2022,油料,播种面积,甘肃,269.90,千公顷
2022,油料,播种面积,青海,146.60,千公顷
2022,油料,播种面积,宁夏,26.67,千公顷
2022,油料,播种面积,新疆,116.82,千公顷
2022,油菜籽,产量,全国,1553.14,万吨
2022,油菜籽,产量,天津,0.01,万吨
2022,油菜籽,产量,山西,2.57,万吨
2022,油菜籽,产量,内蒙古,36.97,万吨
2022,油菜籽,产量,辽宁,0.09,万吨
2022,油菜籽,产量,黑龙江,0.02,万吨
2022,油菜籽,产量,上海,0.21,万吨
2022,油菜籽,产量,江苏,55.66,万吨
2022,油菜籽,产量,浙江,27.31,万吨
2022,油菜籽,产量,安徽,96.40,万吨
2022,油菜籽,产量,福建,1.10,万吨
2022,油菜籽,产量,江西,79.06,万吨
2022,油菜籽,产量,山东,2.30,万吨
2022,油菜籽,产量,河南,49.01,万吨
2022,油菜籽,产量,湖北,274.19,万吨
2022,油菜籽,产量,湖南,243.82,万吨
2022,油菜籽,产量,广东,0.83,万吨
2022,油菜籽,产量,广西,3.58,万吨
2022,油菜籽,产量,重庆,54.73,万吨
2022,油菜籽,产量,四川,354.14,万吨
2022,油菜籽,产量,贵州,94.73,万吨
2022,油菜籽,产量,西藏,4.67,万吨
2022,油菜籽,产量,陕西,35.92,万吨
2022,油菜籽,产量,甘肃,36.53,万吨
2022,油菜籽,产量,青海,30.76,万吨
2022,油菜籽,产量,宁夏,0.44,万吨
2022,油菜籽,产量,新疆,8.48,万吨
2022,油菜籽,播种面积,全国,7253.47,千公顷
2022,油菜籽,播种面积,天津,0.06,千公顷
2022,油菜籽,播种面积,河北,31.24,千公顷
2022,油菜籽,播种面积,山西,19.04,千公顷
2022,油菜籽,播种面积,内蒙古,253.70,千公顷
2022,油菜籽,播种面积,辽宁,0.52,千公顷
2022,油菜籽,播种面积,吉林,0,千公顷
2022,油菜籽,播种面积,黑龙江,0.08,千公顷
2022,油菜籽,播种面积,上海,0.68,千公顷
2022,油菜籽,播种面积,江苏,188.59,千公顷
2022,油菜籽,播种面积,浙江,124.14,千公顷
2022,油菜籽,播种面积,安徽,393.16,千公顷
2022,油菜籽,播种面积,福建,6.77,千公顷
2022,油菜籽,播种面积,山东,8.98,千公顷
2022,油菜籽,播种面积,河南,187.45,千公顷
2022,油菜籽,播种面积,湖北,1152.44,千公顷
2022,油菜籽,播种面积,湖南,1388.56,千公顷
2022,油菜籽,播种面积,广东,5.08,千公顷
2022,油菜籽,播种面积,广西,35.32,千公顷
2022,油菜籽,播种面积,重庆,269.72,千公顷
2022,油菜籽,播种面积,四川,1386.57,千公顷
2022,油菜籽,播种面积,贵州,506.46,千公顷
2022,油菜籽,播种面积,云南,251.76,千公顷
2022,油菜籽,播种面积,西藏,18.64,千公顷
2022,油菜籽,播种面积,陕西,167.08,千公顷
2022,油菜籽,播种面积,甘肃,152.77,千公顷
2022,油菜籽,播种面积,青海,145.60,千公顷
2022,油菜籽,播种面积,宁夏,4.75,千公顷
2022,油菜籽,播种面积,新疆,29.46,千公顷
2022,烟叶,产量,全国,218.81,万吨
2022,烟叶,产量,北京,0,万吨
2022,烟叶,产量,河北,0.26,万吨
2022,烟叶,产量,内蒙古,0.44,万吨
2022,烟叶,产量,辽宁,1.10,万吨
2022,烟叶,产量,吉林,2.05,万吨
2022,烟叶,产量,黑龙江,2.60,万吨
2022,烟叶,产量,浙江,0.10,万吨
2022,烟叶,产量,安徽,2.18,万吨
2022,烟叶,产量,福建,12.12,万吨
2022,烟叶,产量,江西,2.71,万吨
2022,烟叶,产量,山东,4.91,万吨
2022,烟叶,产量,河南,19.96,万吨
2022,烟叶,产量,湖北,8.10,万吨
2022,烟叶,产量,湖南,19.66,万吨
2022,烟叶,产量,广东,3.71,万吨
2022,烟叶,产量,广西,1.94,万吨
2022,烟叶,产量,海南,0.04,万吨
2022,烟叶,产量,重庆,5.52,万吨
2022,烟叶,产量,四川,16.09,万吨
2022,烟叶,产量,贵州,22.63,万吨
2022,烟叶,产量,云南,86.25,万吨
2022,烟叶,产量,甘肃,0.51,万吨
2022,烟叶,产量,宁夏,0.05,万吨
2022,烟叶,播种面积,全国,1043.56,千公顷
2022,烟叶,播种面积,北京,0,千公顷
2022,烟叶,播种面积,河北,1.26,千公顷
2022,烟叶,播种面积,山西,1.51,千公顷
2022,烟叶,播种面积,内蒙古,1.08,千公顷
2022,烟叶,播种面积,辽宁,3.98,千公顷
2022,烟叶,播种面积,吉林,7.70,千公顷
2022,烟叶,播种面积,黑龙江,9.39,千公顷
2022,烟叶,播种面积,浙江,0.39,千公顷
2022,烟叶,播种面积,安徽,9.33,千公顷
2022,烟叶,播种面积,福建,57.15,千公顷
2022,烟叶,播种面积,江西,13.37,千公顷
2022,烟叶,播种面积,山东,19.05,千公顷
2022,烟叶,播种面积,河南,75.98,千公顷
2022,烟叶,播种面积,湖北,40.82,千公顷
2022,烟叶,播种面积,湖南,97.23,千公顷
2022,烟叶,播种面积,广东,15.32,千公顷
2022,烟叶,播种面积,海南,0.27,千公顷
2022,烟叶,播种面积,重庆,28.40,千公顷
2022,烟叶,播种面积,四川,75.80,千公顷
2022,烟叶,播种面积,贵州,131.78,千公顷
2022,烟叶,播种面积,云南,418.39,千公顷
2022,烟叶,播种面积,陕西,23.42,千公顷
2022,烟叶,播种面积,甘肃,1.57,千公顷
2022,烟叶,播种面积,宁夏,0.23,千公顷
2022,烤烟,产量,全国,207.99,万吨
2022,烤烟,产量,河北,0.11,万吨
2022,烤烟,产量,山西,0.44,万吨
2022,烤烟,产量,内蒙古,0.24,万吨
2022,烤烟,产量,辽宁,0.90,万吨
2022,烤烟,产量,吉林,0.89,万吨
2022,烤烟,产量,黑龙江,2.45,万吨
2022,烤烟,产量,安徽,2.15,万吨
2022,烤烟,产量,福建,12.09,万吨
2022,烤烟,产量,江西,2.69,万吨
2022,烤烟,产量,山东,4.89,万吨
2022,烤烟,产量,湖北,6.46,万吨
2022,烤烟,产量,湖南,19.48,万吨
2022,烤烟,产量,广东,3.34,万吨
2022,烤烟,产量,广西,1.62,万吨
2022,烤烟,产量,海南,0.04,万吨
2022,烤烟,产量,重庆,4.48,万吨
2022,烤烟,产量,四川,14.64,万吨
2022,烤烟,产量,贵州,21.63,万吨
2022,烤烟,产量,云南,83.97,万吨
2022,烤烟,产量,陕西,5.37,万吨
2022,烤烟,产量,甘肃,0.49,万吨
2022,烤烟,产量,宁夏,0.05,万吨
2022,烤烟,播种面积,全国,1000.52,千公顷
2022,烤烟,播种面积,河北,0.51,千公顷
2022,烤烟,播种面积,山西,1.50,千公顷
2022,烤烟,播种面积,内蒙古,0.55,千公顷
2022,烤烟,播种面积,辽宁,3.21,千公顷
2022,烤烟,播种面积,吉林,3.91,千公顷
2022,烤烟,播种面积,黑龙江,8.84,千公顷
2022,烤烟,播种面积,福建,57.05,千公顷
2022,烤烟,播种面积,江西,13.25,千公顷
2022,烤烟,播种面积,山东,18.99,千公顷
2022,烤烟,播种面积,河南,74.24,千公顷
2022,烤烟,播种面积,湖北,35.37,千公顷
2022,烤烟,播种面积,湖南,96.33,千公顷
2022,烤烟,播种面积,广东,13.97,千公顷
2022,烤烟,播种面积,广西,8.66,千公顷
2022,烤烟,播种面积,海南,0.27,千公顷
2022,烤烟,播种面积,重庆,23.97,千公顷
2022,烤烟,播种面积,四川,70.78,千公顷
2022,烤烟,播种面积,贵州,126.21,千公顷
2022,烤烟,播种面积,云南,408.42,千公顷
2022,烤烟,播种面积,陕西,23.34,千公顷
2022,烤烟,播种面积,甘肃,1.50,千公顷
2022,烤烟,播种面积,宁夏,0.23,千公顷
2022,玉米,产量,全国,27720.30,万吨
2022,玉米,产量,北京,33.54,万吨
2022,玉米,产量,天津,123.82,万吨
2022,玉米,产量,山西,1021.07,万吨
2022,玉米,产量,内蒙古,3098.36,万吨
2022,玉米,产量,辽宁,1959.16,万吨
2022,玉米,产量,吉林,3257.86,万吨
2022,玉米,产量,黑龙江,4038.42,万吨
2022,玉米,产量,上海,0.61,万吨
2022,玉米,产量,江苏,295.84,万吨
2022,玉米,产量,浙江,24.11,万吨
2022,玉米,产量,安徽,663.39,万吨
2022,玉米,产量,福建,15.65,万吨
2022,玉米,产量,江西,22.10,万吨
2022,玉米,产量,山东,2630.44,万吨
2022,玉米,产量,河南,2275.05,万吨
2022,玉米,产量,湖北,312.32,万吨
2022,玉米,产量,湖南,225.69,万吨
2022,玉米,产量,广东,63.41,万吨
2022,玉米,产量,广西,280.40,万吨
2022,玉米,产量,重庆,256.37,万吨
2022,玉米,产量,四川,1046.22,万吨
2022,玉米,产量,云南,1026.17,万吨
2022,玉米,产量,西藏,2.83,万吨
2022,玉米,产量,陕西,616.81,万吨
2022,玉米,产量,甘肃,664.22,万吨
2022,玉米,产量,青海,14.83,万吨
2022,玉米,产量,宁夏,276.63,万吨
2022,玉米,产量,新疆,1080.51,万吨
2022,玉米,播种面积,全国,43070.15,千公顷
2022,玉米,播种面积,北京,51.15,千公顷
2022,玉米,播种面积,天津,187.24,千公顷
2022,玉米,播种面积,河北,3455.87,千公顷
2022,玉米,播种面积,山西,1813.88,千公顷
2022,玉米,播种面积,内蒙古,4194.58,千公顷
2022,玉米,播种面积,辽宁,2757.99,千公顷
2022,玉米,播种面积,吉林,4469.40,千公顷
2022,玉米,播种面积,黑龙江,5970.18,千公顷
2022,玉米,播种面积,上海,0.96,千公顷
2022,玉米,播种面积,江苏,495.04,千公顷
2022,玉米,播种面积,浙江,55.40,千公顷
2022,玉米,播种面积,福建,34.73,千公顷
2022,玉米,播种面积,江西,55.60,千公顷
2022,玉米,播种面积,山东,3880.26,千公顷
2022,玉米,播种面积,河南,3857.52,千公顷
2022,玉米,播种面积,湖北,775.82,千公顷
2022,玉米,播种面积,湖南,393.58,千公顷
2022,玉米,播种面积,广东,131.91,千公顷
2022,玉米,播种面积,广西,616.33,千公顷
2022,玉米,播种面积,重庆,447.78,千公顷
2022,玉米,播种面积,四川,1855,千公顷
2022,玉米,播种面积,贵州,622.20,千公顷
2022,玉米,播种面积,云南,1917.51,千公顷
2022,玉米,播种面积,西藏,4.55,千公顷
2022,玉米,播种面积,陕西,1188.43,千公顷
2022,玉米,播种面积,甘肃,1074.47,千公顷
2022,玉米,播种面积,青海,22.67,千公顷
2022,玉米,播种面积,宁夏,365.59,千公顷
2022,玉米,播种面积,新疆,1145.56,千公顷
2022,瓜果类,播种面积,全国,2129.20,千公顷
2022,瓜果类,播种面积,天津,5.40,千公顷
2022,瓜果类,播种面积,河北,74.20,千公顷
2022,瓜果类,播种面积,山西,15.40,千公顷
2022,瓜果类,播种面积,内蒙古,31.50,千公顷
2022,瓜果类,播种面积,辽宁,45.80,千公顷
2022,瓜果类,播种面积,吉林,35.39,千公顷
2022,瓜果类,播种面积,黑龙江,36.10,千公顷
2022,瓜果类,播种面积,上海,4.40,千公顷
2022,瓜果类,播种面积,江苏,159.10,千公顷
2022,瓜果类,播种面积,浙江,83.73,千公顷
2022,瓜果类,播种面积,安徽,98.80,千公顷
2022,瓜果类,播种面积,福建,19.60,千公顷
2022,瓜果类,播种面积,江西,86.70,千公顷
2022,瓜果类,播种面积,山东,208.10,千公顷
2022,瓜果类,播种面积,河南,287.15,千公顷
2022,瓜果类,播种面积,湖北,103.50,千公顷
2022,瓜果类,播种面积,湖南,149.90,千公顷
2022,瓜果类,播种面积,广东,43.27,千公顷
2022,瓜果类,播种面积,广西,116.30,千公顷
2022,瓜果类,播种面积,重庆,27.50,千公顷
2022,瓜果类,播种面积,四川,51.60,千公顷
2022,瓜果类,播种面积,贵州,26.50,千公顷
2022,瓜果类,播种面积,云南,47.80,千公顷
2022,瓜果类,播种面积,西藏,0.90,千公顷
2022,瓜果类,播种面积,陕西,73.90,千公顷
2022,瓜果类,播种面积,甘肃,90.60,千公顷
2022,瓜果类,播种面积,青海,0.40,千公顷
2022,瓜果类,播种面积,宁夏,52.20,千公顷
2022,瓜果类,播种面积,新疆,103.60,千公顷
2022,甘蔗,产量,全国,10338.13,万吨
2022,甘蔗,产量,上海,0.09,万吨
2022,甘蔗,产量,江苏,4.04,万吨
2022,甘蔗,产量,浙江,39.19,万吨
2022,甘蔗,产量,安徽,6.29,万吨
2022,甘蔗,产量,福建,28.84,万吨
2022,甘蔗,产量,江西,62.48,万吨
2022,甘蔗,产量,河南,8.44,万吨
2022,甘蔗,产量,湖北,26.57,万吨
2022,甘蔗,产量,广东,1292.05,万吨
2022,甘蔗,产量,广西,7116.54,万吨
2022,甘蔗,产量,海南,76.70,万吨
2022,甘蔗,产量,重庆,8.32,万吨
2022,甘蔗,产量,四川,38.44,万吨
2022,甘蔗,产量,贵州,41.32,万吨
2022,甘蔗,产量,云南,1553.70,万吨
2022,甘蔗,产量,陕西,0.22,万吨
2022,甘蔗,播种面积,全国,1289.17,千公顷
2022,甘蔗,播种面积,上海,0.02,千公顷
2022,甘蔗,播种面积,江苏,0.64,千公顷
2022,甘蔗,播种面积,浙江,6.31,千公顷
2022,甘蔗,播种面积,安徽,1.48,千公顷
2022,甘蔗,播种面积,福建,5.17,千公顷
2022,甘蔗,播种面积,江西,13.66,千公顷
2022,甘蔗,播种面积,河南,1.21,千公顷
2022,甘蔗,播种面积,湖北,6.27,千公顷
2022,甘蔗,播种面积,湖南,7.56,千公顷
2022,甘蔗,播种面积,广东,147.20,千公顷
2022,甘蔗,播种面积,海南,13.71,千公顷
2022,甘蔗,播种面积,重庆,1.86,千公顷
2022,甘蔗,播种面积,四川,9.63,千公顷
2022,甘蔗,播种面积,贵州,7.35,千公顷
2022,甘蔗,播种面积,云南,219.11,千公顷
2022,甘蔗,播种面积,陕西,0.06,千公顷
2022,甜瓜,产量,全国,13868000,吨
2022,甜瓜,产量,北京,1000,吨
2022,甜瓜,产量,天津,17000,吨
2022,甜瓜,产量,河北,1029000,吨
2022,甜瓜,产量,山西,86000,吨
2022,甜瓜,产量,内蒙古,410000,吨
2022,甜瓜,产量,辽宁,319000,吨
2022,甜瓜,产量,吉林,256000,吨
2022,甜瓜,产量,黑龙江,551000,吨
2022,甜瓜,产量,上海,19000,吨
2022,甜瓜,产量,江苏,830000,吨
2022,甜瓜,产量,浙江,438000,吨
2022,甜瓜,产量,安徽,169000,吨
2022,甜瓜,产量,江西,172000,吨
2022,甜瓜,产量,山东,2556000,吨
2022,甜瓜,产量,河南,1695766.94,吨
2022,甜瓜,产量,湖北,506000,吨
2022,甜瓜,产量,湖南,484000,吨
2022,甜瓜,产量,广东,143000,吨
2022,甜瓜,产量,广西,301000,吨
2022,甜瓜,产量,海南,21000,吨
2022,甜瓜,产量,重庆,8000,吨
2022,甜瓜,产量,四川,19000,吨
2022,甜瓜,产量,贵州,30000,吨
2022,甜瓜,产量,云南,29000,吨
2022,甜瓜,产量,西藏,400,吨
2022,甜瓜,产量,陕西,613000,吨
2022,甜瓜,产量,甘肃,927000,吨
2022,甜瓜,产量,青海,100,吨
2022,甜瓜,产量,宁夏,64000,吨
2022,甜瓜,产量,新疆,2137000,吨
2022,甜瓜,播种面积,全国,380.80,千公顷
2022,甜菜,产量,河北,70.23,万吨
2022,甜菜,产量,山西,0.18,万吨
2022,甜菜,产量,内蒙古,385.11,万吨
2022,甜菜,产量,辽宁,1.32,万吨
2022,甜菜,产量,吉林,1.37,万吨
2022,甜菜,产量,黑龙江,18.18,万吨
2022,甜菜,产量,江苏,1.84,万吨
2022,甜菜,产量,山东,0.02,万吨
2022,甜菜,产量,四川,0.04,万吨
2022,甜菜,产量,贵州,0,万吨
2022,甜菜,产量,陕西,0.05,万吨
2022,甜菜,产量,甘肃,15.83,万吨
2022,甜菜,产量,新疆,399.14,万吨
2022,甜菜,播种面积,全国,162.85,千公顷
2022,甜菜,播种面积,河北,13.32,千公顷
2022,甜菜,播种面积,山西,0.05,千公顷
2022,甜菜,播种面积,内蒙古,87.30,千公顷
2022,甜菜,播种面积,辽宁,0.21,千公顷
2022,甜菜,播种面积,吉林,0.30,千公顷
2022,甜菜,播种面积,江苏,2.49,千公顷
2022,甜菜,播种面积,山东,0.01,千公顷
2022,甜菜,播种面积,四川,0.01,千公顷
2022,甜菜,播种面积,贵州,0,千公顷
2022,甜菜,播种面积,陕西,0.03,千公顷
2022,甜菜,播种面积,甘肃,2.22,千公顷
2022,甜菜,播种面积,新疆,53.40,千公顷
2022,白茶,产量,全国,95000,吨
2022,白茶,产量,安徽,2000,吨
2022,白茶,产量,福建,64000,吨
2022,白茶,产量,江西,3000,吨
2022,白茶,产量,湖北,3000,吨
2022,白茶,产量,湖南,2000,吨
2022,白茶,产量,广西,1000,吨
2022,白茶,产量,四川,1000,吨
2022,白茶,产量,贵州,14000,吨
2022,白茶,产量,云南,1000,吨
2022,白茶,产量,陕西,1000,吨
2022,秋粮,产量,全国,51100.15,万吨
2022,秋粮,产量,天津,183.20,万吨
2022,秋粮,产量,河北,2378.61,万吨
2022,秋粮,产量,山西,1219,万吨
2022,秋粮,产量,内蒙古,3900.60,万吨
2022,秋粮,产量,辽宁,2484.50,万吨
2022,秋粮,产量,吉林,4080.80,万吨
2022,秋粮,产量,黑龙江,7763.10,万吨
2022,秋粮,产量,上海,83.60,万吨
2022,秋粮,产量,江苏,2368.80,万吨
2022,秋粮,产量,浙江,477.70,万吨
2022,秋粮,产量,安徽,2276.60,万吨
2022,秋粮,产量,福建,422.50,万吨
2022,秋粮,产量,江西,1451.30,万吨
2022,秋粮,产量,山东,2902.20,万吨
2022,秋粮,产量,河南,2976.30,万吨
2022,秋粮,产量,湖北,2183.30,万吨
2022,秋粮,产量,湖南,2231.10,万吨
2022,秋粮,产量,广东,702.90,万吨
2022,秋粮,产量,广西,885.10,万吨
2022,秋粮,产量,重庆,950.44,万吨
2022,秋粮,产量,四川,3073.80,万吨
2022,秋粮,产量,贵州,857,万吨
2022,秋粮,产量,云南,1677.80,万吨
2022,秋粮,产量,西藏,107.30,万吨
2022,秋粮,产量,陕西,822,万吨
2022,秋粮,产量,甘肃,922.70,万吨
2022,秋粮,产量,青海,107.30,万吨
2022,秋粮,产量,宁夏,348,万吨
2022,秋粮,产量,新疆,1158.30,万吨
2022,秋粮,播种面积,全国,87047,千公顷
2022,秋粮,播种面积,北京,58.50,千公顷
2022,秋粮,播种面积,天津,257.90,千公顷
2022,秋粮,播种面积,河北,4172.10,千公顷
2022,秋粮,播种面积,山西,2615.27,千公顷
2022,秋粮,播种面积,内蒙古,6951.80,千公顷
2022,秋粮,播种面积,辽宁,3561.50,千公顷
2022,秋粮,播种面积,吉林,5785.10,千公顷
2022,秋粮,播种面积,黑龙江,14683.20,千公顷
2022,秋粮,播种面积,江苏,2973.70,千公顷
2022,秋粮,播种面积,浙江,723.80,千公顷
2022,秋粮,播种面积,安徽,4292.90,千公顷
2022,秋粮,播种面积,福建,684.80,千公顷
2022,秋粮,播种面积,江西,2483.50,千公顷
2022,秋粮,播种面积,山东,4367.50,千公顷
2022,秋粮,播种面积,河南,5094.59,千公顷
2022,秋粮,播种面积,湖北,3269.50,千公顷
2022,秋粮,播种面积,湖南,3440.10,千公顷
2022,秋粮,播种面积,广东,1223.20,千公顷
2022,秋粮,播种面积,广西,1900.70,千公顷
2022,秋粮,播种面积,海南,136.70,千公顷
2022,秋粮,播种面积,重庆,1673.40,千公顷
2022,秋粮,播种面积,四川,5357.70,千公顷
2022,秋粮,播种面积,贵州,1922.30,千公顷
2022,秋粮,播种面积,云南,3203.90,千公顷
2022,秋粮,播种面积,西藏,192.60,千公顷
2022,秋粮,播种面积,陕西,1912.40,千公顷
2022,秋粮,播种面积,甘肃,1816.60,千公顷
2022,秋粮,播种面积,宁夏,607,千公顷
2022,秋粮,播种面积,新疆,1275.80,千公顷
2022,稻谷,产量,全国,20849.48,万吨
2022,稻谷,产量,北京,0.21,万吨
2022,稻谷,产量,天津,52.62,万吨
2022,稻谷,产量,河北,48.88,万吨
2022,稻谷,产量,山西,1.46,万吨
2022,稻谷,产量,内蒙古,90.21,万吨
2022,稻谷,产量,辽宁,425.56,万吨
2022,稻谷,产量,吉林,680.91,万吨
2022,稻谷,产量,黑龙江,2718,万吨
2022,稻谷,产量,上海,82.73,万吨
2022,稻谷,产量,江苏,1991.61,万吨
2022,稻谷,产量,浙江,462.89,万吨
2022,稻谷,产量,安徽,1583.40,万吨
2022,稻谷,产量,福建,393.75,万吨
2022,稻谷,产量,江西,2036.50,万吨
2022,稻谷,产量,山东,90.59,万吨
2022,稻谷,产量,河南,479.15,万吨
2022,稻谷,产量,湖南,2639.88,万吨
2022,稻谷,产量,广东,1108.63,万吨
2022,稻谷,产量,广西,1028.07,万吨
2022,稻谷,产量,海南,127.91,万吨
2022,稻谷,产量,重庆,485.24,万吨
2022,稻谷,产量,四川,1462.28,万吨
2022,稻谷,产量,贵州,395,万吨
2022,稻谷,产量,云南,464.67,万吨
2022,稻谷,产量,西藏,0.48,万吨
2022,稻谷,产量,陕西,73.33,万吨
2022,稻谷,产量,甘肃,1.50,万吨
2022,稻谷,产量,宁夏,23.66,万吨
2022,稻谷,产量,新疆,34.60,万吨
2022,稻谷,播种面积,全国,29450.11,千公顷
2022,稻谷,播种面积,北京,0.42,千公顷
2022,稻谷,播种面积,天津,55.26,千公顷
2022,稻谷,播种面积,河北,76.59,千公顷
2022,稻谷,播种面积,山西,2.16,千公顷
2022,稻谷,播种面积,内蒙古,117.23,千公顷
2022,稻谷,播种面积,吉林,833.18,千公顷
2022,稻谷,播种面积,黑龙江,3601.37,千公顷
2022,稻谷,播种面积,上海,103.70,千公顷
2022,稻谷,播种面积,江苏,2221.42,千公顷
2022,稻谷,播种面积,浙江,629.19,千公顷
2022,稻谷,播种面积,安徽,2496.48,千公顷
2022,稻谷,播种面积,福建,599.45,千公顷
2022,稻谷,播种面积,江西,3403,千公顷
2022,稻谷,播种面积,山东,106.43,千公顷
2022,稻谷,播种面积,河南,601.70,千公顷
2022,稻谷,播种面积,湖北,2263.96,千公顷
2022,稻谷,播种面积,湖南,3967.67,千公顷
2022,稻谷,播种面积,广东,1835.90,千公顷
2022,稻谷,播种面积,广西,1758.03,千公顷
2022,稻谷,播种面积,海南,228.69,千公顷
2022,稻谷,播种面积,重庆,659.19,千公顷
2022,稻谷,播种面积,四川,1874,千公顷
2022,稻谷,播种面积,贵州,613.77,千公顷
2022,稻谷,播种面积,云南,709.46,千公顷
2022,稻谷,播种面积,陕西,106.09,千公顷
2022,稻谷,播种面积,甘肃,2.49,千公顷
2022,稻谷,播种面积,宁夏,29.37,千公顷
2022,稻谷,播种面积,新疆,36.71,千公顷
2022,粮食,产量,全国,68652.77,万吨
2022,粮食,产量,北京,45.36,万吨
2022,粮食,产量,天津,256.21,万吨
2022,粮食,产量,河北,3865.06,万吨
2022,粮食,产量,山西,1464.25,万吨
2022,粮食,产量,内蒙古,3900.63,万吨
2022,粮食,产量,辽宁,2484.54,万吨
2022,粮食,产量,吉林,4080.79,万吨
2022,粮食,产量,黑龙江,7763.14,万吨
2022,粮食,产量,上海,95.57,万吨
2022,粮食,产量,江苏,3769.13,万吨
2022,粮食,产量,浙江,620.97,万吨
2022,粮食,产量,安徽,4100.13,万吨
2022,粮食,产量,福建,508.70,万吨
2022,粮食,产量,江西,2151.91,万吨
2022,粮食,产量,河南,6789.37,万吨
2022,粮食,产量,湖北,2741.15,万吨
2022,粮食,产量,湖南,3018.02,万吨
2022,粮食,产量,广东,1291.54,万吨
2022,粮食,产量,广西,1393.15,万吨
2022,粮食,产量,海南,146.58,万吨
2022,粮食,产量,重庆,1072.84,万吨
2022,粮食,产量,四川,3510.55,万吨
2022,粮食,产量,贵州,1114.64,万吨
2022,粮食,产量,西藏,107.34,万吨
2022,粮食,产量,陕西,1297.89,万吨
2022,粮食,产量,甘肃,1264.99,万吨
2022,粮食,产量,青海,107.27,万吨
2022,粮食,产量,宁夏,375.83,万吨
2022,粮食,产量,新疆,1813.50,万吨
2022,粮食,播种面积,全国,118332.11,千公顷
2022,粮食,播种面积,北京,76.73,千公顷
2022,粮食,播种面积,天津,376.67,千公顷
2022,粮食,播种面积,河北,6443.78,千公顷
2022,粮食,播种面积,内蒙古,6951.84,千公顷
2022,粮食,播种面积,辽宁,3561.51,千公顷
2022,粮食,播种面积,吉林,5785.14,千公顷
2022,粮食,播种面积,黑龙江,14683.23,千公顷
2022,粮食,播种面积,上海,122.81,千公顷
2022,粮食,播种面积,江苏,5444.43,千公顷
2022,粮食,播种面积,浙江,1020.45,千公顷
2022,粮食,播种面积,安徽,7314.25,千公顷
2022,粮食,播种面积,福建,837.62,千公顷
2022,粮食,播种面积,江西,3776.36,千公顷
2022,粮食,播种面积,山东,8372.21,千公顷
2022,粮食,播种面积,河南,10778.35,千公顷
2022,粮食,播种面积,湖北,4688.96,千公顷
2022,粮食,播种面积,湖南,4765.52,千公顷
2022,粮食,播种面积,广东,2230.29,千公顷
2022,粮食,播种面积,广西,2829.30,千公顷
2022,粮食,播种面积,海南,273.01,千公顷
2022,粮食,播种面积,重庆,2046.71,千公顷
2022,粮食,播种面积,四川,6463.45,千公顷
2022,粮食,播种面积,云南,4210.97,千公顷
2022,粮食,播种面积,西藏,192.59,千公顷
2022,粮食,播种面积,陕西,3017.47,千公顷
2022,粮食,播种面积,甘肃,2699.76,千公顷
2022,粮食,播种面积,青海,303.47,千公顷
2022,粮食,播种面积,宁夏,692.29,千公顷
2022,粮食,播种面积,新疆,2433.90,千公顷
2022,糖料,产量,全国,11236.45,万吨
2022,糖料,产量,四川,38.48,万吨
2022,糖料,产量,云南,1553.70,万吨
2022,糖料,播种面积,全国,1453.48,千公顷
2022,糖料,播种面积,河北,13.32,千公顷
2022,糖料,播种面积,山西,0.05,千公顷
2022,糖料,播种面积,内蒙古,87.92,千公顷
2022,糖料,播种面积,辽宁,0.21,千公顷
2022,糖料,播种面积,吉林,0.30,千公顷
2022,糖料,播种面积,黑龙江,3.52,千公顷
2022,糖料,播种面积,上海,0.02,千公顷
2022,糖料,播种面积,江苏,3.12,千公顷
2022,糖料,播种面积,安徽,2.32,千公顷
2022,糖料,播种面积,福建,5.17,千公顷
2022,糖料,播种面积,江西,13.66,千公顷
2022,糖料,播种面积,河南,1.21,千公顷
2022,糖料,播种面积,湖北,6.27,千公顷
2022,糖料,播种面积,湖南,7.56,千公顷
2022,糖料,播种面积,广东,147.20,千公顷
2022,糖料,播种面积,广西,847.95,千公顷
2022,糖料,播种面积,海南,13.71,千公顷
2022,糖料,播种面积,重庆,1.86,千公顷
2022,糖料,播种面积,四川,9.64,千公顷
2022,糖料,播种面积,贵州,7.35,千公顷
2022,糖料,播种面积,云南,219.11,千公顷
2022,糖料,播种面积,陕西,0.09,千公顷
2022,糖料,播种面积,甘肃,2.22,千公顷
2022,糖料,播种面积,新疆,53.40,千公顷
2022,红小豆,产量,全国,24.70,万吨
2022,红小豆,产量,河北,0.60,万吨
2022,红小豆,产量,山西,0.40,万吨
2022,红小豆,产量,辽宁,0.20,万吨
2022,红小豆,产量,吉林,1.50,万吨
2022,红小豆,产量,黑龙江,10.90,万吨
2022,红小豆,产量,江苏,1.40,万吨
2022,红小豆,产量,安徽,1.10,万吨
2022,红小豆,产量,福建,0.10,万吨
2022,红小豆,产量,江西,0.10,万吨
2022,红小豆,产量,山东,0.20,万吨
2022,红小豆,产量,河南,0.50,万吨
2022,红小豆,产量,湖北,0.40,万吨
2022,红小豆,产量,湖南,0.20,万吨
2022,红小豆,产量,广东,0.30,万吨
2022,红小豆,产量,广西,0.10,万吨
2022,红小豆,产量,海南,0.10,万吨
2022,红小豆,产量,重庆,0.30,万吨
2022,红小豆,产量,四川,0.40,万吨
2022,红小豆,产量,贵州,0.40,万吨
2022,红小豆,产量,云南,0.40,万吨
2022,红小豆,产量,陕西,2.20,万吨
2022,红小豆,产量,新疆,0.01,万吨
2022,红小豆,播种面积,全国,156.30,千公顷
2022,红小豆,播种面积,北京,0.20,千公顷
2022,红小豆,播种面积,天津,0.10,千公顷
2022,红小豆,播种面积,河北,3.70,千公顷
2022,红小豆,播种面积,山西,3.50,千公顷
2022,红小豆,播种面积,内蒙古,15.30,千公顷
2022,红小豆,播种面积,辽宁,0.90,千公顷
2022,红小豆,播种面积,吉林,9.30,千公顷
2022,红小豆,播种面积,黑龙江,71.10,千公顷
2022,红小豆,播种面积,江苏,6.30,千公顷
2022,红小豆,播种面积,安徽,7.60,千公顷
2022,红小豆,播种面积,福建,0.40,千公顷
2022,红小豆,播种面积,江西,0.50,千公顷
2022,红小豆,播种面积,山东,0.70,千公顷
2022,红小豆,播种面积,河南,2.50,千公顷
2022,红小豆,播种面积,湖北,3,千公顷
2022,红小豆,播种面积,湖南,1.20,千公顷
2022,红小豆,播种面积,广东,1,千公顷
2022,红小豆,播种面积,海南,0.30,千公顷
2022,红小豆,播种面积,重庆,1.70,千公顷
2022,红小豆,播种面积,四川,1.80,千公顷
2022,红小豆,播种面积,贵州,3.80,千公顷
2022,红小豆,播种面积,云南,1.70,千公顷
2022,红小豆,播种面积,陕西,15.90,千公顷
2022,红小豆,播种面积,甘肃,1.90,千公顷
2022,红小豆,播种面积,新疆,1,千公顷
2022,红枣,产量,全国,7472000,吨
2022,红枣,产量,北京,4000,吨
2022,红枣,产量,天津,32000,吨
2022,红枣,产量,河北,782000,吨
2022,红枣,产量,山西,793000,吨
2022,红枣,产量,内蒙古,7000,吨
2022,红枣,产量,辽宁,113000,吨
2022,红枣,产量,江苏,5000,吨
2022,红枣,产量,浙江,1000,吨
2022,红枣,产量,安徽,26000,吨
2022,红枣,产量,山东,613000,吨
2022,红枣,产量,湖北,25000,吨
2022,红枣,产量,湖南,34000,吨
2022,红枣,产量,广西,34000,吨
2022,红枣,产量,重庆,7000,吨
2022,红枣,产量,四川,19000,吨
2022,红枣,产量,贵州,6000,吨
2022,红枣,产量,云南,19000,吨
2022,红枣,产量,陕西,1271000,吨
2022,红枣,产量,甘肃,87025.47,吨
2022,红枣,产量,宁夏,97000,吨
2022,红枣,产量,新疆,3379000,吨
2022,绿豆,产量,全国,38.90,万吨
2022,绿豆,产量,河北,1.30,万吨
2022,绿豆,产量,山西,1.30,万吨
2022,绿豆,产量,内蒙古,6.90,万吨
2022,绿豆,产量,辽宁,0.40,万吨
2022,绿豆,产量,吉林,6.50,万吨
2022,绿豆,产量,黑龙江,0.40,万吨
2022,绿豆,产量,江苏,0.60,万吨
2022,绿豆,产量,福建,0.20,万吨
2022,绿豆,产量,江西,0.50,万吨
2022,绿豆,产量,山东,0.40,万吨
2022,绿豆,产量,河南,2.60,万吨
2022,绿豆,产量,湖北,1,万吨
2022,绿豆,产量,湖南,2.30,万吨
2022,绿豆,产量,广东,0.40,万吨
2022,绿豆,产量,广西,2.10,万吨
2022,绿豆,产量,海南,0.10,万吨
2022,绿豆,产量,重庆,2.30,万吨
2022,绿豆,产量,四川,2.60,万吨
2022,绿豆,产量,贵州,0.30,万吨
2022,绿豆,产量,云南,0.40,万吨
2022,绿豆,产量,陕西,1.30,万吨
2022,绿豆,产量,甘肃,0.10,万吨
2022,绿豆,产量,新疆,0.20,万吨
2022,绿豆,播种面积,全国,273.60,千公顷
2022,绿豆,播种面积,北京,0.05,千公顷
2022,绿豆,播种面积,天津,0.04,千公顷
2022,绿豆,播种面积,山西,10.80,千公顷
2022,绿豆,播种面积,内蒙古,59.20,千公顷
2022,绿豆,播种面积,辽宁,2.20,千公顷
2022,绿豆,播种面积,吉林,43.40,千公顷
2022,绿豆,播种面积,黑龙江,3.80,千公顷
2022,绿豆,播种面积,江苏,2.40,千公顷
2022,绿豆,播种面积,安徽,35.90,千公顷
2022,绿豆,播种面积,福建,0.90,千公顷
2022,绿豆,播种面积,江西,4,千公顷
2022,绿豆,播种面积,山东,1.60,千公顷
2022,绿豆,播种面积,河南,22.30,千公顷
2022,绿豆,播种面积,湖北,7.60,千公顷
2022,绿豆,播种面积,湖南,11.20,千公顷
2022,绿豆,播种面积,广东,1.70,千公顷
2022,绿豆,播种面积,广西,14.30,千公顷
2022,绿豆,播种面积,海南,0.30,千公顷
2022,绿豆,播种面积,重庆,11.50,千公顷
2022,绿豆,播种面积,四川,12.60,千公顷
2022,绿豆,播种面积,贵州,2.30,千公顷
2022,绿豆,播种面积,陕西,11.80,千公顷
2022,绿豆,播种面积,甘肃,0.70,千公顷
2022,绿豆,播种面积,新疆,3.80,千公顷
2022,胡麻籽,产量,全国,25.90,万吨
2022,胡麻籽,播种面积,全国,169,千公顷
2022,胡麻籽,播种面积,河北,23.50,千公顷
2022,胡麻籽,播种面积,山西,19.30,千公顷
2022,胡麻籽,播种面积,内蒙古,31,千公顷
2022,胡麻籽,播种面积,安徽,0.10,千公顷
2022,胡麻籽,播种面积,江西,0.01,千公顷
2022,胡麻籽,播种面积,陕西,1.80,千公顷
2022,胡麻籽,播种面积,甘肃,73.70,千公顷
2022,胡麻籽,播种面积,青海,1,千公顷
2022,胡麻籽,播种面积,宁夏,18,千公顷
2022,胡麻籽,播种面积,新疆,0.60,千公顷
2022,芝麻,产量,全国,43.53,万吨
2022,芝麻,产量,北京,0,万吨
2022,芝麻,产量,天津,0,万吨
2022,芝麻,产量,河北,0.23,万吨
2022,芝麻,产量,内蒙古,0,万吨
2022,芝麻,产量,辽宁,0.01,万吨
2022,芝麻,产量,吉林,0,万吨
2022,芝麻,产量,黑龙江,0.02,万吨
2022,芝麻,产量,上海,0,万吨
2022,芝麻,产量,江苏,1.07,万吨
2022,芝麻,产量,浙江,0.77,万吨
2022,芝麻,产量,安徽,2.25,万吨
2022,芝麻,产量,福建,0.04,万吨
2022,芝麻,产量,江西,3.77,万吨
2022,芝麻,产量,山东,0.17,万吨
2022,芝麻,产量,河南,18,万吨
2022,芝麻,产量,湖北,11.79,万吨
2022,芝麻,产量,湖南,1.65,万吨
2022,芝麻,产量,广东,0.64,万吨
2022,芝麻,产量,广西,0.99,万吨
2022,芝麻,产量,海南,0.09,万吨
2022,芝麻,产量,重庆,0.47,万吨
2022,芝麻,产量,四川,0.29,万吨
2022,芝麻,产量,云南,0.01,万吨
2022,芝麻,产量,陕西,1.09,万吨
2022,芝麻,产量,新疆,0,万吨
2022,芝麻,播种面积,全国,268.77,千公顷
2022,芝麻,播种面积,河北,1.60,千公顷
2022,芝麻,播种面积,山西,1.10,千公顷
2022,芝麻,播种面积,黑龙江,0.10,千公顷
2022,芝麻,播种面积,江苏,5.80,千公顷
2022,芝麻,播种面积,浙江,4.60,千公顷
2022,芝麻,播种面积,安徽,13.40,千公顷
2022,芝麻,播种面积,福建,0.30,千公顷
2022,芝麻,播种面积,江西,31.50,千公顷
2022,芝麻,播种面积,山东,0.70,千公顷
2022,芝麻,播种面积,河南,111.70,千公顷
2022,芝麻,播种面积,湖北,65.80,千公顷
2022,芝麻,播种面积,湖南,11.40,千公顷
2022,芝麻,播种面积,广东,3.20,千公顷
2022,芝麻,播种面积,广西,3.10,千公顷
2022,芝麻,播种面积,海南,0.70,千公顷
2022,芝麻,播种面积,四川,1.80,千公顷
2022,芝麻,播种面积,贵州,0.30,千公顷
2022,芝麻,播种面积,云南,0.10,千公顷
2022,芝麻,播种面积,陕西,7.20,千公顷
2022,花生,产量,全国,1832.95,万吨
2022,花生,产量,北京,0.83,万吨
2022,花生,产量,天津,0.22,万吨
2022,花生,产量,河北,92.58,万吨
2022,花生,产量,山西,1.47,万吨
2022,花生,产量,内蒙古,13.64,万吨
2022,花生,产量,辽宁,112.55,万吨
2022,花生,产量,吉林,79.44,万吨
2022,花生,产量,黑龙江,11.74,万吨
2022,花生,产量,上海,0.06,万吨
2022,花生,产量,江苏,39.49,万吨
2022,花生,产量,浙江,4.84,万吨
2022,花生,产量,安徽,72.38,万吨
2022,花生,产量,福建,22.43,万吨
2022,花生,产量,江西,54.56,万吨
2022,花生,产量,河南,615.41,万吨
2022,花生,产量,湖北,85.42,万吨
2022,花生,产量,湖南,31.09,万吨
2022,花生,产量,广东,115.93,万吨
2022,花生,产量,广西,71.68,万吨
2022,花生,产量,海南,7.40,万吨
2022,花生,产量,重庆,14.42,万吨
2022,花生,产量,四川,78.53,万吨
2022,花生,产量,贵州,9.77,万吨
2022,花生,产量,云南,8.51,万吨
2022,花生,产量,西藏,0.01,万吨
2022,花生,产量,陕西,11.69,万吨
2022,花生,产量,甘肃,0.14,万吨
2022,花生,产量,宁夏,0,万吨
2022,花生,产量,新疆,6.61,万吨
2022,花生,播种面积,全国,4683.80,千公顷
2022,花生,播种面积,北京,2.76,千公顷
2022,花生,播种面积,天津,0.53,千公顷
2022,花生,播种面积,河北,232.38,千公顷
2022,花生,播种面积,内蒙古,35.18,千公顷
2022,花生,播种面积,辽宁,308.59,千公顷
2022,花生,播种面积,吉林,213.81,千公顷
2022,花生,播种面积,黑龙江,24.59,千公顷
2022,花生,播种面积,上海,0.17,千公顷
2022,花生,播种面积,江苏,94.22,千公顷
2022,花生,播种面积,浙江,16,千公顷
2022,花生,播种面积,安徽,146.15,千公顷
2022,花生,播种面积,福建,74.24,千公顷
2022,花生,播种面积,江西,180.97,千公顷
2022,花生,播种面积,山东,609.76,千公顷
2022,花生,播种面积,河南,1287.12,千公顷
2022,花生,播种面积,湖北,242.93,千公顷
2022,花生,播种面积,湖南,115.36,千公顷
2022,花生,播种面积,广东,346.79,千公顷
2022,花生,播种面积,广西,224.66,千公顷
2022,花生,播种面积,海南,28.85,千公顷
2022,花生,播种面积,重庆,64.27,千公顷
2022,花生,播种面积,四川,295.36,千公顷
2022,花生,播种面积,云南,43.03,千公顷
2022,花生,播种面积,西藏,0.04,千公顷
2022,花生,播种面积,陕西,38.21,千公顷
2022,花生,播种面积,甘肃,0.31,千公顷
2022,花生,播种面积,宁夏,0.01,千公顷
2022,花生,播种面积,新疆,13.13,千公顷
2022,苎麻,产量,全国,5.50,万吨
2022,苎麻,播种面积,全国,28.80,千公顷
2022,苹果,产量,全国,4757.18,万吨
2022,苹果,产量,北京,2.88,万吨
2022,苹果,产量,天津,2.56,万吨
2022,苹果,产量,河北,265.58,万吨
2022,苹果,产量,山西,418.32,万吨
2022,苹果,产量,内蒙古,32.14,万吨
2022,苹果,产量,辽宁,273.66,万吨
2022,苹果,产量,吉林,6.84,万吨
2022,苹果,产量,黑龙江,14.04,万吨
2022,苹果,产量,江苏,57.16,万吨
2022,苹果,产量,安徽,35.74,万吨
2022,苹果,产量,河南,421.23,万吨
2022,苹果,产量,湖北,0.29,万吨
2022,苹果,产量,重庆,0.58,万吨
2022,苹果,产量,四川,90.75,万吨
2022,苹果,产量,贵州,31.54,万吨
2022,苹果,产量,云南,71.65,万吨
2022,苹果,产量,西藏,0.73,万吨
2022,苹果,产量,陕西,1302.71,万吨
2022,苹果,产量,甘肃,475.88,万吨
2022,苹果,产量,青海,0.46,万吨
2022,苹果,产量,宁夏,32.15,万吨
2022,苹果,产量,新疆,213.86,万吨
2022,苹果园,种植面积,全国,1955.80,千公顷
2022,苹果园,种植面积,北京,4.60,千公顷
2022,苹果园,种植面积,天津,2.20,千公顷
2022,苹果园,种植面积,河北,115.20,千公顷
2022,苹果园,种植面积,山西,133.30,千公顷
2022,苹果园,种植面积,内蒙古,43.50,千公顷
2022,苹果园,种植面积,辽宁,129.90,千公顷
2022,苹果园,种植面积,黑龙江,9.50,千公顷
2022,苹果园,种植面积,江苏,28.20,千公顷
2022,苹果园,种植面积,安徽,11,千公顷
2022,苹果园,种植面积,山东,240.20,千公顷
2022,苹果园,种植面积,河南,104.31,千公顷
2022,苹果园,种植面积,湖北,0.50,千公顷
2022,苹果园,种植面积,重庆,0.60,千公顷
2022,苹果园,种植面积,四川,48,千公顷
2022,苹果园,种植面积,贵州,32.70,千公顷
2022,苹果园,种植面积,云南,55.90,千公顷
2022,苹果园,种植面积,西藏,2.30,千公顷
2022,苹果园,种植面积,陕西,616.10,千公顷
2022,苹果园,种植面积,甘肃,256.39,千公顷
2022,苹果园,种植面积,青海,0.70,千公顷
2022,苹果园,种植面积,宁夏,26.70,千公顷
2022,苹果园,种植面积,新疆,87.10,千公顷
2022,茶叶,产量,西藏,120.09,吨
2022,茶园,种植面积,全国,3392.70,千公顷
2022,茶园,种植面积,河北,0.03,千公顷
2022,茶园,种植面积,内蒙古,0,千公顷
2022,茶园,种植面积,上海,0.14,千公顷
2022,茶园,种植面积,江苏,33.90,千公顷
2022,茶园,种植面积,浙江,208.70,千公顷
2022,茶园,种植面积,安徽,209.30,千公顷
2022,茶园,种植面积,福建,241,千公顷
2022,茶园,种植面积,江西,120,千公顷
2022,茶园,种植面积,山东,26.70,千公顷
2022,茶园,种植面积,河南,116.60,千公顷
2022,茶园,种植面积,湖北,376.10,千公顷
2022,茶园,种植面积,湖南,210.50,千公顷
2022,茶园,种植面积,广东,99.50,千公顷
2022,茶园,种植面积,广西,102.50,千公顷
2022,茶园,种植面积,海南,2.30,千公顷
2022,茶园,种植面积,重庆,55.70,千公顷
2022,茶园,种植面积,四川,410.60,千公顷
2022,茶园,种植面积,贵州,470.60,千公顷
2022,茶园,种植面积,云南,530.30,千公顷
2022,茶园,种植面积,西藏,3.50,千公顷
2022,茶园,种植面积,甘肃,12.70,千公顷
2022,草莓,产量,全国,398.20,万吨
2022,草莓,播种面积,全国,147.50,千公顷
2022,菠萝,产量,全国,2003000,吨
2022,菠萝,产量,福建,18000,吨
2022,菠萝,产量,广东,1295000,吨
2022,菠萝,产量,广西,35000,吨
2022,菠萝,产量,海南,516000,吨
2022,菠萝,产量,四川,1000,吨
2022,菠萝,产量,云南,140000,吨
2022,葡萄,产量,全国,1537.79,万吨
2022,葡萄,产量,北京,1.01,万吨
2022,葡萄,产量,天津,6.07,万吨
2022,葡萄,产量,河北,134.15,万吨
2022,葡萄,产量,山西,43.97,万吨
2022,葡萄,产量,内蒙古,4.58,万吨
2022,葡萄,产量,辽宁,80.72,万吨
2022,葡萄,产量,吉林,8.13,万吨
2022,葡萄,产量,黑龙江,8.21,万吨
2022,葡萄,产量,江苏,65.30,万吨
2022,葡萄,产量,浙江,73.66,万吨
2022,葡萄,产量,安徽,57.27,万吨
2022,葡萄,产量,福建,24.43,万吨
2022,葡萄,产量,江西,11.58,万吨
2022,葡萄,产量,山东,122.33,万吨
2022,葡萄,产量,河南,90.47,万吨
2022,葡萄,产量,湖北,32.33,万吨
2022,葡萄,产量,湖南,27.77,万吨
2022,葡萄,产量,广西,72,万吨
2022,葡萄,产量,重庆,13.25,万吨
2022,葡萄,产量,四川,54.21,万吨
2022,葡萄,产量,贵州,41.14,万吨
2022,葡萄,产量,云南,101.32,万吨
2022,葡萄,产量,西藏,0.41,万吨
2022,葡萄,产量,陕西,89.08,万吨
2022,葡萄,产量,甘肃,26.74,万吨
2022,葡萄,产量,宁夏,20.87,万吨
2022,葡萄,产量,新疆,316.48,万吨
2022,葡萄园,种植面积,北京,1.50,千公顷
2022,葡萄园,种植面积,天津,2.40,千公顷
2022,葡萄园,种植面积,河北,42.70,千公顷
2022,葡萄园,种植面积,山西,16.60,千公顷
2022,葡萄园,种植面积,内蒙古,3.90,千公顷
2022,葡萄园,种植面积,辽宁,32.10,千公顷
2022,葡萄园,种植面积,吉林,4.60,千公顷
2022,葡萄园,种植面积,黑龙江,2.97,千公顷
2022,葡萄园,种植面积,上海,2.20,千公顷
2022,葡萄园,种植面积,江苏,35,千公顷
2022,葡萄园,种植面积,浙江,29.10,千公顷
2022,葡萄园,种植面积,安徽,26.50,千公顷
2022,葡萄园,种植面积,福建,11,千公顷
2022,葡萄园,种植面积,江西,9.40,千公顷
2022,葡萄园,种植面积,山东,35.60,千公顷
2022,葡萄园,种植面积,河南,37.59,千公顷
2022,葡萄园,种植面积,湖北,16.50,千公顷
2022,葡萄园,种植面积,湖南,28.40,千公顷
2022,葡萄园,种植面积,广西,31.60,千公顷
2022,葡萄园,种植面积,四川,37.80,千公顷
2022,葡萄园,种植面积,贵州,27.80,千公顷
2022,葡萄园,种植面积,云南,37.30,千公顷
2022,葡萄园,种植面积,西藏,1,千公顷
2022,葡萄园,种植面积,陕西,50.50,千公顷
2022,葡萄园,种植面积,甘肃,15.43,千公顷
2022,葡萄园,种植面积,宁夏,31.80,千公顷
2022,葡萄园,种植面积,新疆,121,千公顷
2022,蔬菜,产量,全国,79997.22,万吨
2022,蔬菜,产量,北京,198.86,万吨
2022,蔬菜,产量,天津,256.44,万吨
2022,蔬菜,产量,河北,5406.79,万吨
2022,蔬菜,产量,山西,1010.28,万吨
2022,蔬菜,产量,内蒙古,1012.87,万吨
2022,蔬菜,产量,辽宁,2055.38,万吨
2022,蔬菜,产量,吉林,514.84,万吨
2022,蔬菜,产量,黑龙江,759.84,万吨
2022,蔬菜,产量,上海,259.63,万吨
2022,蔬菜,产量,江苏,5974.67,万吨
2022,蔬菜,产量,安徽,2537.70,万吨
2022,蔬菜,产量,福建,1752.90,万吨
2022,蔬菜,产量,江西,1786.86,万吨
2022,蔬菜,产量,山东,9045.78,万吨
2022,蔬菜,产量,河南,7845.30,万吨
2022,蔬菜,产量,湖北,4407.93,万吨
2022,蔬菜,产量,湖南,4356.70,万吨
2022,蔬菜,产量,广东,3999.11,万吨
2022,蔬菜,产量,广西,4236.52,万吨
2022,蔬菜,产量,海南,605.43,万吨
2022,蔬菜,产量,重庆,2272.36,万吨
2022,蔬菜,产量,贵州,3355.73,万吨
2022,蔬菜,产量,云南,2857.92,万吨
2022,蔬菜,产量,西藏,81.58,万吨
2022,蔬菜,产量,陕西,2082.15,万吨
2022,蔬菜,产量,甘肃,1736.64,万吨
2022,蔬菜,产量,青海,151.81,万吨
2022,蔬菜,产量,宁夏,527.94,万吨
2022,蔬菜,产量,新疆,1731.91,万吨
2022,蔬菜,播种面积,北京,51.35,千公顷
2022,蔬菜,播种面积,天津,55.51,千公顷
2022,蔬菜,播种面积,河北,838.66,千公顷
2022,蔬菜,播种面积,山西,226.22,千公顷
2022,蔬菜,播种面积,内蒙古,191.83,千公顷
2022,蔬菜,播种面积,辽宁,335.97,千公顷
2022,蔬菜,播种面积,吉林,138.65,千公顷
2022,蔬菜,播种面积,黑龙江,162.84,千公顷
2022,蔬菜,播种面积,上海,87.47,千公顷
2022,蔬菜,播种面积,江苏,1471.32,千公顷
2022,蔬菜,播种面积,浙江,670.76,千公顷
2022,蔬菜,播种面积,安徽,769.22,千公顷
2022,蔬菜,播种面积,福建,627.23,千公顷
2022,蔬菜,播种面积,江西,704.36,千公顷
2022,蔬菜,播种面积,山东,1548.50,千公顷
2022,蔬菜,播种面积,河南,1782.50,千公顷
2022,蔬菜,播种面积,湖北,1343.68,千公顷
2022,蔬菜,播种面积,湖南,1407.27,千公顷
2022,蔬菜,播种面积,广东,1428.38,千公顷
2022,蔬菜,播种面积,海南,267.81,千公顷
2022,蔬菜,播种面积,重庆,812.02,千公顷
2022,蔬菜,播种面积,四川,1542.34,千公顷
2022,蔬菜,播种面积,贵州,1458.67,千公顷
2022,蔬菜,播种面积,云南,1315.04,千公顷
2022,蔬菜,播种面积,西藏,27.85,千公顷
2022,蔬菜,播种面积,陕西,551.27,千公顷
2022,蔬菜,播种面积,甘肃,453.52,千公顷
2022,蔬菜,播种面积,青海,43.37,千公顷
2022,蔬菜,播种面积,宁夏,129.39,千公顷
2022,蔬菜,播种面积,新疆,337.40,千公顷
2022,蔬菜(含菜用瓜),播种面积,全国,22434.10,千公顷
2022,薯类,产量,全国,2977.39,万吨
2022,薯类,产量,北京,0.67,万吨
2022,薯类,产量,天津,0.97,万吨
2022,薯类,产量,河北,139.47,万吨
2022,薯类,产量,山西,59.58,万吨
2022,薯类,产量,内蒙古,111.81,万吨
2022,薯类,产量,辽宁,24.67,万吨
2022,薯类,产量,黑龙江,23.26,万吨
2022,薯类,产量,上海,0.10,万吨
2022,薯类,产量,江苏,23.29,万吨
2022,薯类,产量,浙江,43.84,万吨
2022,薯类,产量,安徽,20.21,万吨
2022,薯类,产量,福建,85.18,万吨
2022,薯类,产量,江西,56.20,万吨
2022,薯类,产量,山东,110.02,万吨
2022,薯类,产量,河南,118.23,万吨
2022,薯类,产量,湖北,109.42,万吨
2022,薯类,产量,湖南,94.68,万吨
2022,薯类,产量,广东,107.01,万吨
2022,薯类,产量,广西,53.74,万吨
2022,薯类,产量,海南,17.59,万吨
2022,薯类,产量,重庆,273,万吨
2022,薯类,产量,四川,550.40,万吨
2022,薯类,产量,贵州,293.95,万吨
2022,薯类,产量,云南,234.58,万吨
2022,薯类,产量,西藏,0.37,万吨
2022,薯类,产量,甘肃,222.64,万吨
2022,薯类,产量,青海,27.59,万吨
2022,薯类,产量,宁夏,32.59,万吨
2022,薯类,产量,新疆,19.66,万吨
2022,薯类,播种面积,全国,7185.35,千公顷
2022,薯类,播种面积,北京,1.25,千公顷
2022,薯类,播种面积,天津,1.42,千公顷
2022,薯类,播种面积,河北,221.52,千公顷
2022,薯类,播种面积,山西,175.34,千公顷
2022,薯类,播种面积,内蒙古,227.11,千公顷
2022,薯类,播种面积,辽宁,58.04,千公顷
2022,薯类,播种面积,吉林,29.31,千公顷
2022,薯类,播种面积,黑龙江,46.35,千公顷
2022,薯类,播种面积,上海,0.17,千公顷
2022,薯类,播种面积,江苏,35.19,千公顷
2022,薯类,播种面积,浙江,82.51,千公顷
2022,薯类,播种面积,安徽,64.25,千公顷
2022,薯类,播种面积,福建,155.89,千公顷
2022,薯类,播种面积,江西,151.46,千公顷
2022,薯类,播种面积,河南,203.80,千公顷
2022,薯类,播种面积,湖北,333.83,千公顷
2022,薯类,播种面积,湖南,192.09,千公顷
2022,薯类,播种面积,广东,216.34,千公顷
2022,薯类,播种面积,广西,267.58,千公顷
2022,薯类,播种面积,海南,39.65,千公顷
2022,薯类,播种面积,重庆,684.39,千公顷
2022,薯类,播种面积,四川,1289.10,千公顷
2022,薯类,播种面积,贵州,908.26,千公顷
2022,薯类,播种面积,云南,599.56,千公顷
2022,薯类,播种面积,西藏,1.33,千公顷
2022,薯类,播种面积,陕西,323.37,千公顷
2022,薯类,播种面积,甘肃,576.11,千公顷
2022,薯类,播种面积,青海,67.85,千公顷
2022,薯类,播种面积,宁夏,80.68,千公顷
2022,薯类,播种面积,新疆,23.13,千公顷
2022,蚕茧,产量,全国,807000,吨
2022,西瓜,播种面积,全国,1484.80,千公顷
2022,谷子,产量,全国,261.80,万吨
2022,谷子,产量,天津,0.02,万吨
2022,谷子,产量,河北,39.30,万吨
2022,谷子,产量,山西,52.80,万吨
2022,谷子,产量,内蒙古,92.30,万吨
2022,谷子,产量,辽宁,21.20,万吨
2022,谷子,产量,吉林,8.90,万吨
2022,谷子,产量,黑龙江,0.50,万吨
2022,谷子,产量,安徽,0.60,万吨
2022,谷子,产量,山东,11.40,万吨
2022,谷子,产量,河南,9.70,万吨
2022,谷子,产量,广西,0.70,万吨
2022,谷子,产量,贵州,0.60,万吨
2022,谷子,产量,云南,0.01,万吨
2022,谷子,产量,陕西,16,万吨
2022,谷子,产量,甘肃,2.50,万吨
2022,谷子,产量,宁夏,3.60,万吨
2022,谷子,产量,新疆,1.20,万吨
2022,谷子,播种面积,全国,839.80,千公顷
2022,谷子,播种面积,北京,1,千公顷
2022,谷子,播种面积,河北,114.50,千公顷
2022,谷子,播种面积,山西,219.10,千公顷
2022,谷子,播种面积,内蒙古,253.60,千公顷
2022,谷子,播种面积,辽宁,57.10,千公顷
2022,谷子,播种面积,吉林,22.80,千公顷
2022,谷子,播种面积,黑龙江,1.60,千公顷
2022,谷子,播种面积,安徽,2.10,千公顷
2022,谷子,播种面积,山东,31.80,千公顷
2022,谷子,播种面积,河南,25.90,千公顷
2022,谷子,播种面积,湖北,0.10,千公顷
2022,谷子,播种面积,广东,0.10,千公顷
2022,谷子,播种面积,广西,3.10,千公顷
2022,谷子,播种面积,贵州,2.50,千公顷
2022,谷子,播种面积,云南,0.04,千公顷
2022,谷子,播种面积,陕西,70.50,千公顷
2022,谷子,播种面积,甘肃,9.50,千公顷
2022,谷子,播种面积,宁夏,20.60,千公顷
2022,谷子,播种面积,新疆,3.60,千公顷
2022,谷物,产量,全国,63324.34,万吨
2022,谷物,产量,天津,254.03,万吨
2022,谷物,产量,河北,3697.02,万吨
2022,谷物,产量,山西,1380.37,万吨
2022,谷物,产量,内蒙古,3529.11,万吨
2022,谷物,产量,辽宁,2431.96,万吨
2022,谷物,产量,吉林,3982.58,万吨
2022,谷物,产量,黑龙江,6773.49,万吨
2022,谷物,产量,上海,95.33,万吨
2022,谷物,产量,江苏,3672.57,万吨
2022,谷物,产量,浙江,546.89,万吨
2022,谷物,产量,安徽,3979.98,万吨
2022,谷物,产量,福建,411.09,万吨
2022,谷物,产量,江西,2062.77,万吨
2022,谷物,产量,山东,5374.58,万吨
2022,谷物,产量,河南,6582.60,万吨
2022,谷物,产量,湖北,2591.49,万吨
2022,谷物,产量,湖南,2880.04,万吨
2022,谷物,产量,广东,1172.60,万吨
2022,谷物,产量,广西,1312.16,万吨
2022,谷物,产量,重庆,756.39,万吨
2022,谷物,产量,四川,2814.75,万吨
2022,谷物,产量,贵州,775.55,万吨
2022,谷物,产量,云南,1613.54,万吨
2022,谷物,产量,西藏,105.66,万吨
2022,谷物,产量,陕西,1156.37,万吨
2022,谷物,产量,甘肃,1004.85,万吨
2022,谷物,产量,青海,76.20,万吨
2022,谷物,产量,宁夏,339.34,万吨
2022,谷物,产量,新疆,1779.36,万吨
2022,谷物,播种面积,全国,99268.82,千公顷
2022,谷物,播种面积,北京,71.43,千公顷
2022,谷物,播种面积,天津,370.42,千公顷
2022,谷物,播种面积,河北,6097.23,千公顷
2022,谷物,播种面积,山西,2821.09,千公顷
2022,谷物,播种面积,内蒙古,5399.40,千公顷
2022,谷物,播种面积,辽宁,3382.89,千公顷
2022,谷物,播种面积,吉林,5382.41,千公顷
2022,谷物,播种面积,黑龙江,9611.44,千公顷
2022,谷物,播种面积,江苏,5129.12,千公顷
2022,谷物,播种面积,浙江,827.46,千公顷
2022,谷物,播种面积,安徽,6595.82,千公顷
2022,谷物,播种面积,福建,638.61,千公顷
2022,谷物,播种面积,江西,3477.56,千公顷
2022,谷物,播种面积,山东,8024.95,千公顷
2022,谷物,播种面积,河南,10183.58,千公顷
2022,谷物,播种面积,湖北,4092.96,千公顷
2022,谷物,播种面积,湖南,4402.81,千公顷
2022,谷物,播种面积,广东,1969.55,千公顷
2022,谷物,播种面积,广西,2393.79,千公顷
2022,谷物,播种面积,海南,228.69,千公顷
2022,谷物,播种面积,重庆,1149.89,千公顷
2022,谷物,播种面积,四川,4478.15,千公顷
2022,谷物,播种面积,贵州,1515.05,千公顷
2022,谷物,播种面积,云南,3115.89,千公顷
2022,谷物,播种面积,西藏,186.53,千公顷
2022,谷物,播种面积,陕西,2471.79,千公顷
2022,谷物,播种面积,甘肃,1964.19,千公顷
2022,谷物,播种面积,宁夏,584.16,千公顷
2022,谷物,播种面积,新疆,2358.41,千公顷
2022,豆类,产量,全国,2351.03,万吨
2022,豆类,产量,北京,0.91,万吨
2022,豆类,产量,天津,1.21,万吨
2022,豆类,产量,河北,28.58,万吨
2022,豆类,产量,山西,24.30,万吨
2022,豆类,产量,内蒙古,259.71,万吨
2022,豆类,产量,辽宁,27.91,万吨
2022,豆类,产量,吉林,79.94,万吨
2022,豆类,产量,黑龙江,966.39,万吨
2022,豆类,产量,上海,0.14,万吨
2022,豆类,产量,江苏,73.27,万吨
2022,豆类,产量,浙江,30.24,万吨
2022,豆类,产量,安徽,99.93,万吨
2022,豆类,产量,福建,12.43,万吨
2022,豆类,产量,江西,32.94,万吨
2022,豆类,产量,山东,59.18,万吨
2022,豆类,产量,河南,88.55,万吨
2022,豆类,产量,湖南,43.30,万吨
2022,豆类,产量,广东,11.94,万吨
2022,豆类,产量,广西,27.25,万吨
2022,豆类,产量,海南,1.07,万吨
2022,豆类,产量,重庆,43.45,万吨
2022,豆类,产量,四川,145.39,万吨
2022,豆类,产量,贵州,45.14,万吨
2022,豆类,产量,云南,109.83,万吨
2022,豆类,产量,西藏,1.32,万吨
2022,豆类,产量,陕西,37.11,万吨
2022,豆类,产量,甘肃,37.50,万吨
2022,豆类,产量,青海,3.48,万吨
2022,豆类,产量,宁夏,3.89,万吨
2022,豆类,产量,新疆,14.48,万吨
2022,豆类,播种面积,全国,11877.93,千公顷
2022,豆类,播种面积,北京,4.05,千公顷
2022,豆类,播种面积,天津,4.83,千公顷
2022,豆类,播种面积,河北,125.03,千公顷
2022,豆类,播种面积,山西,153.90,千公顷
2022,豆类,播种面积,辽宁,120.58,千公顷
2022,豆类,播种面积,吉林,373.42,千公顷
2022,豆类,播种面积,黑龙江,5025.44,千公顷
2022,豆类,播种面积,上海,0.55,千公顷
2022,豆类,播种面积,江苏,280.12,千公顷
2022,豆类,播种面积,浙江,110.48,千公顷
2022,豆类,播种面积,安徽,654.17,千公顷
2022,豆类,播种面积,福建,43.11,千公顷
2022,豆类,播种面积,江西,147.34,千公顷
2022,豆类,播种面积,山东,218.79,千公顷
2022,豆类,播种面积,河南,390.97,千公顷
2022,豆类,播种面积,湖北,262.17,千公顷
2022,豆类,播种面积,湖南,170.62,千公顷
2022,豆类,播种面积,广东,44.40,千公顷
2022,豆类,播种面积,广西,167.94,千公顷
2022,豆类,播种面积,海南,4.68,千公顷
2022,豆类,播种面积,重庆,212.43,千公顷
2022,豆类,播种面积,四川,696.20,千公顷
2022,豆类,播种面积,贵州,365.39,千公顷
2022,豆类,播种面积,西藏,4.74,千公顷
2022,豆类,播种面积,陕西,222.32,千公顷
2022,豆类,播种面积,甘肃,159.47,千公顷
2022,豆类,播种面积,青海,14.13,千公顷
2022,豆类,播种面积,宁夏,27.46,千公顷
2022,豆类,播种面积,新疆,52.36,千公顷
2022,青茶,产量,全国,348000,吨
2022,青茶,产量,福建,267000,吨
2022,青茶,产量,江西,1000,吨
2022,青茶,产量,湖北,1000,吨
2022,青茶,产量,湖南,1000,吨
2022,青茶,产量,广东,71000,吨
2022,青茶,产量,广西,1000,吨
2022,青茶,产量,四川,5000,吨
2022,青茶,产量,云南,1000,吨
2022,青饲料,播种面积,全国,2630.60,千公顷
2022,青饲料,播种面积,北京,5.50,千公顷
2022,青饲料,播种面积,天津,1.40,千公顷
2022,青饲料,播种面积,河北,96.30,千公顷
2022,青饲料,播种面积,内蒙古,456.50,千公顷
2022,青饲料,播种面积,辽宁,26.70,千公顷
2022,青饲料,播种面积,吉林,8.80,千公顷
2022,青饲料,播种面积,黑龙江,47.70,千公顷
2022,青饲料,播种面积,上海,3,千公顷
2022,青饲料,播种面积,江苏,24.70,千公顷
2022,青饲料,播种面积,浙江,5.50,千公顷
2022,青饲料,播种面积,安徽,14.50,千公顷
2022,青饲料,播种面积,福建,3.30,千公顷
2022,青饲料,播种面积,江西,64.70,千公顷
2022,青饲料,播种面积,山东,16.90,千公顷
2022,青饲料,播种面积,河南,11.10,千公顷
2022,青饲料,播种面积,湖北,63.60,千公顷
2022,青饲料,播种面积,湖南,143.40,千公顷
2022,青饲料,播种面积,广东,43.40,千公顷
2022,青饲料,播种面积,广西,88.30,千公顷
2022,青饲料,播种面积,海南,0.50,千公顷
2022,青饲料,播种面积,重庆,50.10,千公顷
2022,青饲料,播种面积,四川,152.30,千公顷
2022,青饲料,播种面积,云南,211.90,千公顷
2022,青饲料,播种面积,西藏,36,千公顷
2022,青饲料,播种面积,陕西,35.80,千公顷
2022,青饲料,播种面积,甘肃,142,千公顷
2022,青饲料,播种面积,青海,51.80,千公顷
2022,青饲料,播种面积,宁夏,196.62,千公顷
2022,青饲料,播种面积,新疆,454.80,千公顷
2022,香蕉,产量,全国,11777000,吨
2022,香蕉,产量,全国,1177.68,万吨
2022,香蕉,产量,山西,0.50,吨
2022,香蕉,产量,浙江,0.01,吨
2022,香蕉,产量,福建,492000,吨
2022,香蕉,产量,福建,49.18,万吨
2022,香蕉,产量,广东,488.55,万吨
2022,香蕉,产量,广东,4885000,吨
2022,香蕉,产量,广西,300.66,万吨
2022,香蕉,产量,广西,3007000,吨
2022,香蕉,产量,海南,1148000,吨
2022,香蕉,产量,海南,114.85,万吨
2022,香蕉,产量,重庆,0.15,万吨
2022,香蕉,产量,四川,5.41,万吨
2022,香蕉,产量,四川,54000,吨
2022,香蕉,产量,贵州,10.44,万吨
2022,香蕉,产量,贵州,104000,吨
2022,香蕉,产量,云南,208.37,万吨
2022,香蕉,产量,云南,2084000,吨
2022,香蕉,产量,西藏,0.06,吨
2022,香蕉园,种植面积,全国,326.80,千公顷
2022,香蕉园,种植面积,福建,12.40,千公顷
2022,香蕉园,种植面积,广东,110.60,千公顷
2022,香蕉园,种植面积,广西,77.60,千公顷
2022,香蕉园,种植面积,海南,34,千公顷
2022,香蕉园,种植面积,重庆,0.10,千公顷
2022,香蕉园,种植面积,四川,1.90,千公顷
2022,香蕉园,种植面积,贵州,10.90,千公顷
2022,香蕉园,种植面积,云南,79.30,千公顷
2022,马铃薯,产量,全国,1788.30,万吨
2022,马铃薯,产量,天津,0.20,万吨
2022,马铃薯,产量,山西,51.61,万吨
2022,马铃薯,产量,内蒙古,110,万吨
2022,马铃薯,产量,辽宁,16.40,万吨
2022,马铃薯,产量,吉林,16.95,万吨
2022,马铃薯,产量,黑龙江,23,万吨
2022,马铃薯,产量,浙江,10.63,万吨
2022,马铃薯,产量,安徽,1.48,万吨
2022,马铃薯,产量,福建,21.24,万吨
2022,马铃薯,产量,江西,14.30,万吨
2022,马铃薯,产量,湖北,79.80,万吨
2022,马铃薯,产量,湖南,30.40,万吨
2022,马铃薯,产量,广东,21.40,万吨
2022,马铃薯,产量,广西,12.60,万吨
2022,马铃薯,产量,重庆,126.60,万吨
2022,马铃薯,产量,四川,309,万吨
2022,马铃薯,产量,贵州,244.06,万吨
2022,马铃薯,产量,云南,212,万吨
2022,马铃薯,产量,西藏,0.40,万吨
2022,马铃薯,产量,陕西,88.70,万吨
2022,马铃薯,产量,青海,27.60,万吨
2022,马铃薯,产量,宁夏,32.59,万吨
2022,马铃薯,产量,新疆,16.50,万吨
2022,马铃薯,播种面积,全国,4534.80,千公顷
2022,马铃薯,播种面积,天津,0.30,千公顷
2022,马铃薯,播种面积,河北,155.20,千公顷
2022,马铃薯,播种面积,山西,153.65,千公顷
2022,马铃薯,播种面积,内蒙古,224,千公顷
2022,马铃薯,播种面积,辽宁,38.20,千公顷
2022,马铃薯,播种面积,吉林,26.89,千公顷
2022,马铃薯,播种面积,黑龙江,45.70,千公顷
2022,马铃薯,播种面积,浙江,27.17,千公顷
2022,马铃薯,播种面积,安徽,4.40,千公顷
2022,马铃薯,播种面积,福建,49.24,千公顷
2022,马铃薯,播种面积,江西,26.90,千公顷
2022,马铃薯,播种面积,湖北,251.70,千公顷
2022,马铃薯,播种面积,湖南,62.50,千公顷
2022,马铃薯,播种面积,广东,44,千公顷
2022,马铃薯,播种面积,广西,53.60,千公顷
2022,马铃薯,播种面积,四川,734.13,千公顷
2022,马铃薯,播种面积,贵州,742.89,千公顷
2022,马铃薯,播种面积,云南,518.90,千公顷
2022,马铃薯,播种面积,西藏,1.30,千公顷
2022,马铃薯,播种面积,陕西,282.80,千公顷
2022,马铃薯,播种面积,甘肃,576.10,千公顷
2022,马铃薯,播种面积,青海,67.90,千公顷
2022,马铃薯,播种面积,宁夏,80.67,千公顷
2022,马铃薯,播种面积,新疆,19,千公顷
2022,高粱,产量,全国,309.40,万吨
2022,高粱,产量,北京,0.20,万吨
2022,高粱,产量,天津,4.60,万吨
2022,高粱,产量,河北,14.50,万吨
2022,高粱,产量,山西,36.60,万吨
2022,高粱,产量,内蒙古,72.30,万吨
2022,高粱,产量,辽宁,23.50,万吨
2022,高粱,产量,吉林,32.46,万吨
2022,高粱,产量,黑龙江,7.60,万吨
2022,高粱,产量,江苏,1,万吨
2022,高粱,产量,江西,0.40,万吨
2022,高粱,产量,山东,0.60,万吨
2022,高粱,产量,河南,5.80,万吨
2022,高粱,产量,湖北,3.80,万吨
2022,高粱,产量,湖南,3.90,万吨
2022,高粱,产量,广西,1,万吨
2022,高粱,产量,重庆,7.40,万吨
2022,高粱,产量,四川,31.20,万吨
2022,高粱,产量,贵州,37.50,万吨
2022,高粱,产量,云南,1.50,万吨
2022,高粱,产量,陕西,6.70,万吨
2022,高粱,产量,甘肃,3.20,万吨
2022,高粱,产量,宁夏,0.50,万吨
2022,高粱,产量,新疆,6,万吨
2022,高粱,播种面积,全国,674.50,千公顷
2022,高粱,播种面积,北京,0.50,千公顷
2022,高粱,播种面积,天津,9.10,千公顷
2022,高粱,播种面积,河北,33.60,千公顷
2022,高粱,播种面积,山西,103.50,千公顷
2022,高粱,播种面积,辽宁,41.70,千公顷
2022,高粱,播种面积,吉林,46.98,千公顷
2022,高粱,播种面积,黑龙江,15.10,千公顷
2022,高粱,播种面积,江苏,1.70,千公顷
2022,高粱,播种面积,安徽,12.80,千公顷
2022,高粱,播种面积,福建,0.03,千公顷
2022,高粱,播种面积,江西,3.60,千公顷
2022,高粱,播种面积,山东,2.10,千公顷
2022,高粱,播种面积,河南,15.50,千公顷
2022,高粱,播种面积,湖北,9.70,千公顷
2022,高粱,播种面积,湖南,9.10,千公顷
2022,高粱,播种面积,广东,0.10,千公顷
2022,高粱,播种面积,广西,3.80,千公顷
2022,高粱,播种面积,重庆,18.70,千公顷
2022,高粱,播种面积,四川,65,千公顷
2022,高粱,播种面积,贵州,112.60,千公顷
2022,高粱,播种面积,云南,4.30,千公顷
2022,高粱,播种面积,陕西,24.70,千公顷
2022,高粱,播种面积,甘肃,6.80,千公顷
2022,高粱,播种面积,新疆,10,千公顷
2022,麻类,产量,全国,22.84,万吨
2022,麻类,产量,山西,0.03,万吨
2022,麻类,产量,内蒙古,0.26,万吨
2022,麻类,产量,黑龙江,12.29,万吨
2022,麻类,产量,江苏,0.05,万吨
2022,麻类,产量,浙江,0,万吨
2022,麻类,产量,安徽,0.95,万吨
2022,麻类,产量,福建,0,万吨
2022,麻类,产量,江西,0.43,万吨
2022,麻类,产量,山东,0,万吨
2022,麻类,产量,河南,0.50,万吨
2022,麻类,产量,湖北,0.87,万吨
2022,麻类,产量,湖南,0.37,万吨
2022,麻类,产量,广东,0.01,万吨
2022,麻类,产量,广西,0.76,万吨
2022,麻类,产量,重庆,0.30,万吨
2022,麻类,产量,四川,3.36,万吨
2022,麻类,产量,贵州,0.01,万吨
2022,麻类,产量,陕西,0.03,万吨
2022,麻类,产量,甘肃,0.08,万吨
2022,麻类,产量,新疆,2.46,万吨
2022,麻类,播种面积,全国,58.22,千公顷
2022,麻类,播种面积,山西,0.15,千公顷
2022,麻类,播种面积,内蒙古,1.24,千公顷
2022,麻类,播种面积,黑龙江,17.17,千公顷
2022,麻类,播种面积,江苏,0.19,千公顷
2022,麻类,播种面积,浙江,0.01,千公顷
2022,麻类,播种面积,安徽,2.05,千公顷
2022,麻类,播种面积,福建,0,千公顷
2022,麻类,播种面积,江西,2.59,千公顷
2022,麻类,播种面积,山东,0.01,千公顷
2022,麻类,播种面积,河南,1.14,千公顷
2022,麻类,播种面积,湖北,3.44,千公顷
2022,麻类,播种面积,湖南,1.54,千公顷
2022,麻类,播种面积,广东,0.04,千公顷
2022,麻类,播种面积,广西,2.61,千公顷
2022,麻类,播种面积,重庆,1.66,千公顷
2022,麻类,播种面积,贵州,0.10,千公顷
2022,麻类,播种面积,云南,0.27,千公顷
2022,麻类,播种面积,陕西,0.19,千公顷
2022,麻类,播种面积,甘肃,0.39,千公顷
2022,麻类,播种面积,新疆,4.52,千公顷
2022,黄红麻,产量,全国,1.46,万吨
2022,黄红麻,产量,安徽,0.24,万吨
2022,黄红麻,产量,江西,0,万吨
2022,黄红麻,产量,河南,0.50,万吨
2022,黄红麻,产量,湖南,0.03,万吨
2022,黄红麻,产量,广东,0.01,万吨
2022,黄红麻,产量,广西,0.65,万吨
2022,黄红麻,产量,重庆,0,万吨
2022,黄红麻,播种面积,全国,4.30,千公顷
2022,黄红麻,播种面积,安徽,0.70,千公顷
2022,黄红麻,播种面积,江西,0,千公顷
2022,黄红麻,播种面积,河南,1.10,千公顷
2022,黄红麻,播种面积,湖南,0.10,千公顷
2022,黄红麻,播种面积,广东,0.04,千公顷
2022,黄红麻,播种面积,重庆,0.01,千公顷
2022,黄红麻,播种面积,四川,0.10,千公顷
2022,黄茶,产量,全国,11000,吨
2022,黄茶,产量,安徽,7000,吨
2022,黄茶,产量,湖北,1000,吨
2022,黄茶,产量,湖南,1000,吨
2022,黄茶,产量,广东,1000,吨
2022,黑茶,产量,全国,225000,吨
2022,黑茶,产量,浙江,1000,吨
2022,黑茶,产量,湖北,78000,吨
2022,黑茶,产量,湖南,101000,吨
2022,黑茶,产量,广西,10000,吨
2022,黑茶,产量,四川,26000,吨
2022,黑茶,产量,贵州,4000,吨
2022,黑茶,产量,陕西,5000,吨
2021,中稻和一季晚稻,产量,全国,15406.60,万吨
2021,中稻和一季晚稻,产量,北京,0.20,万吨
2021,中稻和一季晚稻,产量,天津,54.70,万吨
2021,中稻和一季晚稻,产量,河北,49.60,万吨
2021,中稻和一季晚稻,产量,内蒙古,115.30,万吨
2021,中稻和一季晚稻,产量,辽宁,424.60,万吨
2021,中稻和一季晚稻,产量,吉林,684.70,万吨
2021,中稻和一季晚稻,产量,黑龙江,2913.70,万吨
2021,中稻和一季晚稻,产量,上海,85.10,万吨
2021,中稻和一季晚稻,产量,江苏,1984.60,万吨
2021,中稻和一季晚稻,产量,浙江,347.90,万吨
2021,中稻和一季晚稻,产量,安徽,1395,万吨
2021,中稻和一季晚稻,产量,福建,172.10,万吨
2021,中稻和一季晚稻,产量,江西,635.10,万吨
2021,中稻和一季晚稻,产量,山东,97.50,万吨
2021,中稻和一季晚稻,产量,河南,476.10,万吨
2021,中稻和一季晚稻,产量,湖北,1719.50,万吨
2021,中稻和一季晚稻,产量,湖南,1122.20,万吨
2021,中稻和一季晚稻,产量,广西,98.10,万吨
2021,中稻和一季晚稻,产量,重庆,493,万吨
2021,中稻和一季晚稻,产量,四川,1493.40,万吨
2021,中稻和一季晚稻,产量,贵州,417.40,万吨
2021,中稻和一季晚稻,产量,云南,467.20,万吨
2021,中稻和一季晚稻,产量,陕西,72.90,万吨
2021,中稻和一季晚稻,产量,甘肃,1.80,万吨
2021,中稻和一季晚稻,产量,宁夏,41,万吨
2021,中稻和一季晚稻,产量,新疆,41.70,万吨
2021,中稻和一季晚稻,播种面积,全国,20097.40,千公顷
2021,中稻和一季晚稻,播种面积,北京,0.30,千公顷
2021,中稻和一季晚稻,播种面积,天津,58.50,千公顷
2021,中稻和一季晚稻,播种面积,河北,78.40,千公顷
2021,中稻和一季晚稻,播种面积,山西,2.60,千公顷
2021,中稻和一季晚稻,播种面积,内蒙古,155.10,千公顷
2021,中稻和一季晚稻,播种面积,辽宁,520.60,千公顷
2021,中稻和一季晚稻,播种面积,吉林,837.30,千公顷
2021,中稻和一季晚稻,播种面积,黑龙江,3867.40,千公顷
2021,中稻和一季晚稻,播种面积,上海,103.80,千公顷
2021,中稻和一季晚稻,播种面积,江苏,2219.20,千公顷
2021,中稻和一季晚稻,播种面积,浙江,441,千公顷
2021,中稻和一季晚稻,播种面积,安徽,2163.40,千公顷
2021,中稻和一季晚稻,播种面积,福建,258.10,千公顷
2021,中稻和一季晚稻,播种面积,江西,940,千公顷
2021,中稻和一季晚稻,播种面积,河南,608.20,千公顷
2021,中稻和一季晚稻,播种面积,湖北,2019.20,千公顷
2021,中稻和一季晚稻,播种面积,湖南,1479.20,千公顷
2021,中稻和一季晚稻,播种面积,广西,137.30,千公顷
2021,中稻和一季晚稻,播种面积,重庆,658.90,千公顷
2021,中稻和一季晚稻,播种面积,四川,1875,千公顷
2021,中稻和一季晚稻,播种面积,贵州,645.20,千公顷
2021,中稻和一季晚稻,播种面积,云南,710.40,千公顷
2021,中稻和一季晚稻,播种面积,西藏,0.80,千公顷
2021,中稻和一季晚稻,播种面积,陕西,106.10,千公顷
2021,中稻和一季晚稻,播种面积,甘肃,3.10,千公顷
2021,中稻和一季晚稻,播种面积,宁夏,50.80,千公顷
2021,中稻和一季晚稻,播种面积,新疆,44.30,千公顷
2021,亚麻,产量,全国,2,万吨
2021,亚麻,播种面积,全国,4.70,千公顷
2021,人均棉花,产量,全国,4.06,公斤
2021,人均棉花,产量,北京,0,公斤
2021,人均棉花,产量,天津,0.29,公斤
2021,人均棉花,产量,河北,2.14,公斤
2021,人均棉花,产量,内蒙古,0,公斤
2021,人均棉花,产量,上海,0,公斤
2021,人均棉花,产量,江苏,0.09,公斤
2021,人均棉花,产量,浙江,0.09,公斤
2021,人均棉花,产量,安徽,0.48,公斤
2021,人均棉花,产量,福建,0,公斤
2021,人均棉花,产量,江西,0.38,公斤
2021,人均棉花,产量,山东,1.38,公斤
2021,人均棉花,产量,河南,0.14,公斤
2021,人均棉花,产量,湖北,1.88,公斤
2021,人均棉花,产量,湖南,1.21,公斤
2021,人均棉花,产量,广西,0.02,公斤
2021,人均棉花,产量,四川,0.02,公斤
2021,人均棉花,产量,贵州,0.01,公斤
2021,人均棉花,产量,陕西,0.01,公斤
2021,人均棉花,产量,甘肃,1.22,公斤
2021,人均棉花,产量,新疆,198.05,公斤
2021,人均油料,产量,全国,25.58,公斤
2021,人均油料,产量,北京,0.24,公斤
2021,人均油料,产量,河北,15.87,公斤
2021,人均油料,产量,山西,4.43,公斤
2021,人均油料,产量,内蒙古,89.06,公斤
2021,人均油料,产量,辽宁,27.39,公斤
2021,人均油料,产量,吉林,35.93,公斤
2021,人均油料,产量,黑龙江,4.31,公斤
2021,人均油料,产量,上海,0.20,公斤
2021,人均油料,产量,江苏,11.52,公斤
2021,人均油料,产量,浙江,4.87,公斤
2021,人均油料,产量,安徽,27.36,公斤
2021,人均油料,产量,福建,5.58,公斤
2021,人均油料,产量,江西,28.97,公斤
2021,人均油料,产量,山东,28.12,公斤
2021,人均油料,产量,河南,66.31,公斤
2021,人均油料,产量,湖北,61.19,公斤
2021,人均油料,产量,湖南,39.65,公斤
2021,人均油料,产量,广东,9.27,公斤
2021,人均油料,产量,广西,15.09,公斤
2021,人均油料,产量,海南,7.35,公斤
2021,人均油料,产量,四川,49.76,公斤
2021,人均油料,产量,贵州,24.61,公斤
2021,人均油料,产量,云南,13.58,公斤
2021,人均油料,产量,西藏,12.52,公斤
2021,人均油料,产量,陕西,14.75,公斤
2021,人均油料,产量,甘肃,23.56,公斤
2021,人均油料,产量,青海,53.72,公斤
2021,人均油料,产量,宁夏,6.67,公斤
2021,人均油料,产量,新疆,13.36,公斤
2021,人均粮食,产量,全国,483.48,千克
2021,人均粮食,产量,北京,17.25,千克
2021,人均粮食,产量,天津,181.06,千克
2021,人均粮食,产量,河北,513.02,千克
2021,人均粮食,产量,山西,407.82,千克
2021,人均粮食,产量,内蒙古,1599.12,千克
2021,人均粮食,产量,辽宁,598.48,千克
2021,人均粮食,产量,吉林,1692.18,千克
2021,人均粮食,产量,黑龙江,2499.28,千克
2021,人均粮食,产量,上海,37.76,千克
2021,人均粮食,产量,浙江,95.46,千克
2021,人均粮食,产量,安徽,669.10,千克
2021,人均粮食,产量,福建,121.33,千克
2021,人均粮食,产量,江西,485.24,千克
2021,人均粮食,产量,山东,541.01,千克
2021,人均粮食,产量,河南,660.23,千克
2021,人均粮食,产量,湖北,477.64,千克
2021,人均粮食,产量,湖南,463.46,千克
2021,人均粮食,产量,广东,101.14,千克
2021,人均粮食,产量,广西,275.76,千克
2021,人均粮食,产量,海南,143.73,千克
2021,人均粮食,产量,重庆,340.40,千克
2021,人均粮食,产量,四川,427.90,千克
2021,人均粮食,产量,贵州,284.01,千克
2021,人均粮食,产量,西藏,290.03,千克
2021,人均粮食,产量,陕西,321.26,千克
2021,人均粮食,产量,甘肃,493.47,千克
2021,人均粮食,产量,青海,183.81,千克
2021,人均粮食,产量,宁夏,509.60,千克
2021,人均糖料,产量,全国,81.10,公斤
2021,其他农作物,播种面积,全国,5221.40,千公顷
2021,其他茶,产量,全国,56521,吨
2021,其他茶,产量,山西,1184,吨
2021,其他茶,产量,内蒙古,26,吨
2021,其他茶,产量,江苏,1,吨
2021,其他茶,产量,浙江,181,吨
2021,其他茶,产量,安徽,1908,吨
2021,其他茶,产量,福建,278,吨
2021,其他茶,产量,江西,69,吨
2021,其他茶,产量,山东,81,吨
2021,其他茶,产量,湖北,6594,吨
2021,其他茶,产量,湖南,6164,吨
2021,其他茶,产量,广东,5517,吨
2021,其他茶,产量,广西,2900,吨
2021,其他茶,产量,海南,548,吨
2021,其他茶,产量,重庆,1453,吨
2021,其他茶,产量,四川,19343,吨
2021,其他茶,产量,贵州,7205,吨
2021,其他茶,产量,西藏,53,吨
2021,其他茶,产量,陕西,4,吨
2021,其他谷物,产量,全国,1041.90,万吨
2021,其他谷物,产量,北京,0.40,万吨
2021,其他谷物,产量,天津,3.30,万吨
2021,其他谷物,产量,河北,79.20,万吨
2021,其他谷物,产量,山西,111.40,万吨
2021,其他谷物,产量,内蒙古,262.30,万吨
2021,其他谷物,产量,辽宁,51.20,万吨
2021,其他谷物,产量,吉林,66.90,万吨
2021,其他谷物,产量,黑龙江,15.20,万吨
2021,其他谷物,产量,上海,0.50,万吨
2021,其他谷物,产量,江苏,22.70,万吨
2021,其他谷物,产量,浙江,4.40,万吨
2021,其他谷物,产量,安徽,6,万吨
2021,其他谷物,产量,福建,1.70,万吨
2021,其他谷物,产量,江西,1.20,万吨
2021,其他谷物,产量,山东,13.20,万吨
2021,其他谷物,产量,河南,14.70,万吨
2021,其他谷物,产量,湖南,7.10,万吨
2021,其他谷物,产量,广东,0.40,万吨
2021,其他谷物,产量,广西,3,万吨
2021,其他谷物,产量,重庆,7.60,万吨
2021,其他谷物,产量,四川,56,万吨
2021,其他谷物,产量,贵州,49.40,万吨
2021,其他谷物,产量,云南,59.20,万吨
2021,其他谷物,产量,西藏,80.40,万吨
2021,其他谷物,产量,陕西,33.40,万吨
2021,其他谷物,产量,甘肃,46.60,万吨
2021,其他谷物,产量,青海,21.40,万吨
2021,其他谷物,产量,宁夏,7.90,万吨
2021,其他谷物,产量,新疆,10.10,万吨
2021,其他谷物,播种面积,全国,3364.20,千公顷
2021,其他谷物,播种面积,北京,1.40,千公顷
2021,其他谷物,播种面积,天津,6.80,千公顷
2021,其他谷物,播种面积,河北,330.30,千公顷
2021,其他谷物,播种面积,山西,488,千公顷
2021,其他谷物,播种面积,内蒙古,770,千公顷
2021,其他谷物,播种面积,吉林,123.60,千公顷
2021,其他谷物,播种面积,黑龙江,35,千公顷
2021,其他谷物,播种面积,上海,0.90,千公顷
2021,其他谷物,播种面积,江苏,42.20,千公顷
2021,其他谷物,播种面积,浙江,11.20,千公顷
2021,其他谷物,播种面积,安徽,11.90,千公顷
2021,其他谷物,播种面积,福建,4.30,千公顷
2021,其他谷物,播种面积,江西,6.30,千公顷
2021,其他谷物,播种面积,山东,35.90,千公顷
2021,其他谷物,播种面积,河南,42.20,千公顷
2021,其他谷物,播种面积,湖北,15.80,千公顷
2021,其他谷物,播种面积,湖南,19.20,千公顷
2021,其他谷物,播种面积,广东,1.30,千公顷
2021,其他谷物,播种面积,广西,16,千公顷
2021,其他谷物,播种面积,重庆,21.30,千公顷
2021,其他谷物,播种面积,四川,156,千公顷
2021,其他谷物,播种面积,贵州,165.60,千公顷
2021,其他谷物,播种面积,云南,202.20,千公顷
2021,其他谷物,播种面积,西藏,141.80,千公顷
2021,其他谷物,播种面积,甘肃,163.70,千公顷
2021,其他谷物,播种面积,青海,95.50,千公顷
2021,其他谷物,播种面积,宁夏,95.10,千公顷
2021,其他谷物,播种面积,新疆,19.40,千公顷
2021,冬小麦,产量,全国,13176.30,万吨
2021,冬小麦,产量,北京,6.80,万吨
2021,冬小麦,产量,天津,63,万吨
2021,冬小麦,产量,河北,1462.20,万吨
2021,冬小麦,产量,山西,243.30,万吨
2021,冬小麦,产量,上海,7.40,万吨
2021,冬小麦,产量,江苏,1342.20,万吨
2021,冬小麦,产量,浙江,48.30,万吨
2021,冬小麦,产量,安徽,1699.70,万吨
2021,冬小麦,产量,福建,0,万吨
2021,冬小麦,产量,江西,3.20,万吨
2021,冬小麦,产量,山东,2636.70,万吨
2021,冬小麦,产量,河南,3802.80,万吨
2021,冬小麦,产量,湖北,399.30,万吨
2021,冬小麦,产量,湖南,7.80,万吨
2021,冬小麦,产量,广西,0.60,万吨
2021,冬小麦,产量,重庆,6.10,万吨
2021,冬小麦,产量,四川,243.20,万吨
2021,冬小麦,产量,贵州,33.30,万吨
2021,冬小麦,产量,云南,61.90,万吨
2021,冬小麦,产量,西藏,13,万吨
2021,冬小麦,产量,陕西,424.60,万吨
2021,冬小麦,产量,甘肃,181.20,万吨
2021,冬小麦,产量,宁夏,7.40,万吨
2021,冬小麦,产量,新疆,482.10,万吨
2021,冬小麦,播种面积,全国,22408.70,千公顷
2021,冬小麦,播种面积,北京,13,千公顷
2021,冬小麦,播种面积,天津,102.20,千公顷
2021,冬小麦,播种面积,河北,2233,千公顷
2021,冬小麦,播种面积,山西,536.70,千公顷
2021,冬小麦,播种面积,上海,10.90,千公顷
2021,冬小麦,播种面积,江苏,2357.90,千公顷
2021,冬小麦,播种面积,浙江,114.80,千公顷
2021,冬小麦,播种面积,安徽,2846,千公顷
2021,冬小麦,播种面积,江西,13.60,千公顷
2021,冬小麦,播种面积,山东,3994,千公顷
2021,冬小麦,播种面积,河南,5690.70,千公顷
2021,冬小麦,播种面积,湖北,1052.10,千公顷
2021,冬小麦,播种面积,湖南,23.40,千公顷
2021,冬小麦,播种面积,广东,0.20,千公顷
2021,冬小麦,播种面积,广西,3.80,千公顷
2021,冬小麦,播种面积,重庆,18.70,千公顷
2021,冬小麦,播种面积,四川,575,千公顷
2021,冬小麦,播种面积,贵州,135.30,千公顷
2021,冬小麦,播种面积,云南,291.10,千公顷
2021,冬小麦,播种面积,西藏,21,千公顷
2021,冬小麦,播种面积,陕西,955.10,千公顷
2021,冬小麦,播种面积,甘肃,525.80,千公顷
2021,冬小麦,播种面积,宁夏,38.70,千公顷
2021,冬小麦,播种面积,新疆,855.70,千公顷
2021,双季晚稻,产量,全国,3076,万吨
2021,双季晚稻,产量,浙江,58.40,万吨
2021,双季晚稻,产量,安徽,96.20,万吨
2021,双季晚稻,产量,江西,765.90,万吨
2021,双季晚稻,产量,湖北,92.70,万吨
2021,双季晚稻,产量,湖南,817.10,万吨
2021,双季晚稻,产量,广东,580.30,万吨
2021,双季晚稻,产量,广西,439.80,万吨
2021,双季晚稻,产量,海南,59,万吨
2021,双季晚稻,产量,云南,7.50,万吨
2021,向日葵籽,产量,全国,215.39,万吨
2021,向日葵籽,播种面积,全国,703.60,千公顷
2021,向日葵籽,播种面积,北京,0.20,千公顷
2021,向日葵籽,播种面积,天津,0,千公顷
2021,向日葵籽,播种面积,河北,42.50,千公顷
2021,向日葵籽,播种面积,山西,24.50,千公顷
2021,向日葵籽,播种面积,内蒙古,484,千公顷
2021,向日葵籽,播种面积,辽宁,1.82,千公顷
2021,向日葵籽,播种面积,吉林,6.77,千公顷
2021,向日葵籽,播种面积,黑龙江,1.21,千公顷
2021,向日葵籽,播种面积,江苏,0.10,千公顷
2021,向日葵籽,播种面积,浙江,0,千公顷
2021,向日葵籽,播种面积,福建,0.10,千公顷
2021,向日葵籽,播种面积,江西,0,千公顷
2021,向日葵籽,播种面积,山东,1.30,千公顷
2021,向日葵籽,播种面积,河南,6.30,千公顷
2021,向日葵籽,播种面积,湖北,2.30,千公顷
2021,向日葵籽,播种面积,湖南,1.70,千公顷
2021,向日葵籽,播种面积,广西,0.60,千公顷
2021,向日葵籽,播种面积,重庆,2.20,千公顷
2021,向日葵籽,播种面积,四川,1.50,千公顷
2021,向日葵籽,播种面积,贵州,7.10,千公顷
2021,向日葵籽,播种面积,云南,3.40,千公顷
2021,向日葵籽,播种面积,陕西,17.50,千公顷
2021,向日葵籽,播种面积,甘肃,29.70,千公顷
2021,向日葵籽,播种面积,宁夏,5.30,千公顷
2021,向日葵籽,播种面积,新疆,63,千公顷
2021,大麦,产量,全国,213.40,万吨
2021,大麦,产量,河北,0,万吨
2021,大麦,产量,内蒙古,5.10,万吨
2021,大麦,产量,黑龙江,0,万吨
2021,大麦,产量,江苏,21.20,万吨
2021,大麦,产量,浙江,0.70,万吨
2021,大麦,产量,安徽,0.10,万吨
2021,大麦,产量,福建,0,万吨
2021,大麦,产量,江西,0,万吨
2021,大麦,产量,山东,0.20,万吨
2021,大麦,产量,河南,0,万吨
2021,大麦,产量,湖北,2.50,万吨
2021,大麦,产量,湖南,0.50,万吨
2021,大麦,产量,重庆,0,万吨
2021,大麦,产量,四川,16.40,万吨
2021,大麦,产量,贵州,0.30,万吨
2021,大麦,产量,云南,43.70,万吨
2021,大麦,产量,西藏,80.10,万吨
2021,大麦,产量,陕西,0.80,万吨
2021,大麦,产量,甘肃,19,万吨
2021,大麦,产量,青海,20.50,万吨
2021,大麦,产量,新疆,1.60,万吨
2021,大麦,播种面积,全国,542,千公顷
2021,大麦,播种面积,内蒙古,20.40,千公顷
2021,大麦,播种面积,黑龙江,0.10,千公顷
2021,大麦,播种面积,上海,0.90,千公顷
2021,大麦,播种面积,江苏,38.30,千公顷
2021,大麦,播种面积,浙江,1.70,千公顷
2021,大麦,播种面积,安徽,0.60,千公顷
2021,大麦,播种面积,福建,0,千公顷
2021,大麦,播种面积,江西,0.20,千公顷
2021,大麦,播种面积,山东,0.30,千公顷
2021,大麦,播种面积,河南,0,千公顷
2021,大麦,播种面积,湖北,7.80,千公顷
2021,大麦,播种面积,湖南,1.40,千公顷
2021,大麦,播种面积,重庆,0.10,千公顷
2021,大麦,播种面积,四川,54.20,千公顷
2021,大麦,播种面积,贵州,1.40,千公顷
2021,大麦,播种面积,云南,132.10,千公顷
2021,大麦,播种面积,西藏,140.70,千公顷
2021,大麦,播种面积,陕西,1.90,千公顷
2021,大麦,播种面积,甘肃,44.30,千公顷
2021,大麦,播种面积,宁夏,0.20,千公顷
2021,大麦,播种面积,新疆,4.10,千公顷
2021,大麻(线麻),产量,全国,11.80,万吨
2021,大麻(线麻),播种面积,全国,17.80,千公顷
2021,春小麦,产量,全国,518.10,万吨
2021,春小麦,产量,北京,0,万吨
2021,春小麦,产量,天津,9.20,万吨
2021,春小麦,产量,河北,6.90,万吨
2021,春小麦,产量,山西,0.10,万吨
2021,春小麦,产量,内蒙古,157.20,万吨
2021,春小麦,产量,辽宁,1.10,万吨
2021,春小麦,产量,吉林,1.60,万吨
2021,春小麦,产量,黑龙江,26.30,万吨
2021,春小麦,产量,四川,2.10,万吨
2021,春小麦,产量,西藏,7.10,万吨
2021,春小麦,产量,甘肃,98.50,万吨
2021,春小麦,产量,青海,38.70,万吨
2021,春小麦,产量,宁夏,11.60,万吨
2021,春小麦,产量,新疆,157.70,万吨
2021,春小麦,播种面积,北京,0.10,千公顷
2021,春小麦,播种面积,天津,16.30,千公顷
2021,春小麦,播种面积,河北,13.60,千公顷
2021,春小麦,播种面积,山西,0.20,千公顷
2021,春小麦,播种面积,内蒙古,442.10,千公顷
2021,春小麦,播种面积,辽宁,2.70,千公顷
2021,春小麦,播种面积,吉林,4.50,千公顷
2021,春小麦,播种面积,黑龙江,67.30,千公顷
2021,春小麦,播种面积,四川,7.90,千公顷
2021,春小麦,播种面积,西藏,11.50,千公顷
2021,春小麦,播种面积,甘肃,185.40,千公顷
2021,春小麦,播种面积,青海,98.80,千公顷
2021,春小麦,播种面积,宁夏,28.40,千公顷
2021,春小麦,播种面积,新疆,279.50,千公顷
2021,果园,种植面积,全国,12807.99,千公顷
2021,果园,种植面积,北京,39.55,千公顷
2021,果园,种植面积,天津,22.41,千公顷
2021,果园,种植面积,河北,472.49,千公顷
2021,果园,种植面积,山西,387.66,千公顷
2021,果园,种植面积,辽宁,347.04,千公顷
2021,果园,种植面积,吉林,28.71,千公顷
2021,果园,种植面积,黑龙江,45,千公顷
2021,果园,种植面积,上海,12.59,千公顷
2021,果园,种植面积,江苏,190.65,千公顷
2021,果园,种植面积,浙江,301.24,千公顷
2021,果园,种植面积,安徽,168.49,千公顷
2021,果园,种植面积,福建,368.36,千公顷
2021,果园,种植面积,江西,427.32,千公顷
2021,果园,种植面积,山东,610.55,千公顷
2021,果园,种植面积,河南,404.22,千公顷
2021,果园,种植面积,湖北,410.30,千公顷
2021,果园,种植面积,湖南,568.61,千公顷
2021,果园,种植面积,广东,1050.76,千公顷
2021,果园,种植面积,广西,1389.32,千公顷
2021,果园,种植面积,海南,191.01,千公顷
2021,果园,种植面积,重庆,355.12,千公顷
2021,果园,种植面积,四川,837.45,千公顷
2021,果园,种植面积,贵州,802.14,千公顷
2021,果园,种植面积,西藏,5.15,千公顷
2021,果园,种植面积,陕西,1169.70,千公顷
2021,果园,种植面积,甘肃,328.30,千公顷
2021,果园,种植面积,青海,6.72,千公顷
2021,果园,种植面积,宁夏,104.04,千公顷
2021,果园,种植面积,新疆,950.05,千公顷
2021,柑桔,产量,全国,55956000,吨
2021,柑桔,产量,内蒙古,0,吨
2021,柑桔,产量,黑龙江,1,吨
2021,柑桔,产量,上海,53000,吨
2021,柑桔,产量,江苏,29000,吨
2021,柑桔,产量,浙江,1806000,吨
2021,柑桔,产量,安徽,33000,吨
2021,柑桔,产量,福建,4193000,吨
2021,柑桔,产量,江西,4445000,吨
2021,柑桔,产量,河南,48000,吨
2021,柑桔,产量,湖北,5408000,吨
2021,柑桔,产量,湖南,6432000,吨
2021,柑桔,产量,广东,5230000,吨
2021,柑桔,产量,海南,143000,吨
2021,柑桔,产量,重庆,3427000,吨
2021,柑桔,产量,四川,5223000,吨
2021,柑桔,产量,贵州,941000,吨
2021,柑桔,产量,云南,1927000,吨
2021,柑桔,产量,西藏,1000,吨
2021,柑桔,产量,陕西,542000,吨
2021,柑桔,产量,甘肃,2000,吨
2021,柑桔园,种植面积,全国,2922.70,千公顷
2021,柑桔园,种植面积,上海,3.50,千公顷
2021,柑桔园,种植面积,江苏,2.10,千公顷
2021,柑桔园,种植面积,浙江,81.90,千公顷
2021,柑桔园,种植面积,安徽,2.40,千公顷
2021,柑桔园,种植面积,福建,152,千公顷
2021,柑桔园,种植面积,江西,336.20,千公顷
2021,柑桔园,种植面积,河南,4.41,千公顷
2021,柑桔园,种植面积,湖北,242,千公顷
2021,柑桔园,种植面积,湖南,424.40,千公顷
2021,柑桔园,种植面积,广东,246.50,千公顷
2021,柑桔园,种植面积,海南,10.30,千公顷
2021,柑桔园,种植面积,重庆,225.20,千公顷
2021,柑桔园,种植面积,四川,355.10,千公顷
2021,柑桔园,种植面积,贵州,88.40,千公顷
2021,柑桔园,种植面积,云南,110.90,千公顷
2021,柑桔园,种植面积,西藏,0.20,千公顷
2021,柑桔园,种植面积,陕西,23.40,千公顷
2021,柑桔园,种植面积,甘肃,0.30,千公顷
2021,柞蚕茧,产量,全国,54954,吨
2021,柿子,产量,全国,3618000,吨
2021,柿子,产量,北京,5000,吨
2021,柿子,产量,天津,11998,吨
2021,柿子,产量,河北,302000,吨
2021,柿子,产量,山西,313000,吨
2021,柿子,产量,上海,200,吨
2021,柿子,产量,江苏,69000,吨
2021,柿子,产量,浙江,57812.90,吨
2021,柿子,产量,安徽,104000,吨
2021,柿子,产量,福建,134000,吨
2021,柿子,产量,山东,105000,吨
2021,柿子,产量,河南,427233.92,吨
2021,柿子,产量,湖北,51000,吨
2021,柿子,产量,湖南,24000,吨
2021,柿子,产量,广东,132000,吨
2021,柿子,产量,广西,1350000,吨
2021,柿子,产量,重庆,13000,吨
2021,柿子,产量,四川,54000,吨
2021,柿子,产量,贵州,18000,吨
2021,柿子,产量,云南,104000,吨
2021,柿子,产量,陕西,293000,吨
2021,柿子,产量,甘肃,24923.84,吨
2021,桑蚕茧,产量,全国,726613,吨
2021,梨园,种植面积,全国,921.60,千公顷
2021,梨园,种植面积,北京,5.70,千公顷
2021,梨园,种植面积,天津,4.80,千公顷
2021,梨园,种植面积,河北,115.40,千公顷
2021,梨园,种植面积,山西,47.90,千公顷
2021,梨园,种植面积,内蒙古,6.20,千公顷
2021,梨园,种植面积,吉林,7,千公顷
2021,梨园,种植面积,黑龙江,2.27,千公顷
2021,梨园,种植面积,上海,1.90,千公顷
2021,梨园,种植面积,江苏,31.80,千公顷
2021,梨园,种植面积,浙江,17.90,千公顷
2021,梨园,种植面积,安徽,40.70,千公顷
2021,梨园,种植面积,福建,14,千公顷
2021,梨园,种植面积,江西,20,千公顷
2021,梨园,种植面积,山东,37.50,千公顷
2021,梨园,种植面积,河南,64.04,千公顷
2021,梨园,种植面积,湖北,23.60,千公顷
2021,梨园,种植面积,湖南,34.20,千公顷
2021,梨园,种植面积,广东,8.70,千公顷
2021,梨园,种植面积,广西,21.10,千公顷
2021,梨园,种植面积,重庆,24.50,千公顷
2021,梨园,种植面积,四川,64.60,千公顷
2021,梨园,种植面积,贵州,46.50,千公顷
2021,梨园,种植面积,云南,58.20,千公顷
2021,梨园,种植面积,西藏,0.30,千公顷
2021,梨园,种植面积,甘肃,19.76,千公顷
2021,梨园,种植面积,青海,0.50,千公顷
2021,梨园,种植面积,宁夏,1.70,千公顷
2021,梨园,种植面积,新疆,71.90,千公顷
2021,烟叶,播种面积,全国,1012.92,千公顷
2021,烟叶,播种面积,北京,0,千公顷
2021,烟叶,播种面积,河北,1.16,千公顷
2021,烟叶,播种面积,山西,1.54,千公顷
2021,烟叶,播种面积,内蒙古,0.78,千公顷
2021,烟叶,播种面积,辽宁,4.25,千公顷
2021,烟叶,播种面积,吉林,8.13,千公顷
2021,烟叶,播种面积,黑龙江,9.52,千公顷
2021,烟叶,播种面积,浙江,0.41,千公顷
2021,烟叶,播种面积,安徽,8.62,千公顷
2021,烟叶,播种面积,福建,49.08,千公顷
2021,烟叶,播种面积,江西,12.69,千公顷
2021,烟叶,播种面积,山东,17.97,千公顷
2021,烟叶,播种面积,河南,76.38,千公顷
2021,烟叶,播种面积,湖北,39.05,千公顷
2021,烟叶,播种面积,广东,15.85,千公顷
2021,烟叶,播种面积,广西,10.23,千公顷
2021,烟叶,播种面积,海南,0.22,千公顷
2021,烟叶,播种面积,重庆,26.99,千公顷
2021,烟叶,播种面积,四川,72.59,千公顷
2021,烟叶,播种面积,贵州,136.82,千公顷
2021,烟叶,播种面积,云南,408.59,千公顷
2021,烟叶,播种面积,陕西,22.66,千公顷
2021,烟叶,播种面积,甘肃,1.60,千公顷
2021,烟叶,播种面积,宁夏,0.23,千公顷
2021,烤烟,播种面积,全国,968.77,千公顷
2021,烤烟,播种面积,河北,0.69,千公顷
2021,烤烟,播种面积,山西,1.50,千公顷
2021,烤烟,播种面积,内蒙古,0.53,千公顷
2021,烤烟,播种面积,辽宁,3.46,千公顷
2021,烤烟,播种面积,吉林,3.99,千公顷
2021,烤烟,播种面积,黑龙江,8.87,千公顷
2021,烤烟,播种面积,安徽,8.55,千公顷
2021,烤烟,播种面积,福建,49.01,千公顷
2021,烤烟,播种面积,山东,17.88,千公顷
2021,烤烟,播种面积,河南,76.19,千公顷
2021,烤烟,播种面积,湖北,34.11,千公顷
2021,烤烟,播种面积,湖南,86.66,千公顷
2021,烤烟,播种面积,广东,14.06,千公顷
2021,烤烟,播种面积,广西,8.51,千公顷
2021,烤烟,播种面积,海南,0.22,千公顷
2021,烤烟,播种面积,重庆,22.07,千公顷
2021,烤烟,播种面积,四川,67.53,千公顷
2021,烤烟,播种面积,贵州,130.22,千公顷
2021,烤烟,播种面积,云南,397.58,千公顷
2021,烤烟,播种面积,陕西,22.62,千公顷
2021,烤烟,播种面积,甘肃,1.54,千公顷
2021,烤烟,播种面积,宁夏,0.23,千公顷
2021,甜瓜,产量,全国,13771000,吨
2021,甜瓜,产量,北京,2000,吨
2021,甜瓜,产量,天津,16000,吨
2021,甜瓜,产量,河北,1011000,吨
2021,甜瓜,产量,山西,92000,吨
2021,甜瓜,产量,辽宁,364000,吨
2021,甜瓜,产量,吉林,262000,吨
2021,甜瓜,产量,黑龙江,546000,吨
2021,甜瓜,产量,上海,23000,吨
2021,甜瓜,产量,江苏,821000,吨
2021,甜瓜,产量,浙江,463000,吨
2021,甜瓜,产量,安徽,158000,吨
2021,甜瓜,产量,福建,38000,吨
2021,甜瓜,产量,江西,163000,吨
2021,甜瓜,产量,山东,2440000,吨
2021,甜瓜,产量,河南,1668783.99,吨
2021,甜瓜,产量,湖北,495000,吨
2021,甜瓜,产量,湖南,474000,吨
2021,甜瓜,产量,广东,131000,吨
2021,甜瓜,产量,广西,310000,吨
2021,甜瓜,产量,海南,25000,吨
2021,甜瓜,产量,重庆,8000,吨
2021,甜瓜,产量,四川,21000,吨
2021,甜瓜,产量,贵州,31000,吨
2021,甜瓜,产量,西藏,1000,吨
2021,甜瓜,产量,陕西,637000,吨
2021,甜瓜,产量,甘肃,778000,吨
2021,甜瓜,产量,青海,300,吨
2021,甜瓜,产量,宁夏,69000,吨
2021,甜瓜,产量,新疆,2225000,吨
2021,甜瓜,播种面积,全国,386.60,千公顷
2021,白茶,产量,全国,80185,吨
2021,白茶,产量,山西,5,吨
2021,白茶,产量,安徽,2058,吨
2021,白茶,产量,福建,55029,吨
2021,白茶,产量,江西,2861,吨
2021,白茶,产量,湖北,2324,吨
2021,白茶,产量,湖南,1226,吨
2021,白茶,产量,广西,836,吨
2021,白茶,产量,重庆,339,吨
2021,白茶,产量,四川,655,吨
2021,白茶,产量,贵州,11794,吨
2021,白茶,产量,云南,406,吨
2021,白茶,产量,陕西,538,吨
2021,红小豆,产量,全国,23.20,万吨
2021,红小豆,产量,北京,0,万吨
2021,红小豆,产量,天津,0,万吨
2021,红小豆,产量,河北,0.80,万吨
2021,红小豆,产量,山西,0.60,万吨
2021,红小豆,产量,内蒙古,2.20,万吨
2021,红小豆,产量,辽宁,0.40,万吨
2021,红小豆,产量,吉林,0.70,万吨
2021,红小豆,产量,黑龙江,9.60,万吨
2021,红小豆,产量,江苏,1.70,万吨
2021,红小豆,产量,安徽,1,万吨
2021,红小豆,产量,福建,0.10,万吨
2021,红小豆,产量,江西,0.10,万吨
2021,红小豆,产量,山东,0.20,万吨
2021,红小豆,产量,河南,0.50,万吨
2021,红小豆,产量,湖北,0.40,万吨
2021,红小豆,产量,湖南,0.20,万吨
2021,红小豆,产量,广东,0.20,万吨
2021,红小豆,产量,海南,0.10,万吨
2021,红小豆,产量,重庆,0.30,万吨
2021,红小豆,产量,四川,0.30,万吨
2021,红小豆,产量,贵州,0.30,万吨
2021,红小豆,产量,云南,0.50,万吨
2021,红小豆,产量,陕西,2.20,万吨
2021,红小豆,产量,甘肃,0.50,万吨
2021,红小豆,产量,新疆,0.10,万吨
2021,红小豆,播种面积,全国,152.50,千公顷
2021,红小豆,播种面积,北京,0.20,千公顷
2021,红小豆,播种面积,天津,0.10,千公顷
2021,红小豆,播种面积,河北,4.60,千公顷
2021,红小豆,播种面积,山西,4.60,千公顷
2021,红小豆,播种面积,内蒙古,13.60,千公顷
2021,红小豆,播种面积,辽宁,2,千公顷
2021,红小豆,播种面积,吉林,5.70,千公顷
2021,红小豆,播种面积,黑龙江,66.70,千公顷
2021,红小豆,播种面积,江苏,7.60,千公顷
2021,红小豆,播种面积,安徽,6.90,千公顷
2021,红小豆,播种面积,江西,0.40,千公顷
2021,红小豆,播种面积,山东,0.70,千公顷
2021,红小豆,播种面积,河南,2.90,千公顷
2021,红小豆,播种面积,湖北,2.90,千公顷
2021,红小豆,播种面积,湖南,1.20,千公顷
2021,红小豆,播种面积,广东,1,千公顷
2021,红小豆,播种面积,广西,0.80,千公顷
2021,红小豆,播种面积,海南,0.30,千公顷
2021,红小豆,播种面积,重庆,1.60,千公顷
2021,红小豆,播种面积,四川,1.50,千公顷
2021,红小豆,播种面积,贵州,3.80,千公顷
2021,红小豆,播种面积,云南,2.50,千公顷
2021,红小豆,播种面积,陕西,17.10,千公顷
2021,红小豆,播种面积,甘肃,3.20,千公顷
2021,红小豆,播种面积,新疆,0.10,千公顷
2021,红枣,产量,全国,7402000,吨
2021,红枣,产量,北京,5000,吨
2021,红枣,产量,天津,33000,吨
2021,红枣,产量,河北,729000,吨
2021,红枣,产量,内蒙古,10000,吨
2021,红枣,产量,辽宁,110000,吨
2021,红枣,产量,上海,0,吨
2021,红枣,产量,江苏,4000,吨
2021,红枣,产量,浙江,1000,吨
2021,红枣,产量,安徽,25000,吨
2021,红枣,产量,山东,608000,吨
2021,红枣,产量,河南,149000,吨
2021,红枣,产量,湖北,25000,吨
2021,红枣,产量,湖南,33000,吨
2021,红枣,产量,广西,32000,吨
2021,红枣,产量,重庆,8000,吨
2021,红枣,产量,四川,18000,吨
2021,红枣,产量,贵州,7000,吨
2021,红枣,产量,云南,20000,吨
2021,红枣,产量,陕西,1190000,吨
2021,红枣,产量,甘肃,89861.17,吨
2021,红枣,产量,宁夏,77000,吨
2021,红枣,产量,新疆,3454000,吨
2021,绿豆,产量,北京,0,万吨
2021,绿豆,产量,天津,0,万吨
2021,绿豆,产量,河北,1.50,万吨
2021,绿豆,产量,山西,1.80,万吨
2021,绿豆,产量,内蒙古,10.90,万吨
2021,绿豆,产量,辽宁,0.90,万吨
2021,绿豆,产量,吉林,6.30,万吨
2021,绿豆,产量,黑龙江,0.50,万吨
2021,绿豆,产量,江苏,0.80,万吨
2021,绿豆,产量,安徽,4,万吨
2021,绿豆,产量,福建,0.20,万吨
2021,绿豆,产量,江西,0.50,万吨
2021,绿豆,产量,山东,0.50,万吨
2021,绿豆,产量,河南,2.70,万吨
2021,绿豆,产量,湖北,1.10,万吨
2021,绿豆,产量,湖南,2.40,万吨
2021,绿豆,产量,广东,0.40,万吨
2021,绿豆,产量,广西,2.20,万吨
2021,绿豆,产量,海南,0.10,万吨
2021,绿豆,产量,四川,2.60,万吨
2021,绿豆,产量,贵州,0.40,万吨
2021,绿豆,产量,云南,0.40,万吨
2021,绿豆,产量,西藏,0.10,万吨
2021,绿豆,产量,陕西,1.40,万吨
2021,绿豆,产量,甘肃,0.20,万吨
2021,绿豆,产量,新疆,0.20,万吨
2021,绿豆,播种面积,全国,329.10,千公顷
2021,绿豆,播种面积,北京,0.10,千公顷
2021,绿豆,播种面积,天津,0.10,千公顷
2021,绿豆,播种面积,河北,9,千公顷
2021,绿豆,播种面积,山西,12.40,千公顷
2021,绿豆,播种面积,内蒙古,100,千公顷
2021,绿豆,播种面积,辽宁,5.10,千公顷
2021,绿豆,播种面积,吉林,48.50,千公顷
2021,绿豆,播种面积,黑龙江,4.90,千公顷
2021,绿豆,播种面积,江苏,3.20,千公顷
2021,绿豆,播种面积,安徽,33,千公顷
2021,绿豆,播种面积,福建,0.90,千公顷
2021,绿豆,播种面积,山东,1.90,千公顷
2021,绿豆,播种面积,河南,25.50,千公顷
2021,绿豆,播种面积,湖北,7.70,千公顷
2021,绿豆,播种面积,湖南,11.20,千公顷
2021,绿豆,播种面积,广东,1.60,千公顷
2021,绿豆,播种面积,广西,15.40,千公顷
2021,绿豆,播种面积,海南,0.30,千公顷
2021,绿豆,播种面积,重庆,11.70,千公顷
2021,绿豆,播种面积,四川,12.60,千公顷
2021,绿豆,播种面积,贵州,3.20,千公顷
2021,绿豆,播种面积,云南,2.10,千公顷
2021,绿豆,播种面积,西藏,0.20,千公顷
2021,绿豆,播种面积,陕西,13.10,千公顷
2021,绿豆,播种面积,甘肃,1.30,千公顷
2021,绿豆,播种面积,新疆,0.50,千公顷
2021,胡麻籽,产量,全国,26.30,万吨
2021,胡麻籽,播种面积,全国,179.10,千公顷
2021,胡麻籽,播种面积,河北,25.50,千公顷
2021,胡麻籽,播种面积,山西,19.10,千公顷
2021,胡麻籽,播种面积,吉林,0,千公顷
2021,胡麻籽,播种面积,安徽,0.40,千公顷
2021,胡麻籽,播种面积,江西,0,千公顷
2021,胡麻籽,播种面积,贵州,0,千公顷
2021,胡麻籽,播种面积,云南,0,千公顷
2021,胡麻籽,播种面积,陕西,1.40,千公顷
2021,胡麻籽,播种面积,甘肃,74.40,千公顷
2021,胡麻籽,播种面积,青海,1.10,千公顷
2021,胡麻籽,播种面积,宁夏,17.70,千公顷
2021,胡麻籽,播种面积,新疆,0.50,千公顷
2021,芝麻,产量,全国,45.54,万吨
2021,芝麻,产量,北京,0,万吨
2021,芝麻,产量,天津,0,万吨
2021,芝麻,产量,河北,0.26,万吨
2021,芝麻,产量,山西,0.16,万吨
2021,芝麻,产量,内蒙古,0.02,万吨
2021,芝麻,产量,辽宁,0.01,万吨
2021,芝麻,产量,吉林,0.03,万吨
2021,芝麻,产量,黑龙江,0,万吨
2021,芝麻,产量,江苏,1.13,万吨
2021,芝麻,产量,浙江,0.82,万吨
2021,芝麻,产量,安徽,2.27,万吨
2021,芝麻,产量,福建,0.04,万吨
2021,芝麻,产量,江西,3.90,万吨
2021,芝麻,产量,山东,0.17,万吨
2021,芝麻,产量,河南,18.17,万吨
2021,芝麻,产量,湖北,13.07,万吨
2021,芝麻,产量,湖南,1.65,万吨
2021,芝麻,产量,广东,0.63,万吨
2021,芝麻,产量,广西,1.15,万吨
2021,芝麻,产量,海南,0.11,万吨
2021,芝麻,产量,重庆,0.50,万吨
2021,芝麻,产量,四川,0.30,万吨
2021,芝麻,产量,贵州,0.06,万吨
2021,芝麻,产量,云南,0.01,万吨
2021,芝麻,产量,陕西,1.07,万吨
2021,芝麻,产量,新疆,0.03,万吨
2021,芝麻,播种面积,全国,285.40,千公顷
2021,芝麻,播种面积,天津,0,千公顷
2021,芝麻,播种面积,河北,1.90,千公顷
2021,芝麻,播种面积,山西,1.50,千公顷
2021,芝麻,播种面积,内蒙古,0.20,千公顷
2021,芝麻,播种面积,辽宁,0,千公顷
2021,芝麻,播种面积,吉林,0.30,千公顷
2021,芝麻,播种面积,黑龙江,0,千公顷
2021,芝麻,播种面积,上海,0,千公顷
2021,芝麻,播种面积,江苏,5.90,千公顷
2021,芝麻,播种面积,浙江,4.90,千公顷
2021,芝麻,播种面积,安徽,13.50,千公顷
2021,芝麻,播种面积,福建,0.30,千公顷
2021,芝麻,播种面积,江西,31.50,千公顷
2021,芝麻,播种面积,山东,0.70,千公顷
2021,芝麻,播种面积,河南,115.20,千公顷
2021,芝麻,播种面积,湖北,77.30,千公顷
2021,芝麻,播种面积,湖南,11.40,千公顷
2021,芝麻,播种面积,广东,3.20,千公顷
2021,芝麻,播种面积,广西,3,千公顷
2021,芝麻,播种面积,重庆,4.10,千公顷
2021,芝麻,播种面积,四川,1.80,千公顷
2021,芝麻,播种面积,贵州,0.40,千公顷
2021,芝麻,播种面积,云南,0.10,千公顷
2021,芝麻,播种面积,陕西,7.10,千公顷
2021,芝麻,播种面积,甘肃,0,千公顷
2021,芝麻,播种面积,新疆,0.20,千公顷
2021,花生,播种面积,全国,4805.29,千公顷
2021,花生,播种面积,北京,1.25,千公顷
2021,花生,播种面积,天津,0.79,千公顷
2021,花生,播种面积,河北,247.29,千公顷
2021,花生,播种面积,山西,5.03,千公顷
2021,花生,播种面积,内蒙古,68.44,千公顷
2021,花生,播种面积,辽宁,332.32,千公顷
2021,花生,播种面积,吉林,242.61,千公顷
2021,花生,播种面积,黑龙江,22.79,千公顷
2021,花生,播种面积,上海,0.14,千公顷
2021,花生,播种面积,江苏,97.20,千公顷
2021,花生,播种面积,浙江,16.30,千公顷
2021,花生,播种面积,福建,73.74,千公顷
2021,花生,播种面积,江西,177.19,千公顷
2021,花生,播种面积,山东,631.74,千公顷
2021,花生,播种面积,河南,1292.93,千公顷
2021,花生,播种面积,湖北,244.67,千公顷
2021,花生,播种面积,湖南,113.99,千公顷
2021,花生,播种面积,广东,349.68,千公顷
2021,花生,播种面积,广西,226.25,千公顷
2021,花生,播种面积,海南,29.73,千公顷
2021,花生,播种面积,重庆,63.55,千公顷
2021,花生,播种面积,四川,290.19,千公顷
2021,花生,播种面积,贵州,46.47,千公顷
2021,花生,播种面积,云南,44.04,千公顷
2021,花生,播种面积,西藏,0.06,千公顷
2021,花生,播种面积,陕西,37.95,千公顷
2021,花生,播种面积,甘肃,0.37,千公顷
2021,花生,播种面积,宁夏,0.04,千公顷
2021,花生,播种面积,新疆,2.36,千公顷
2021,苎麻,产量,全国,5.40,万吨
2021,苹果园,种植面积,全国,1975.40,千公顷
2021,苹果园,种植面积,北京,5.70,千公顷
2021,苹果园,种植面积,天津,2.50,千公顷
2021,苹果园,种植面积,河北,114.90,千公顷
2021,苹果园,种植面积,山西,139.40,千公顷
2021,苹果园,种植面积,内蒙古,42.30,千公顷
2021,苹果园,种植面积,辽宁,133.36,千公顷
2021,苹果园,种植面积,吉林,6.80,千公顷
2021,苹果园,种植面积,黑龙江,9.51,千公顷
2021,苹果园,种植面积,江苏,28.10,千公顷
2021,苹果园,种植面积,安徽,11.40,千公顷
2021,苹果园,种植面积,福建,0,千公顷
2021,苹果园,种植面积,山东,243.20,千公顷
2021,苹果园,种植面积,河南,105.53,千公顷
2021,苹果园,种植面积,湖北,0.70,千公顷
2021,苹果园,种植面积,重庆,0.60,千公顷
2021,苹果园,种植面积,四川,46.70,千公顷
2021,苹果园,种植面积,贵州,42.80,千公顷
2021,苹果园,种植面积,云南,55.90,千公顷
2021,苹果园,种植面积,陕西,621.10,千公顷
2021,苹果园,种植面积,甘肃,251.57,千公顷
2021,苹果园,种植面积,青海,0.70,千公顷
2021,苹果园,种植面积,宁夏,28.30,千公顷
2021,苹果园,种植面积,新疆,82.10,千公顷
2021,茶叶,产量,西藏,67.20,吨
2021,茶园,种植面积,全国,3307.80,千公顷
2021,茶园,种植面积,河北,0.02,千公顷
2021,茶园,种植面积,山西,1.10,千公顷
2021,茶园,种植面积,内蒙古,0,千公顷
2021,茶园,种植面积,上海,0.17,千公顷
2021,茶园,种植面积,江苏,34.20,千公顷
2021,茶园,种植面积,浙江,206.20,千公顷
2021,茶园,种植面积,安徽,205,千公顷
2021,茶园,种植面积,福建,232.10,千公顷
2021,茶园,种植面积,江西,117.10,千公顷
2021,茶园,种植面积,山东,26.90,千公顷
2021,茶园,种植面积,河南,115.80,千公顷
2021,茶园,种植面积,湖北,369.10,千公顷
2021,茶园,种植面积,广东,89.30,千公顷
2021,茶园,种植面积,广西,96.10,千公顷
2021,茶园,种植面积,海南,2.30,千公顷
2021,茶园,种植面积,重庆,54.30,千公顷
2021,茶园,种植面积,四川,404.80,千公顷
2021,茶园,种植面积,贵州,472.20,千公顷
2021,茶园,种植面积,云南,504.60,千公顷
2021,茶园,种植面积,西藏,4.30,千公顷
2021,茶园,种植面积,陕西,156.50,千公顷
2021,茶园,种植面积,甘肃,12.30,千公顷
2021,草莓,产量,全国,371.50,万吨
2021,草莓,播种面积,全国,139.30,千公顷
2021,菠萝,产量,全国,1886000,吨
2021,菠萝,产量,福建,17000,吨
2021,菠萝,产量,广东,1260000,吨
2021,菠萝,产量,广西,32000,吨
2021,菠萝,产量,海南,450000,吨
2021,菠萝,产量,四川,1000,吨
2021,菠萝,产量,云南,126000,吨
2021,葡萄园,种植面积,北京,1.90,千公顷
2021,葡萄园,种植面积,天津,3,千公顷
2021,葡萄园,种植面积,河北,42.30,千公顷
2021,葡萄园,种植面积,山西,16.10,千公顷
2021,葡萄园,种植面积,内蒙古,4.70,千公顷
2021,葡萄园,种植面积,辽宁,31.85,千公顷
2021,葡萄园,种植面积,吉林,4.90,千公顷
2021,葡萄园,种植面积,黑龙江,3.06,千公顷
2021,葡萄园,种植面积,上海,2.40,千公顷
2021,葡萄园,种植面积,江苏,33.30,千公顷
2021,葡萄园,种植面积,浙江,30.80,千公顷
2021,葡萄园,种植面积,安徽,26.40,千公顷
2021,葡萄园,种植面积,福建,10.80,千公顷
2021,葡萄园,种植面积,江西,9.20,千公顷
2021,葡萄园,种植面积,山东,36.20,千公顷
2021,葡萄园,种植面积,河南,37.54,千公顷
2021,葡萄园,种植面积,湖北,16.90,千公顷
2021,葡萄园,种植面积,湖南,28.10,千公顷
2021,葡萄园,种植面积,广西,31.30,千公顷
2021,葡萄园,种植面积,四川,36.40,千公顷
2021,葡萄园,种植面积,贵州,28.30,千公顷
2021,葡萄园,种植面积,云南,37.80,千公顷
2021,葡萄园,种植面积,西藏,0.30,千公顷
2021,葡萄园,种植面积,陕西,50.60,千公顷
2021,葡萄园,种植面积,甘肃,15.72,千公顷
2021,葡萄园,种植面积,青海,0,千公顷
2021,葡萄园,种植面积,宁夏,30.50,千公顷
2021,葡萄园,种植面积,新疆,118.30,千公顷
2021,蔬菜(含菜用瓜),播种面积,全国,21985.70,千公顷
2021,蚕茧,产量,全国,781567,吨
2021,西瓜,播种面积,全国,1475.60,千公顷
2021,谷子,产量,全国,288.60,万吨
2021,谷子,产量,北京,0.30,万吨
2021,谷子,产量,天津,0.05,万吨
2021,谷子,产量,河北,40.40,万吨
2021,谷子,产量,山西,50.50,万吨
2021,谷子,产量,内蒙古,110.20,万吨
2021,谷子,产量,辽宁,24.91,万吨
2021,谷子,产量,黑龙江,2.60,万吨
2021,谷子,产量,江苏,0,万吨
2021,谷子,产量,安徽,0.30,万吨
2021,谷子,产量,山东,12.10,万吨
2021,谷子,产量,河南,10,万吨
2021,谷子,产量,湖北,0,万吨
2021,谷子,产量,广东,0,万吨
2021,谷子,产量,广西,0.70,万吨
2021,谷子,产量,贵州,0.80,万吨
2021,谷子,产量,云南,0.20,万吨
2021,谷子,产量,陕西,13.30,万吨
2021,谷子,产量,甘肃,2.80,万吨
2021,谷子,产量,宁夏,2.50,万吨
2021,谷子,产量,新疆,0.70,万吨
2021,谷子,播种面积,全国,928.50,千公顷
2021,谷子,播种面积,北京,1.10,千公顷
2021,谷子,播种面积,天津,0.10,千公顷
2021,谷子,播种面积,河北,124.10,千公顷
2021,谷子,播种面积,山西,221,千公顷
2021,谷子,播种面积,辽宁,68.44,千公顷
2021,谷子,播种面积,吉林,44.10,千公顷
2021,谷子,播种面积,黑龙江,7.60,千公顷
2021,谷子,播种面积,江苏,0.10,千公顷
2021,谷子,播种面积,安徽,1.30,千公顷
2021,谷子,播种面积,山东,32.70,千公顷
2021,谷子,播种面积,河南,28,千公顷
2021,谷子,播种面积,湖北,0.10,千公顷
2021,谷子,播种面积,广东,0.10,千公顷
2021,谷子,播种面积,广西,3.20,千公顷
2021,谷子,播种面积,贵州,3.60,千公顷
2021,谷子,播种面积,云南,0.90,千公顷
2021,谷子,播种面积,陕西,73.20,千公顷
2021,谷子,播种面积,甘肃,12,千公顷
2021,谷子,播种面积,宁夏,18.20,千公顷
2021,谷子,播种面积,新疆,2.10,千公顷
2021,青茶,产量,全国,325701,吨
2021,青茶,产量,山西,6,吨
2021,青茶,产量,浙江,372,吨
2021,青茶,产量,福建,250716,吨
2021,青茶,产量,江西,780,吨
2021,青茶,产量,湖北,1227,吨
2021,青茶,产量,湖南,851,吨
2021,青茶,产量,广东,64361,吨
2021,青茶,产量,广西,712,吨
2021,青茶,产量,重庆,152,吨
2021,青茶,产量,四川,4608,吨
2021,青茶,产量,贵州,1272,吨
2021,青茶,产量,云南,593,吨
2021,青茶,产量,西藏,10,吨
2021,青饲料,播种面积,全国,2575,千公顷
2021,青饲料,播种面积,北京,4.30,千公顷
2021,青饲料,播种面积,天津,1.80,千公顷
2021,青饲料,播种面积,河北,98.70,千公顷
2021,青饲料,播种面积,山西,29.10,千公顷
2021,青饲料,播种面积,内蒙古,404.20,千公顷
2021,青饲料,播种面积,辽宁,25.90,千公顷
2021,青饲料,播种面积,吉林,6.20,千公顷
2021,青饲料,播种面积,上海,2.60,千公顷
2021,青饲料,播种面积,江苏,26.70,千公顷
2021,青饲料,播种面积,浙江,5.70,千公顷
2021,青饲料,播种面积,安徽,13.80,千公顷
2021,青饲料,播种面积,福建,3.40,千公顷
2021,青饲料,播种面积,江西,60,千公顷
2021,青饲料,播种面积,山东,16.20,千公顷
2021,青饲料,播种面积,河南,7.70,千公顷
2021,青饲料,播种面积,湖北,66.40,千公顷
2021,青饲料,播种面积,湖南,143.20,千公顷
2021,青饲料,播种面积,广东,45.60,千公顷
2021,青饲料,播种面积,广西,86.60,千公顷
2021,青饲料,播种面积,海南,0.40,千公顷
2021,青饲料,播种面积,重庆,50.40,千公顷
2021,青饲料,播种面积,四川,142.40,千公顷
2021,青饲料,播种面积,贵州,174.40,千公顷
2021,青饲料,播种面积,云南,205.80,千公顷
2021,青饲料,播种面积,西藏,37.40,千公顷
2021,青饲料,播种面积,陕西,32.90,千公顷
2021,青饲料,播种面积,青海,50.50,千公顷
2021,青饲料,播种面积,宁夏,166.16,千公顷
2021,青饲料,播种面积,新疆,482.10,千公顷
2021,香蕉园,种植面积,全国,325.90,千公顷
2021,香蕉园,种植面积,福建,11.80,千公顷
2021,香蕉园,种植面积,广东,111.40,千公顷
2021,香蕉园,种植面积,广西,77.70,千公顷
2021,香蕉园,种植面积,海南,29.90,千公顷
2021,香蕉园,种植面积,重庆,0.10,千公顷
2021,香蕉园,种植面积,四川,1.90,千公顷
2021,香蕉园,种植面积,贵州,11,千公顷
2021,香蕉园,种植面积,云南,82,千公顷
2021,马铃薯,产量,全国,1790.70,万吨
2021,马铃薯,产量,天津,0.20,万吨
2021,马铃薯,产量,河北,93.60,万吨
2021,马铃薯,产量,山西,57,万吨
2021,马铃薯,产量,内蒙古,122.90,万吨
2021,马铃薯,产量,辽宁,18.30,万吨
2021,马铃薯,产量,吉林,23.40,万吨
2021,马铃薯,产量,浙江,10.60,万吨
2021,马铃薯,产量,安徽,1.30,万吨
2021,马铃薯,产量,福建,21.30,万吨
2021,马铃薯,产量,江西,14.20,万吨
2021,马铃薯,产量,湖北,78.60,万吨
2021,马铃薯,产量,湖南,29.80,万吨
2021,马铃薯,产量,广东,21.90,万吨
2021,马铃薯,产量,广西,12.60,万吨
2021,马铃薯,产量,海南,0,万吨
2021,马铃薯,产量,重庆,119.80,万吨
2021,马铃薯,产量,四川,292.40,万吨
2021,马铃薯,产量,贵州,244.20,万吨
2021,马铃薯,产量,云南,197.20,万吨
2021,马铃薯,产量,西藏,0.40,万吨
2021,马铃薯,产量,陕西,90.10,万吨
2021,马铃薯,产量,甘肃,224.60,万吨
2021,马铃薯,产量,青海,30.18,万吨
2021,马铃薯,产量,宁夏,36.19,万吨
2021,马铃薯,产量,新疆,18.50,万吨
2021,高粱,产量,北京,0.10,万吨
2021,高粱,产量,天津,3.20,万吨
2021,高粱,产量,河北,11.30,万吨
2021,高粱,产量,山西,35.90,万吨
2021,高粱,产量,内蒙古,94.20,万吨
2021,高粱,产量,辽宁,24.41,万吨
2021,高粱,产量,吉林,49.76,万吨
2021,高粱,产量,黑龙江,11.70,万吨
2021,高粱,产量,江苏,0.40,万吨
2021,高粱,产量,安徽,3.60,万吨
2021,高粱,产量,福建,0,万吨
2021,高粱,产量,江西,0.40,万吨
2021,高粱,产量,山东,0.70,万吨
2021,高粱,产量,河南,4.70,万吨
2021,高粱,产量,湖北,2.30,万吨
2021,高粱,产量,湖南,3.90,万吨
2021,高粱,产量,广东,0,万吨
2021,高粱,产量,广西,1,万吨
2021,高粱,产量,重庆,6.70,万吨
2021,高粱,产量,贵州,34.30,万吨
2021,高粱,产量,云南,1.20,万吨
2021,高粱,产量,陕西,6.20,万吨
2021,高粱,产量,甘肃,2.70,万吨
2021,高粱,产量,宁夏,0.50,万吨
2021,高粱,产量,新疆,6.80,万吨
2021,高粱,播种面积,全国,713.20,千公顷
2021,高粱,播种面积,北京,0.30,千公顷
2021,高粱,播种面积,天津,6.70,千公顷
2021,高粱,播种面积,河北,28.10,千公顷
2021,高粱,播种面积,山西,104.80,千公顷
2021,高粱,播种面积,内蒙古,160.10,千公顷
2021,高粱,播种面积,辽宁,44,千公顷
2021,高粱,播种面积,吉林,73.81,千公顷
2021,高粱,播种面积,黑龙江,24,千公顷
2021,高粱,播种面积,江苏,0.70,千公顷
2021,高粱,播种面积,安徽,6.50,千公顷
2021,高粱,播种面积,福建,0,千公顷
2021,高粱,播种面积,江西,3.20,千公顷
2021,高粱,播种面积,河南,12.70,千公顷
2021,高粱,播种面积,湖北,6,千公顷
2021,高粱,播种面积,湖南,9,千公顷
2021,高粱,播种面积,广东,0.10,千公顷
2021,高粱,播种面积,广西,3.70,千公顷
2021,高粱,播种面积,重庆,17,千公顷
2021,高粱,播种面积,四川,64,千公顷
2021,高粱,播种面积,贵州,101.20,千公顷
2021,高粱,播种面积,云南,4.10,千公顷
2021,高粱,播种面积,陕西,22.90,千公顷
2021,高粱,播种面积,甘肃,7.10,千公顷
2021,高粱,播种面积,宁夏,0.70,千公顷
2021,高粱,播种面积,新疆,10.50,千公顷
2021,麻类,产量,全国,21.14,万吨
2021,麻类,产量,河北,0,万吨
2021,麻类,产量,山西,0.16,万吨
2021,麻类,产量,内蒙古,0.09,万吨
2021,麻类,产量,黑龙江,11.03,万吨
2021,麻类,产量,江苏,0.05,万吨
2021,麻类,产量,安徽,0.96,万吨
2021,麻类,产量,福建,0,万吨
2021,麻类,产量,江西,0.43,万吨
2021,麻类,产量,山东,0,万吨
2021,麻类,产量,河南,0.60,万吨
2021,麻类,产量,湖北,0.86,万吨
2021,麻类,产量,湖南,0.38,万吨
2021,麻类,产量,广东,0.02,万吨
2021,麻类,产量,广西,0.78,万吨
2021,麻类,产量,海南,0,万吨
2021,麻类,产量,重庆,0.32,万吨
2021,麻类,产量,四川,3.26,万吨
2021,麻类,产量,贵州,0.02,万吨
2021,麻类,产量,云南,0.17,万吨
2021,麻类,产量,陕西,0.06,万吨
2021,麻类,产量,甘肃,0.18,万吨
2021,麻类,产量,新疆,1.76,万吨
2021,麻类,播种面积,全国,56.69,千公顷
2021,麻类,播种面积,河北,0,千公顷
2021,麻类,播种面积,内蒙古,0.42,千公顷
2021,麻类,播种面积,黑龙江,15.85,千公顷
2021,麻类,播种面积,江苏,0.20,千公顷
2021,麻类,播种面积,浙江,0.02,千公顷
2021,麻类,播种面积,安徽,2.13,千公顷
2021,麻类,播种面积,福建,0,千公顷
2021,麻类,播种面积,江西,2.33,千公顷
2021,麻类,播种面积,山东,0.03,千公顷
2021,麻类,播种面积,河南,1.35,千公顷
2021,麻类,播种面积,湖北,3.54,千公顷
2021,麻类,播种面积,湖南,1.61,千公顷
2021,麻类,播种面积,广东,0.06,千公顷
2021,麻类,播种面积,广西,2.60,千公顷
2021,麻类,播种面积,海南,0,千公顷
2021,麻类,播种面积,重庆,1.79,千公顷
2021,麻类,播种面积,四川,18.31,千公顷
2021,麻类,播种面积,贵州,0.16,千公顷
2021,麻类,播种面积,云南,0.56,千公顷
2021,麻类,播种面积,陕西,0.40,千公顷
2021,麻类,播种面积,新疆,3.73,千公顷
2021,黄红麻,产量,全国,1.57,万吨
2021,黄红麻,产量,浙江,0,万吨
2021,黄红麻,产量,安徽,0.22,万吨
2021,黄红麻,产量,福建,0,万吨
2021,黄红麻,产量,江西,0,万吨
2021,黄红麻,产量,河南,0.60,万吨
2021,黄红麻,产量,湖南,0.03,万吨
2021,黄红麻,产量,广东,0.02,万吨
2021,黄红麻,产量,广西,0.67,万吨
2021,黄红麻,产量,海南,0,万吨
2021,黄红麻,产量,重庆,0,万吨
2021,黄红麻,产量,四川,0.02,万吨
2021,黄红麻,产量,陕西,0,万吨
2021,黄红麻,播种面积,全国,4.40,千公顷
2021,黄红麻,播种面积,浙江,0,千公顷
2021,黄红麻,播种面积,安徽,0.60,千公顷
2021,黄红麻,播种面积,福建,0,千公顷
2021,黄红麻,播种面积,江西,0,千公顷
2021,黄红麻,播种面积,湖南,0.10,千公顷
2021,黄红麻,播种面积,广东,0.10,千公顷
2021,黄红麻,播种面积,广西,2.17,千公顷
2021,黄红麻,播种面积,海南,0,千公顷
2021,黄红麻,播种面积,重庆,0.01,千公顷
2021,黄红麻,播种面积,四川,0.10,千公顷
2021,黄茶,产量,全国,12078,吨
2021,黄茶,产量,安徽,8062,吨
2021,黄茶,产量,江西,295,吨
2021,黄茶,产量,湖北,525,吨
2021,黄茶,产量,湖南,780,吨
2021,黄茶,产量,广东,957,吨
2021,黄茶,产量,四川,430,吨
2021,黄茶,产量,贵州,91,吨
2021,黄茶,产量,云南,1,吨
2021,黑茶,产量,全国,211356,吨
2021,黑茶,产量,山西,12,吨
2021,黑茶,产量,江苏,3,吨
2021,黑茶,产量,浙江,435,吨
2021,黑茶,产量,江西,60,吨
2021,黑茶,产量,河南,52,吨
2021,黑茶,产量,湖北,67661,吨
2021,黑茶,产量,湖南,101861,吨
2021,黑茶,产量,广西,6204,吨
2021,黑茶,产量,四川,25846,吨
2021,黑茶,产量,贵州,4536,吨
2021,黑茶,产量,云南,22,吨
2021,黑茶,产量,西藏,2,吨
2021,黑茶,产量,陕西,4429,吨
2020,亚麻,产量,全国,4.40,万吨
2020,亚麻,播种面积,全国,8.20,千公顷
2020,人均糖料,产量,全国,85.10,公斤
2020,其他谷物,产量,全国,996.40,万吨
2020,其他谷物,产量,北京,0.40,万吨
2020,其他谷物,产量,天津,3.50,万吨
2020,其他谷物,产量,河北,77.70,万吨
2020,其他谷物,产量,山西,113.10,万吨
2020,其他谷物,产量,内蒙古,245,万吨
2020,其他谷物,产量,吉林,58,万吨
2020,其他谷物,产量,黑龙江,15.40,万吨
2020,其他谷物,产量,上海,0.30,万吨
2020,其他谷物,产量,江苏,23.80,万吨
2020,其他谷物,产量,浙江,4.20,万吨
2020,其他谷物,产量,安徽,6.40,万吨
2020,其他谷物,产量,福建,1.60,万吨
2020,其他谷物,产量,江西,1.10,万吨
2020,其他谷物,产量,山东,13,万吨
2020,其他谷物,产量,河南,22.60,万吨
2020,其他谷物,产量,湖北,4.80,万吨
2020,其他谷物,产量,湖南,7,万吨
2020,其他谷物,产量,广东,0.60,万吨
2020,其他谷物,产量,广西,3.10,万吨
2020,其他谷物,产量,重庆,7.30,万吨
2020,其他谷物,产量,四川,49.80,万吨
2020,其他谷物,产量,贵州,34.80,万吨
2020,其他谷物,产量,云南,54.90,万吨
2020,其他谷物,产量,西藏,79.80,万吨
2020,其他谷物,产量,甘肃,54.80,万吨
2020,其他谷物,产量,青海,19.70,万吨
2020,其他谷物,产量,宁夏,11.10,万吨
2020,其他谷物,产量,新疆,5,万吨
2020,其他谷物,播种面积,全国,3244.40,千公顷
2020,其他谷物,播种面积,北京,1.60,千公顷
2020,其他谷物,播种面积,天津,8.10,千公顷
2020,其他谷物,播种面积,河北,323.20,千公顷
2020,其他谷物,播种面积,山西,482.30,千公顷
2020,其他谷物,播种面积,内蒙古,708.20,千公顷
2020,其他谷物,播种面积,辽宁,121.30,千公顷
2020,其他谷物,播种面积,吉林,114.60,千公顷
2020,其他谷物,播种面积,黑龙江,36.90,千公顷
2020,其他谷物,播种面积,上海,0.60,千公顷
2020,其他谷物,播种面积,江苏,43.80,千公顷
2020,其他谷物,播种面积,浙江,11.60,千公顷
2020,其他谷物,播种面积,安徽,12,千公顷
2020,其他谷物,播种面积,福建,4.30,千公顷
2020,其他谷物,播种面积,江西,6.20,千公顷
2020,其他谷物,播种面积,河南,59.50,千公顷
2020,其他谷物,播种面积,湖北,14.20,千公顷
2020,其他谷物,播种面积,湖南,19,千公顷
2020,其他谷物,播种面积,广东,2,千公顷
2020,其他谷物,播种面积,广西,17,千公顷
2020,其他谷物,播种面积,重庆,20.70,千公顷
2020,其他谷物,播种面积,四川,141.80,千公顷
2020,其他谷物,播种面积,贵州,125,千公顷
2020,其他谷物,播种面积,云南,197.60,千公顷
2020,其他谷物,播种面积,西藏,140.10,千公顷
2020,其他谷物,播种面积,陕西,219.50,千公顷
2020,其他谷物,播种面积,甘肃,186.90,千公顷
2020,其他谷物,播种面积,青海,85.50,千公顷
2020,其他谷物,播种面积,宁夏,94.90,千公顷
2020,其他谷物,播种面积,新疆,9.50,千公顷
2020,大麦,产量,全国,203.60,万吨
2020,大麦,产量,内蒙古,5.50,万吨
2020,大麦,产量,黑龙江,0,万吨
2020,大麦,产量,上海,0.30,万吨
2020,大麦,产量,浙江,0.90,万吨
2020,大麦,产量,安徽,0.20,万吨
2020,大麦,产量,福建,0,万吨
2020,大麦,产量,江西,0,万吨
2020,大麦,产量,山东,0.10,万吨
2020,大麦,产量,河南,0,万吨
2020,大麦,产量,湖北,2.30,万吨
2020,大麦,产量,湖南,0.50,万吨
2020,大麦,产量,重庆,0,万吨
2020,大麦,产量,四川,14.60,万吨
2020,大麦,产量,贵州,0.20,万吨
2020,大麦,产量,云南,30,万吨
2020,大麦,产量,西藏,79.50,万吨
2020,大麦,产量,陕西,1.30,万吨
2020,大麦,产量,甘肃,24.80,万吨
2020,大麦,产量,青海,19.20,万吨
2020,大麦,产量,新疆,1.40,万吨
2020,大麦,播种面积,全国,509,千公顷
2020,大麦,播种面积,天津,0,千公顷
2020,大麦,播种面积,黑龙江,0,千公顷
2020,大麦,播种面积,上海,0.50,千公顷
2020,大麦,播种面积,江苏,40.20,千公顷
2020,大麦,播种面积,浙江,2,千公顷
2020,大麦,播种面积,安徽,0.80,千公顷
2020,大麦,播种面积,福建,0,千公顷
2020,大麦,播种面积,江西,0.20,千公顷
2020,大麦,播种面积,山东,0.30,千公顷
2020,大麦,播种面积,河南,0,千公顷
2020,大麦,播种面积,湖北,7,千公顷
2020,大麦,播种面积,湖南,1.40,千公顷
2020,大麦,播种面积,重庆,0.10,千公顷
2020,大麦,播种面积,四川,48.40,千公顷
2020,大麦,播种面积,贵州,1.20,千公顷
2020,大麦,播种面积,云南,97,千公顷
2020,大麦,播种面积,西藏,138.80,千公顷
2020,大麦,播种面积,陕西,3.20,千公顷
2020,大麦,播种面积,甘肃,56.90,千公顷
2020,大麦,播种面积,青海,82.70,千公顷
2020,大麦,播种面积,新疆,3.40,千公顷
2020,大麻(线麻),产量,全国,12.30,万吨
2020,大麻(线麻),播种面积,全国,22.40,千公顷
2020,甜瓜,播种面积,全国,395,千公顷
2020,白茶,产量,全国,59295,吨
2020,白茶,产量,江苏,0,吨
2020,白茶,产量,安徽,1408,吨
2020,白茶,产量,福建,38225,吨
2020,白茶,产量,江西,1829,吨
2020,白茶,产量,湖北,1947,吨
2020,白茶,产量,湖南,1157,吨
2020,白茶,产量,广西,669,吨
2020,白茶,产量,重庆,220,吨
2020,白茶,产量,四川,638,吨
2020,白茶,产量,贵州,10082,吨
2020,白茶,产量,云南,147,吨
2020,白茶,产量,陕西,544,吨
2020,苎麻,产量,全国,5.40,万吨
2020,苎麻,播种面积,全国,29.40,千公顷
2020,草莓,播种面积,全国,131.60,千公顷
2020,蔬菜(含菜用瓜),播种面积,全国,21485.50,千公顷
2020,西瓜,播种面积,全国,1528.10,千公顷
2020,青饲料,播种面积,全国,2199.20,千公顷
2020,青饲料,播种面积,北京,4,千公顷
2020,青饲料,播种面积,天津,1.60,千公顷
2020,青饲料,播种面积,河北,98.40,千公顷
2020,青饲料,播种面积,山西,33.30,千公顷
2020,青饲料,播种面积,内蒙古,380.30,千公顷
2020,青饲料,播种面积,辽宁,28,千公顷
2020,青饲料,播种面积,吉林,5.50,千公顷
2020,青饲料,播种面积,黑龙江,32.20,千公顷
2020,青饲料,播种面积,上海,3.10,千公顷
2020,青饲料,播种面积,江苏,26.20,千公顷
2020,青饲料,播种面积,浙江,4.90,千公顷
2020,青饲料,播种面积,安徽,10.80,千公顷
2020,青饲料,播种面积,福建,3.20,千公顷
2020,青饲料,播种面积,江西,69.60,千公顷
2020,青饲料,播种面积,山东,8.70,千公顷
2020,青饲料,播种面积,湖北,63.70,千公顷
2020,青饲料,播种面积,湖南,142.40,千公顷
2020,青饲料,播种面积,广东,46.40,千公顷
2020,青饲料,播种面积,广西,47.50,千公顷
2020,青饲料,播种面积,海南,0.30,千公顷
2020,青饲料,播种面积,重庆,51.50,千公顷
2020,青饲料,播种面积,四川,144.30,千公顷
2020,青饲料,播种面积,贵州,187.50,千公顷
2020,青饲料,播种面积,云南,180.30,千公顷
2020,青饲料,播种面积,西藏,42.30,千公顷
2020,青饲料,播种面积,陕西,29.80,千公顷
2020,青饲料,播种面积,甘肃,124.40,千公顷
2020,青饲料,播种面积,青海,46.20,千公顷
2020,青饲料,播种面积,宁夏,127.60,千公顷
2020,青饲料,播种面积,新疆,249.60,千公顷
2020,黄茶,产量,全国,8826,吨
2020,黄茶,产量,江苏,6,吨
2020,黄茶,产量,安徽,4814,吨
2020,黄茶,产量,江西,254,吨
2020,黄茶,产量,湖南,771,吨
2020,黄茶,产量,广东,783,吨
2020,黄茶,产量,四川,374,吨
2020,黄茶,产量,贵州,121,吨
2020,黄茶,产量,云南,0,吨
